Date	Open	High	Low	Close	Volume	Dividends	Stock Splits
2016-08-17 00:00:00-04:00	11.63646657	11.77021899	11.50271416	11.50271416	271519	0	0
2016-08-18 00:00:00-04:00	11.7702178	11.7702178	11.36896059	11.43583679	1767366	0	0
2016-08-19 00:00:00-04:00	11.42246199	11.63646603	11.40908657	11.63646603	4735900	0	0
2016-08-22 00:00:00-04:00	11.50271414	12.19822707	11.39571166	11.67659283	2245909	0	0
2016-08-23 00:00:00-04:00	11.70334255	12.27847848	11.63646635	12.03772449	1483020	0	0
2016-08-24 00:00:00-04:00	13.37524663	13.37524663	12.06447263	12.19822502	2525979	0	0
2016-08-25 00:00:00-04:00	12.37210414	12.37210414	12.06447396	12.14740086	371646	0	0
2016-08-26 00:00:00-04:00	12.2918526	12.2918526	12.16880035	12.23835182	223415	0	0
2016-08-29 00:00:00-04:00	12.25172654	12.5727321	12.25172654	12.38547802	1390019	0	0
2016-08-30 00:00:00-04:00	12.37210507	12.50585749	11.91734703	12.07784939	4805026	0	0
2016-08-31 00:00:00-04:00	11.97084678	12.06447383	11.77021817	11.95212173	9033877	0	0
2016-09-01 00:00:00-04:00	12.71986073	12.71986073	11.63646603	11.63646603	9048130	0	0
2016-09-02 00:00:00-04:00	11.74614291	11.74614291	11.42246204	11.49736404	8127033	0	0
2016-09-06 00:00:00-04:00	11.5695888	12.37210319	11.24055834	12.15809917	56316264	0	0
2016-09-07 00:00:00-04:00	12.05644916	13.20939533	12.04307374	12.84023857	147907159	0	0
2016-09-08 00:00:00-04:00	12.96061605	13.61332834	12.94991499	13.45817471	41159318	0	0
2016-09-09 00:00:00-04:00	13.32977233	13.42072411	12.87501341	13.12914371	26618101	0	0
2016-09-12 00:00:00-04:00	12.85628802	13.29499624	12.76266188	13.21474552	13989272	0	0
2016-09-13 00:00:00-04:00	12.87501282	13.27894529	12.84291235	12.97398949	18045663	0	0
2016-09-14 00:00:00-04:00	12.94456475	13.00609042	12.84023755	12.93386459	17208658	0	0
2016-09-15 00:00:00-04:00	12.8723394	13.11576955	12.84558855	13.07831764	17208302	0	0
2016-09-16 00:00:00-04:00	13.00876681	13.10506821	12.87233913	12.96596527	17786615	0	0
2016-09-19 00:00:00-04:00	12.90443897	13.07831673	12.88303866	13.04354191	16264400	0	0
2016-09-20 00:00:00-04:00	13.02481559	13.09169178	12.88571266	13.03551483	12000986	0	0
2016-09-21 00:00:00-04:00	12.94189083	13.10774463	12.91246562	12.9525919	14885427	0	0
2016-09-22 00:00:00-04:00	12.97131503	13.0408665	12.81616232	12.84826279	17054370	0	0
2016-09-23 00:00:00-04:00	12.80546163	12.96596396	12.79208621	12.84291172	7449305	0	0
2016-09-26 00:00:00-04:00	12.7653371	12.85628889	12.75463785	12.8108139	10128504	0	0
2016-09-27 00:00:00-04:00	12.78138612	12.8348869	12.74661039	12.78406048	9831330	0	0
2016-09-28 00:00:00-04:00	12.8081365	12.86966307	12.71451036	12.80278778	8013722	0	0
2016-09-29 00:00:00-04:00	12.7359113	12.82151346	12.70916045	12.72521114	5912124	0	0
2016-09-30 00:00:00-04:00	12.78138691	12.86698816	12.7225356	12.78673744	6165827	0	0
2016-10-03 00:00:00-04:00	12.74126064	12.85361364	12.73056139	12.82151318	5345926	0	0
2016-10-04 00:00:00-04:00	12.79476198	12.84023787	12.73858594	12.80278778	5993010	0	0
2016-10-05 00:00:00-04:00	12.77068719	13.07029248	12.70648625	12.96596527	6621209	0	0
2016-10-06 00:00:00-04:00	12.96596422	12.99271507	12.83221182	12.94456482	5139258	0	0
2016-10-07 00:00:00-04:00	12.94456613	12.96596553	12.82418823	12.85896397	3515134	0	0
2016-10-10 00:00:00-04:00	12.85896277	12.94723929	12.66635906	12.71183586	5420398	0	0
2016-10-11 00:00:00-04:00	12.61553425	12.7680117	12.56203256	12.61018372	6247425	0	0
2016-10-12 00:00:00-04:00	12.56203228	12.69311033	12.50853241	12.60215855	5851549	0	0
2016-10-13 00:00:00-04:00	12.54598303	12.69311086	12.47643156	12.60750961	4783291	0	0
2016-10-14 00:00:00-04:00	12.63425992	12.73591187	12.57005898	12.63693428	5453179	0	0
2016-10-17 00:00:00-04:00	12.64228344	12.74928591	12.58075777	12.67705917	4813222	0	0
2016-10-18 00:00:00-04:00	12.71986107	12.78673819	12.57273414	12.75463772	5366949	0	0
2016-10-19 00:00:00-04:00	12.7198604	12.85093754	12.71183642	12.76266193	4452266	0	0
2016-10-20 00:00:00-04:00	12.69578594	12.79743788	12.68776105	12.75998688	3849010	0	0
2016-10-21 00:00:00-04:00	12.69578651	12.73858713	12.59413365	12.63693428	3461329	0	0
2016-10-24 00:00:00-04:00	12.73323645	12.86698886	12.69846071	12.82418823	3621319	0	0
2016-10-25 00:00:00-04:00	12.76801218	12.82418823	12.5272582	12.57005882	5398662	0	0
2016-10-26 00:00:00-04:00	12.53260708	12.66635948	12.47643103	12.49783134	5900722	0	0
2016-10-27 00:00:00-04:00	13.22009584	13.30837236	12.85093816	12.92851543	25078425	0	0
2016-10-28 00:00:00-04:00	12.86966365	13.15321916	12.83756318	13.07296753	13622259	0	0
2016-10-31 00:00:00-04:00	13.10774224	13.23882028	13.05959109	13.13181782	12164182	0	0
2016-11-01 00:00:00-04:00	13.14251922	13.23614536	12.90711486	12.96596527	7967400	0	0
2016-11-02 00:00:00-04:00	12.90443845	13.13449315	12.89106302	13.10774231	6557427	0	0
2016-11-03 00:00:00-04:00	13.09704152	13.22276994	12.96864056	13.04621601	4763693	0	0
2016-11-04 00:00:00-04:00	13.00609112	13.16659437	12.97398974	13.00609112	6307644	0	0
2016-11-07 00:00:00-05:00	13.07831715	13.37524807	13.07831715	13.2468462	4566646	0	0
2016-11-08 00:00:00-05:00	13.24684648	13.35919767	13.23614541	13.2896471	3322719	0	0
2016-11-09 00:00:00-05:00	13.00341647	13.34314803	12.96329111	13.20672035	5840503	0	0
2016-11-10 00:00:00-05:00	13.20404467	13.3886235	12.99806552	13.17729473	5971274	0	0
2016-11-11 00:00:00-05:00	13.16124362	13.22811983	13.06226695	13.14786911	3162017	0	0
2016-11-14 00:00:00-05:00	13.14519357	13.25487131	12.93921533	13.10506821	3504801	0	0
2016-11-15 00:00:00-05:00	13.11576908	13.46352461	13.05959212	13.39664841	6991429	0	0
2016-11-16 00:00:00-05:00	13.34047311	13.59727779	13.30034775	13.54912663	4996372	0	0
2016-11-17 00:00:00-05:00	13.52772574	13.95038325	13.50900069	13.85675621	5726123	0	0
2016-11-18 00:00:00-05:00	13.85140628	14.00120938	13.83000688	13.90758324	4201058	0	0
2016-11-21 00:00:00-05:00	13.88350726	14.10018565	13.88350726	14.02795982	3149190	0	0
2016-11-22 00:00:00-05:00	14.07076052	14.13763672	13.78988029	13.93433285	2856648	0	0
2016-11-23 00:00:00-05:00	13.85675717	14.00120973	13.74440507	13.7872057	2990982	0	0
2016-11-25 00:00:00-05:00	13.75242897	14.02260904	13.73637919	13.96108246	905062	0	0
2016-11-28 00:00:00-05:00	13.91025903	14.01726151	13.85675825	13.94771004	2637865	0	0
2016-11-29 00:00:00-05:00	13.91560848	14.30616556	13.91560848	14.24998951	4771176	0	0
2016-11-30 00:00:00-05:00	14.32489179	14.36501715	14.22591511	14.32756615	5082603	0	0
2016-12-01 00:00:00-05:00	14.32489067	14.3516406	13.71230379	13.87815666	8015860	0	0
2016-12-02 00:00:00-05:00	13.82733202	14.17508847	13.6481028	14.11088753	4767969	0	0
2016-12-05 00:00:00-05:00	14.12961144	14.29278904	14.05203508	14.19381237	6389955	0	0
2016-12-06 00:00:00-05:00	14.12961224	14.31151581	14.10018613	14.27674007	5912124	0	0
2016-12-07 00:00:00-05:00	14.23661355	14.48806858	14.14298741	14.41851711	9804606	0	0
2016-12-08 00:00:00-05:00	14.38374096	14.68602241	14.25801436	14.42386723	8274908	0	0
2016-12-09 00:00:00-05:00	14.40246582	14.57901975	14.33291526	14.43724155	5978401	0	0
2016-12-12 00:00:00-05:00	14.44526705	14.50679363	14.19916255	14.41851711	5849055	0	0
2016-12-13 00:00:00-05:00	14.40514164	14.5790194	14.36234011	14.38374043	4376369	0	0
2016-12-14 00:00:00-05:00	14.35431603	14.56832007	14.3195412	14.50144386	6546737	0	0
2016-12-15 00:00:00-05:00	14.57901935	15.24778133	14.54424271	15.1835804	12845829	0	0
2016-12-16 00:00:00-05:00	15.15148133	15.20498302	14.91875314	15.09798145	21293198	0	0
2016-12-19 00:00:00-05:00	15.02040242	15.17020642	14.93480117	15.08460426	4347863	0	0
2016-12-20 00:00:00-05:00	15.13810569	15.31198437	15.11403012	15.26115704	5251500	0	0
2016-12-21 00:00:00-05:00	15.19160603	15.42166166	15.10332952	15.32535934	3799124	0	0
2016-12-22 00:00:00-05:00	15.26115706	15.26115706	14.83849953	14.93747711	5606755	0	0
2016-12-23 00:00:00-05:00	14.86257622	15.03377964	14.84652644	15.00435352	2123334	0	0
2016-12-27 00:00:00-05:00	15.00435254	15.0979805	14.9562032	14.9936533	3583905	0	0
2016-12-28 00:00:00-05:00	14.99097844	15.03645433	14.7314985	14.80372524	4705612	0	0
2016-12-29 00:00:00-05:00	14.73149737	14.86792504	14.61647002	14.78232288	2970315	0	0
2016-12-30 00:00:00-05:00	14.76627478	14.79302563	14.64589779	14.70474911	2866981	0	0
2017-01-03 00:00:00-05:00	14.73417357	14.78232382	14.48271853	14.5977459	5804515	0	0
2017-01-04 00:00:00-05:00	14.63787128	14.82512446	14.63787128	14.71277237	7486007	0	0
2017-01-05 00:00:00-05:00	14.65927142	14.86525057	14.65927142	14.78499985	2956062	0	0
2017-01-06 00:00:00-05:00	14.85722553	15.23708337	14.80907619	15.19160748	4745520	0	0
2017-01-09 00:00:00-05:00	15.09262883	15.15147923	14.8866497	15.11135387	5008487	0	0
2017-01-10 00:00:00-05:00	15.08728061	15.42701126	15.06855466	15.2451086	5933148	0	0
2017-01-11 00:00:00-05:00	15.30930983	15.42166376	15.25580814	15.40293598	3199788	0	0
2017-01-12 00:00:00-05:00	15.30128369	15.45108588	15.1889325	15.41898632	3034453	0	0
2017-01-13 00:00:00-05:00	15.38420938	15.58751325	15.38153503	15.56076241	5908561	0	0
2017-01-17 00:00:00-05:00	15.53936237	15.77744198	15.42433593	15.49923611	4932234	0	0
2017-01-18 00:00:00-05:00	15.46446182	15.67579242	15.41898683	15.66776752	2487496	0	0
2017-01-19 00:00:00-05:00	15.61426521	15.88711874	15.5393632	15.73196602	4574485	0	0
2017-01-20 00:00:00-05:00	15.7266151	15.90851865	15.71859022	15.85234261	3960183	0	0
2017-01-23 00:00:00-05:00	15.79349093	15.84699262	15.41898459	15.59018707	3911010	0	0
2017-01-24 00:00:00-05:00	15.67579071	16.02889675	15.61693849	15.98877048	7179925	0	0
2017-01-25 00:00:00-05:00	16.05029734	16.13857295	15.92724419	16.06634712	5854400	0	0
2017-01-26 00:00:00-05:00	16.11449771	16.11449771	15.91654438	15.94596958	5667330	0	0
2017-01-27 00:00:00-05:00	16.4435301	16.85281221	16.37130246	16.73243523	10710024	0	0
2017-01-30 00:00:00-05:00	16.61206067	16.73511203	16.4970342	16.70301247	5309581	0	0
2017-01-31 00:00:00-05:00	16.6120599	16.85281389	16.5585582	16.85013771	4879854	0	0
2017-02-01 00:00:00-05:00	16.80466228	16.93306598	16.6388103	16.87956429	5165626	0	0
2017-02-02 00:00:00-05:00	16.79663376	17.14706541	16.72975848	17.10961533	3918137	0	0
2017-02-03 00:00:00-05:00	16.99993856	17.29151802	16.99993856	17.21394348	2343542	0	0
2017-02-06 00:00:00-05:00	17.1283437	17.36642334	17.12031881	17.28884697	5024522	0	0
2017-02-07 00:00:00-05:00	17.35037422	17.42527442	17.24069647	17.35037422	3279248	0	0
2017-02-08 00:00:00-05:00	17.31826945	17.41457176	17.25406852	17.34502029	4484691	0	0
2017-02-09 00:00:00-05:00	17.35572164	17.5964756	17.283494	17.3878212	3731423	0	0
2017-02-10 00:00:00-05:00	17.43864889	17.51355089	17.28884669	17.31559753	3691158	0	0
2017-02-13 00:00:00-05:00	17.35036917	17.55367302	17.32896886	17.34234428	4565221	0	0
2017-02-14 00:00:00-05:00	17.32094737	17.46539903	17.27279621	17.34769821	3974436	0	0
2017-02-15 00:00:00-05:00	17.3289739	17.47075121	17.30222305	17.41992569	2360289	0	0
2017-02-16 00:00:00-05:00	17.441326	17.59647874	17.30757358	17.41992569	4624370	0	0
2017-02-17 00:00:00-05:00	17.39049692	17.46004839	17.2727943	17.27814484	4980694	0	0
2017-02-21 00:00:00-05:00	17.26744583	17.46539919	17.26744583	17.41457367	3629514	0	0
2017-02-22 00:00:00-05:00	17.34769798	17.46005008	17.29419629	17.32629585	3822285	0	0
2017-02-23 00:00:00-05:00	17.35839637	17.38782157	17.09356592	17.15241814	3651963	0	0
2017-02-24 00:00:00-05:00	17.04006526	17.20591722	16.98656358	17.18451691	3058683	0	0
2017-02-27 00:00:00-05:00	17.11496791	17.16846778	17.05344133	17.13101768	6360736	0	0
2017-02-28 00:00:00-05:00	17.02401871	17.10961997	16.93306692	16.98389244	4299403	0	0
2017-03-01 00:00:00-05:00	16.98389083	17.25139565	16.9785403	17.14171791	4997441	0	0
2017-03-02 00:00:00-05:00	17.06681785	17.25139578	16.95981446	16.97854042	2517784	0	0
2017-03-03 00:00:00-05:00	16.8956123	16.9705143	16.78593638	16.9705143	3103580	0	0
2017-03-06 00:00:00-05:00	16.88758631	16.94108799	16.70835712	16.77523422	4740888	0	0
2017-03-07 00:00:00-05:00	16.77523627	16.97586579	16.76721138	16.86618805	3097523	0	0
2017-03-08 00:00:00-05:00	16.89026001	17.10961545	16.8688597	16.99191284	4431955	0	0
2017-03-09 00:00:00-05:00	16.9384121	16.97318784	16.76988398	16.88758659	3310961	0	0
2017-03-10 00:00:00-05:00	16.95981421	17.07484248	16.82873798	16.98121452	2885154	0	0
2017-03-13 00:00:00-04:00	16.93306476	17.07751642	16.88758796	16.98656464	5339512	0	0
2017-03-14 00:00:00-04:00	16.98924116	17.02669307	16.81001375	16.98389244	3095029	0	0
2017-03-15 00:00:00-04:00	17.00261509	17.14974292	16.93038926	17.04809189	3156316	0	0
2017-03-16 00:00:00-04:00	17.06681568	17.18184213	16.94911307	17.12031555	4127299	0	0
2017-03-17 00:00:00-04:00	17.20859649	17.3209486	17.11497034	17.17114639	3320225	0	0
2017-03-20 00:00:00-04:00	17.13636382	17.19521603	17.02936228	17.13903999	2417657	0	0
2017-03-21 00:00:00-04:00	17.18719483	17.22464674	16.64951077	16.70301247	4250943	0	0
2017-03-22 00:00:00-04:00	16.70835687	16.90631201	16.67625731	16.84745979	2596888	0	0
2017-03-23 00:00:00-04:00	16.84478706	17.02669062	16.72708444	16.87421227	2846671	0	0
2017-03-24 00:00:00-04:00	16.9705139	17.14706692	16.82873661	16.95178795	2713049	0	0
2017-03-27 00:00:00-04:00	16.79128471	17.03204048	16.67358391	16.95178795	2968534	0	0
2017-03-28 00:00:00-04:00	16.90898867	17.14974264	16.90898867	17.00529099	5148166	0	0
2017-03-29 00:00:00-04:00	16.97586419	17.12299201	16.92503868	17.09356499	4949338	0	0
2017-03-30 00:00:00-04:00	17.09356496	17.46272259	17.0400651	17.11764145	9212396	0	0
2017-03-31 00:00:00-04:00	17.10961835	17.22731916	17.04809177	17.14171791	6281632	0	0
2017-04-03 00:00:00-04:00	17.11764257	17.36642142	16.99726377	17.08019066	6089574	0	0
2017-04-04 00:00:00-04:00	17.05076395	17.28081865	17.03738853	17.16846657	5680158	0	0
2017-04-05 00:00:00-04:00	17.23801967	17.36909771	17.07751642	17.12566757	7759307	0	0
2017-04-06 00:00:00-04:00	17.15241637	17.25139303	17.08018874	17.17381668	6751980	0	0
2017-04-07 00:00:00-04:00	17.20592048	17.37712482	17.17382091	17.35304832	5746434	0	0
2017-04-10 00:00:00-04:00	17.35572366	17.4573747	17.29419708	17.36374855	7153200	0	0
2017-04-11 00:00:00-04:00	17.36910033	17.44132617	17.21127142	17.41724968	5299604	0	0
2017-04-12 00:00:00-04:00	17.28349343	17.36642031	17.04541383	17.09356499	4598359	0	0
2017-04-13 00:00:00-04:00	17.07484234	17.24604484	17.04274096	17.09891701	3780952	0	0
2017-04-17 00:00:00-04:00	17.10961837	17.21126941	17.10961837	17.18719292	2295082	0	0
2017-04-18 00:00:00-04:00	17.12566894	17.29419709	17.05611746	17.22464561	2970672	0	0
2017-04-19 00:00:00-04:00	17.30757139	17.30757139	17.22999503	17.26209641	2495336	0	0
2017-04-20 00:00:00-04:00	17.27012266	17.39584837	17.15509438	17.36107445	3361915	0	0
2017-04-21 00:00:00-04:00	17.39584744	17.39584744	17.17916814	17.23266983	5961653	0	0
2017-04-24 00:00:00-04:00	17.38782189	17.71952764	17.36642158	17.70347786	8070021	0	0
2017-04-25 00:00:00-04:00	17.82920741	17.90945813	17.72488019	17.74895668	7657755	0	0
2017-04-26 00:00:00-04:00	17.74895626	18.06728662	17.74895626	17.93888474	5431444	0	0
2017-04-27 00:00:00-04:00	18.0565831	18.08065959	17.9388823	18.03785896	3114270	0	0
2017-04-28 00:00:00-04:00	18.04588329	18.12345964	17.82385347	17.95225716	3107144	0	0
2017-05-01 00:00:00-04:00	18.04053402	18.11275985	17.93353246	18.07530975	6160839	0	0
2017-05-02 00:00:00-04:00	18.07530863	18.1368352	17.83990521	17.90410614	4057459	0	0
2017-05-03 00:00:00-04:00	17.87735679	17.87735679	17.65532696	17.70080376	3095741	0	0
2017-05-04 00:00:00-04:00	17.70347674	17.79710469	17.62322421	17.74092865	3128167	0	0
2017-05-05 00:00:00-04:00	17.7462806	18.02448466	17.72755282	18.00040817	5035924	0	0
2017-05-08 00:00:00-04:00	18.02716105	18.18766433	17.93888544	18.091362	7401202	0	0
2017-05-09 00:00:00-04:00	18.08333434	18.25721301	17.93620833	17.98703384	4447990	0	0
2017-05-10 00:00:00-04:00	17.96295727	18.03518491	17.80780455	17.91748047	3982987	0	0
2017-05-11 00:00:00-04:00	17.78640461	17.82118035	17.62857572	17.68207741	4992096	0	0
2017-05-12 00:00:00-04:00	17.6820799	17.75698191	17.37444878	17.37444878	21295692	0	0
2017-05-15 00:00:00-04:00	17.39584692	17.80513085	17.35037193	17.72487831	5009200	0	0
2017-05-16 00:00:00-04:00	17.76500416	17.91213198	17.75697927	17.79977989	4190368	0	0
2017-05-17 00:00:00-04:00	17.58845318	17.6927804	17.35037355	17.35839844	4093804	0	0
2017-05-18 00:00:00-04:00	17.26209536	17.34769661	17.10961701	17.29686928	5006706	0	0
2017-05-19 00:00:00-04:00	17.33699364	17.56169779	17.33164311	17.36641884	2515646	0	0
2017-05-22 00:00:00-04:00	17.50017425	18.05658419	17.4600498	18.02448463	8428127	0	0
2017-05-23 00:00:00-04:00	18.15288651	18.18498789	17.92283179	18.02448463	5048039	0	0
2017-05-24 00:00:00-04:00	18.08065881	18.22243609	18.02180659	18.20906067	4219943	0	0
2017-05-25 00:00:00-04:00	18.26523522	18.47924012	18.23848438	18.36688805	6005125	0	0
2017-05-26 00:00:00-04:00	18.33211682	18.47924466	18.27326459	18.40434265	3119259	0	0
2017-05-30 00:00:00-04:00	18.40433802	18.54878965	18.3401371	18.3909626	8069309	0	0
2017-05-31 00:00:00-04:00	18.47121635	18.56216812	18.13148393	18.56216812	33497644	0	0
2017-06-01 00:00:00-04:00	18.59159386	18.65044608	18.38294127	18.53274345	8742048	0	0
2017-06-02 00:00:00-04:00	18.30001231	18.46854043	17.83187802	18.25721169	7983078	0	0
2017-06-05 00:00:00-04:00	18.22778826	18.24383804	17.76767882	17.81850433	9112269	0	0
2017-06-06 00:00:00-04:00	17.84525699	18.00575843	17.72487819	17.95760727	5250431	0	0
2017-06-07 00:00:00-04:00	17.95760713	18.15556047	17.92283139	18.14486122	5694767	0	0
2017-06-08 00:00:00-04:00	17.83455687	18.05123617	17.04006728	17.41457367	12860082	0	0
2017-06-09 00:00:00-04:00	17.38782157	17.44132326	16.54785705	16.73510933	13264510	0	0
2017-06-12 00:00:00-04:00	16.66823348	16.75383472	16.47027833	16.64950752	9134004	0	0
2017-06-13 00:00:00-04:00	16.68428382	16.90096311	16.56658119	16.8046608	6109528	0	0
2017-06-14 00:00:00-04:00	16.91969013	16.93573991	16.49970693	16.63078499	4065655	0	0
2017-06-15 00:00:00-04:00	16.5211066	16.56390723	16.25627615	16.54518127	7071602	0	0
2017-06-16 00:00:00-04:00	16.54518102	16.67090853	16.54518102	16.61740685	6409553	0	0
2017-06-19 00:00:00-04:00	16.71905902	16.8982864	16.66555733	16.764534	2799636	0	0
2017-06-20 00:00:00-04:00	16.78058774	16.81803784	16.6174083	16.64683533	3163443	0	0
2017-06-21 00:00:00-04:00	16.78058654	16.9999402	16.76721112	16.93841362	3823711	0	0
2017-06-22 00:00:00-04:00	16.99993871	17.14974088	16.93841214	17.00261307	3034097	0	0
2017-06-23 00:00:00-04:00	16.96516743	17.21127197	16.94109276	17.01866913	23029564	0	0
2017-06-26 00:00:00-04:00	17.06414209	17.21394611	16.93306586	16.97319031	3548985	0	0
2017-06-27 00:00:00-04:00	16.94643752	16.95981294	16.56925681	16.57995605	5902860	0	0
2017-06-28 00:00:00-04:00	16.66555864	16.8260619	16.56658197	16.77256203	5792756	0	0
2017-06-29 00:00:00-04:00	16.66288612	16.70568675	16.12252589	16.26430321	6447679	0	0
2017-06-30 00:00:00-04:00	16.26965074	16.43015398	16.26162585	16.3472271	2801061	0	0
2017-07-03 00:00:00-04:00	16.3525809	16.57728512	16.14660263	16.14660263	2397703	0	0
2017-07-05 00:00:00-04:00	16.12520025	16.3178049	16.0315741	16.26430321	3322363	0	0
2017-07-06 00:00:00-04:00	16.13589859	16.29372748	16.09577233	16.27500153	4698486	0	0
2017-07-07 00:00:00-04:00	16.30442906	16.51575785	16.28035439	16.45423126	1986862	0	0
2017-07-10 00:00:00-04:00	16.46760503	16.5077313	16.33117827	16.45155525	2479301	0	0
2017-07-11 00:00:00-04:00	16.43817941	16.58263288	16.34990381	16.45690536	3818010	0	0
2017-07-12 00:00:00-04:00	16.56658351	16.56658351	16.39805535	16.47563171	3663721	0	0
2017-07-13 00:00:00-04:00	16.47562857	16.51307866	16.34455235	16.39805222	2745475	0	0
2017-07-14 00:00:00-04:00	16.40340494	16.4515561	16.34455453	16.37130356	1488721	0	0
2017-07-17 00:00:00-04:00	16.39805489	16.8554882	16.31245363	16.82873917	4002585	0	0
2017-07-18 00:00:00-04:00	16.76988327	16.82873549	16.68695821	16.78058434	2908315	0	0
2017-07-19 00:00:00-04:00	16.81001255	17.0373911	16.77256245	17.02134132	6733095	0	0
2017-07-20 00:00:00-04:00	17.10961574	17.12833988	16.99191313	17.10426521	2800349	0	0
2017-07-21 00:00:00-04:00	17.10694258	17.13101907	16.95178985	17.02134132	2195667	0	0
2017-07-24 00:00:00-04:00	17.01331559	17.08019089	16.96249008	17.03204155	2049218	0	0
2017-07-25 00:00:00-04:00	17.04809422	17.1711474	16.93306775	17.04274368	2188541	0	0
2017-07-26 00:00:00-04:00	17.13636682	17.17381873	17.04274068	17.12566757	3224374	0	0
2017-07-27 00:00:00-04:00	17.17381998	17.17381998	16.85548781	16.99459076	2235576	0	0
2017-07-28 00:00:00-04:00	16.93573995	17.07751726	16.86351412	17.04541588	1592411	0	0
2017-07-31 00:00:00-04:00	17.1203172	17.26477067	17.09356636	17.19254303	2475381	0	0
2017-08-01 00:00:00-04:00	17.26477202	17.28884669	17.10961929	17.24604607	2052781	0	0
2017-08-02 00:00:00-04:00	17.25139497	17.25139497	16.96784038	17.08019066	2658888	0	0
2017-08-03 00:00:00-04:00	17.0373923	17.15242058	16.97586753	17.12299538	1309134	0	0
2017-08-04 00:00:00-04:00	17.17649445	17.26477188	17.13636818	17.22464561	1564261	0	0
2017-08-07 00:00:00-04:00	17.17649311	17.3048968	17.10961782	17.24069405	1465916	0	0
2017-08-08 00:00:00-04:00	17.17916747	17.33164583	17.10159111	17.24069405	1850746	0	0
2017-08-09 00:00:00-04:00	17.08019049	17.20859418	17.0133152	17.15241814	1875688	0	0
2017-08-10 00:00:00-04:00	17.09356387	17.12031471	16.88223513	16.89828491	1715699	0	0
2017-08-11 00:00:00-04:00	16.83141257	16.94109031	16.78058705	16.86351395	2807119	0	0
2017-08-14 00:00:00-04:00	17.36107103	18.23046067	17.36107103	18.12078476	10181240	0	0
2017-08-15 00:00:00-04:00	18.12613665	18.16893728	17.70347909	17.71150398	2929338	0	0
2017-08-16 00:00:00-04:00	17.71417892	18.07798605	17.7008035	17.98168373	2090908	0	0
2017-08-17 00:00:00-04:00	17.87735738	18.09403668	17.75698039	17.7623291	1649779	0	0
2017-08-18 00:00:00-04:00	17.72220139	17.92015471	17.63660015	17.87200356	1365789	0	0
2017-08-21 00:00:00-04:00	17.85863004	17.97633266	17.67672648	17.94155693	2904752	0	0
2017-08-22 00:00:00-04:00	18.20103888	18.44981775	18.14486282	18.3802681	3897113	0	0
2017-08-23 00:00:00-04:00	18.22779029	18.51937162	18.22779029	18.51134491	3052626	0	0
2017-08-24 00:00:00-04:00	18.51936915	18.75477258	18.51936915	18.70394707	3006304	0	0
2017-08-25 00:00:00-04:00	18.99820452	19.42086208	18.95272771	19.19080734	8583128	0	0
2017-08-28 00:00:00-04:00	19.18010387	19.57066182	19.12392783	19.47435951	3551479	0	0
2017-08-29 00:00:00-04:00	19.36201001	19.602764	19.09718135	19.51181221	2672428	0	0
2017-08-30 00:00:00-04:00	19.55193494	19.87561759	19.52518592	19.85689163	3611698	0	0
2017-08-31 00:00:00-04:00	19.91841989	20.06287154	19.87294309	20.04414558	4385990	0	0
2017-09-01 00:00:00-04:00	20.05752289	20.08159938	19.91574559	19.99867249	4858475	0	0
2017-09-05 00:00:00-04:00	19.89434444	20.08962343	19.77129309	20.00937271	5303880	0	0
2017-09-06 00:00:00-04:00	20.06287137	20.10032146	19.97191959	19.97727013	7478880	0	0
2017-09-07 00:00:00-04:00	19.92911978	20.15382398	19.87026938	19.92109489	7320316	0	0
2017-09-08 00:00:00-04:00	19.89702113	20.13242642	19.84886997	19.86492157	4231701	0	0
2017-09-11 00:00:00-04:00	20.09497084	20.22604889	20.02542119	20.18592262	5352340	0	0
2017-09-12 00:00:00-04:00	20.19662541	20.40260548	20.13777319	20.39725494	4059953	0	0
2017-09-13 00:00:00-04:00	20.39992823	20.57915562	20.36782685	20.52565575	4696704	0	0
2017-09-14 00:00:00-04:00	20.52297904	20.78246077	20.48552895	20.69418335	5563996	0	0
2017-09-15 00:00:00-04:00	20.66743521	20.71023584	20.5550831	20.59253502	12313125	0	0
2017-09-18 00:00:00-04:00	20.5524078	20.71290924	20.48820686	20.55775833	3515847	0	0
2017-09-19 00:00:00-04:00	20.59253092	20.66208057	20.43470204	20.5497303	3352294	0	0
2017-09-20 00:00:00-04:00	20.54170525	20.63800756	20.47215378	20.55240631	5695123	0	0
2017-09-21 00:00:00-04:00	20.48553043	20.62998391	20.25012699	20.49088097	2662808	0	0
2017-09-22 00:00:00-04:00	20.50158066	20.60055733	20.44807897	20.60055733	3148477	0	0
2017-09-25 00:00:00-04:00	20.52297816	20.58450474	20.21802328	20.31165123	5187718	0	0
2017-09-26 00:00:00-04:00	20.4641312	20.48553152	20.31165464	20.36248016	8079642	0	0
2017-09-27 00:00:00-04:00	20.46680257	20.74233408	20.46680257	20.62998199	4617956	0	0
2017-09-28 00:00:00-04:00	20.62463269	20.68883363	20.4828554	20.63800812	3929539	0	0
2017-09-29 00:00:00-04:00	20.68080739	20.75838375	20.61393028	20.65405655	4027884	0	0
2017-10-02 00:00:00-04:00	20.66208253	20.98041467	20.65940817	20.84933662	5107902	0	0
2017-10-03 00:00:00-04:00	20.86271054	21.04728844	20.83863587	20.93761253	4300828	0	0
2017-10-04 00:00:00-04:00	20.94028798	20.98308861	20.7904858	20.9242382	4130149	0	0
2017-10-05 00:00:00-04:00	20.99913936	21.18104293	20.93226406	21.14359283	4806095	0	0
2017-10-06 00:00:00-04:00	21.03926563	21.14894155	20.95633873	21.14359283	4832820	0	0
2017-10-09 00:00:00-04:00	21.16766644	21.27199364	21.13289252	21.20244217	2616842	0	0
2017-10-10 00:00:00-04:00	21.27734431	21.34957014	21.09811511	21.15429115	3383651	0	0
2017-10-11 00:00:00-04:00	21.15696691	21.26664464	21.09811469	21.22919273	4204977	0	0
2017-10-12 00:00:00-04:00	21.26129644	21.52345074	21.25059538	21.47797394	4101287	0	0
2017-10-13 00:00:00-04:00	21.53949956	21.65720219	21.48064915	21.58230019	3269627	0	0
2017-10-16 00:00:00-04:00	21.60637505	21.79897785	21.58497292	21.69465065	4104850	0	0
2017-10-17 00:00:00-04:00	21.70802661	21.78827914	21.61707483	21.66522598	3295639	0	0
2017-10-18 00:00:00-04:00	21.70535197	21.85515415	21.69465091	21.76152802	7860859	0	0
2017-10-19 00:00:00-04:00	21.74012893	21.86853081	21.64650097	21.83910561	5617088	0	0
2017-10-20 00:00:00-04:00	21.93540615	22.06915673	21.887255	21.99960709	4080620	0	0
2017-10-23 00:00:00-04:00	22.04775933	22.24838703	22.0424088	22.12533569	4089172	0	0
2017-10-24 00:00:00-04:00	22.11463601	22.26978874	22.07718592	22.26978874	3689020	0	0
2017-10-25 00:00:00-04:00	22.15743579	22.29653873	21.96483297	22.09591103	4773314	0	0
2017-10-26 00:00:00-04:00	22.13603684	22.25641384	22.1012611	22.19488907	2828142	0	0
2017-10-27 00:00:00-04:00	22.27246437	22.46506719	22.16546099	22.43831635	3460973	0	0
2017-10-30 00:00:00-04:00	22.41959121	22.43831534	22.17883542	22.24303818	2744762	0	0
2017-10-31 00:00:00-04:00	22.25908876	22.28851578	22.04776179	22.14138794	7310339	0	0
2017-11-01 00:00:00-04:00	22.28851441	22.28851441	21.94610758	22.0424099	3965171	0	0
2017-11-02 00:00:00-04:00	21.98890864	21.99693534	21.72675434	21.89795685	3752446	0	0
2017-11-03 00:00:00-04:00	21.84980257	21.89527755	21.52344559	21.63312149	3463467	0	0
2017-11-06 00:00:00-05:00	21.66790389	21.9969353	21.64115304	21.80700684	4700267	0	0
2017-11-07 00:00:00-05:00	21.87120382	22.11730831	21.86317893	22.06380844	3366904	0	0
2017-11-08 00:00:00-05:00	21.95948113	22.15743446	21.90063072	22.01833153	3046212	0	0
2017-11-09 00:00:00-05:00	21.78292997	21.98623386	21.57695173	21.90330696	4332897	0	0
2017-11-10 00:00:00-05:00	21.84712887	22.09590954	21.83375345	22.09055901	2737992	0	0
2017-11-13 00:00:00-05:00	21.90598274	22.04508387	21.78560394	21.88458061	3760998	0	0
2017-11-14 00:00:00-05:00	21.82840401	21.91668143	21.74815329	21.79897881	4054965	0	0
2017-11-15 00:00:00-05:00	21.64650261	21.70268048	21.31479682	21.47262573	5543329	0	0
2017-11-16 00:00:00-05:00	21.60369765	21.93540518	21.58229734	21.75617599	4502864	0	0
2017-11-17 00:00:00-05:00	21.71605191	21.90598219	21.63847555	21.79897881	3988332	0	0
2017-11-20 00:00:00-05:00	21.79630377	21.99693329	21.72407613	21.73745155	4439438	0	0
2017-11-21 00:00:00-05:00	21.73745125	22.17080983	21.66522543	21.99693298	6649358	0	0
2017-11-22 00:00:00-05:00	21.96750525	22.04240724	21.58229784	21.61172485	5280006	0	0
2017-11-24 00:00:00-05:00	21.61439949	21.77222656	21.3763199	21.65452576	2993120	0	0
2017-11-27 00:00:00-05:00	21.7000043	21.97553403	21.65452931	21.91133308	5748216	0	0
2017-11-28 00:00:00-05:00	21.97553306	22.17081205	21.93005807	22.0852108	8104585	0	0
2017-11-29 00:00:00-05:00	22.05578331	22.05578331	20.55507989	20.86271095	8493334	0	0
2017-11-30 00:00:00-05:00	21.01251339	21.09544028	20.4908792	20.92958832	30164591	0	0
2017-12-01 00:00:00-05:00	20.75838605	21.9166828	20.67813533	21.38969803	13801490	0	0
2017-12-04 00:00:00-05:00	21.45122595	21.46727573	19.97192259	20.03344917	8513645	0	0
2017-12-05 00:00:00-05:00	19.94784574	20.28222585	19.67766475	19.92109489	6129126	0	0
2017-12-06 00:00:00-05:00	19.79536579	20.19127245	19.7284905	20.07892036	7828790	0	0
2017-12-07 00:00:00-05:00	20.28222505	20.58985612	20.2126754	20.300951	7163534	0	0
2017-12-08 00:00:00-05:00	20.55240659	20.78246131	20.31432698	20.66475868	10242171	0	0
2017-12-11 00:00:00-05:00	20.72093358	21.22384362	20.62463128	21.21046638	4331828	0	0
2017-12-12 00:00:00-05:00	21.14359202	21.40039577	20.96436281	21.19976807	7608938	0	0
2017-12-13 00:00:00-05:00	21.28269712	21.60637801	21.1863948	21.45122528	5821618	0	0
2017-12-14 00:00:00-05:00	21.61707329	21.71070124	21.32549384	21.33619308	3869676	0	0
2017-12-15 00:00:00-05:00	21.45924775	21.69732736	21.23186921	21.66522598	5660560	0	0
2017-12-18 00:00:00-05:00	21.79630461	22.67639542	21.71337772	22.67639542	7497765	0	0
2017-12-19 00:00:00-05:00	22.59882013	22.59882013	22.15743661	22.2938652	8377173	0	0
2017-12-20 00:00:00-05:00	22.44366714	22.50786808	22.12266063	22.29653931	5652364	0	0
2017-12-21 00:00:00-05:00	22.29118754	22.37144008	22.04240869	22.07985878	3014143	0	0
2017-12-22 00:00:00-05:00	22.03438445	22.2029126	21.87922991	21.95680809	3661940	0	0
2017-12-26 00:00:00-05:00	21.88190624	21.90598272	21.70000267	21.76955414	5351983	0	0
2017-12-27 00:00:00-05:00	21.72942666	21.88725555	21.63847488	21.73745155	4109839	0	0
2017-12-28 00:00:00-05:00	21.7588531	21.8471287	21.56089976	21.67592621	4981050	0	0
2017-12-29 00:00:00-05:00	21.7642058	21.80433207	21.59835381	21.74280548	3143132	0	0
2018-01-02 00:00:00-05:00	21.80968014	22.07450878	21.80165525	22.05043411	2371691	0	0
2018-01-03 00:00:00-05:00	22.08788408	22.47844206	22.05845888	22.28316307	5699043	0	0
2018-01-04 00:00:00-05:00	22.31258812	22.72454641	22.27513803	22.67907143	4941498	0	0
2018-01-05 00:00:00-05:00	22.73791956	22.91447257	22.68441788	22.84492111	2475025	0	0
2018-01-08 00:00:00-05:00	22.76199465	22.86364748	22.67104469	22.839571	3702204	0	0
2018-01-09 00:00:00-05:00	22.87167566	22.87167566	22.531945	22.5453186	2768992	0	0
2018-01-10 00:00:00-05:00	22.41691522	22.63626887	22.30723748	22.63359451	2417657	0	0
2018-01-11 00:00:00-05:00	22.87434907	23.23013131	22.81817484	23.22745514	3255018	0	0
2018-01-12 00:00:00-05:00	23.23815424	23.3612074	23.05357634	23.20605469	5480973	0	0
2018-01-16 00:00:00-05:00	23.33445961	23.47088639	22.9893766	23.02950287	2471818	0	0
2018-01-17 00:00:00-05:00	23.22478118	23.65813979	23.02950219	23.56986237	2734785	0	0
2018-01-18 00:00:00-05:00	23.5591608	23.67953777	23.44145818	23.64476204	3423559	0	0
2018-01-19 00:00:00-05:00	23.61266229	23.79456585	23.56718731	23.67151451	3065097	0	0
2018-01-22 00:00:00-05:00	23.69024222	23.92564568	23.47088673	23.7892189	4748371	0	0
2018-01-23 00:00:00-05:00	23.71966539	23.9416934	23.68221348	23.83736801	2962120	0	0
2018-01-24 00:00:00-05:00	23.80794198	24.04334724	23.47623622	23.63941383	2822441	0	0
2018-01-25 00:00:00-05:00	23.75176441	23.86144215	23.47890907	23.65813828	2761866	0	0
2018-01-26 00:00:00-05:00	24.45797807	24.71745798	20.47215323	22.13335991	127220424	0	0
2018-01-29 00:00:00-05:00	22.4704178	23.01612851	19.31920852	20.00937271	65799822	0	0
2018-01-30 00:00:00-05:00	19.63486565	19.67231756	18.5487947	18.74674988	21560797	0	0
2018-01-31 00:00:00-05:00	18.95807908	19.62684119	18.82700101	19.18010712	21323841	0	0
2018-02-01 00:00:00-05:00	19.05437907	19.36468269	18.67719653	18.79222298	16692701	0	0
2018-02-02 00:00:00-05:00	18.98215047	19.35398247	18.38026559	18.96610069	19484498	0	0
2018-02-05 00:00:00-05:00	18.76815008	19.11323128	18.04053576	18.07798767	11756191	0	0
2018-02-06 00:00:00-05:00	17.65532832	18.31339116	17.47075038	17.98435974	11118372	0	0
2018-02-07 00:00:00-05:00	17.95225692	18.44981459	17.86130333	17.86130333	7185626	0	0
2018-02-08 00:00:00-05:00	17.85862959	18.11810949	17.48679759	17.5536747	12260033	0	0
2018-02-09 00:00:00-05:00	17.80245466	18.17161232	17.37712277	18.00308418	9210614	0	0
2018-02-12 00:00:00-05:00	18.07798339	18.39096314	17.93085558	18.19835854	8159815	0	0
2018-02-13 00:00:00-05:00	18.05658488	18.39364118	17.94958331	18.27058983	6382472	0	0
2018-02-14 00:00:00-05:00	18.16626234	18.73872208	18.12346172	18.69057274	6240299	0	0
2018-02-15 00:00:00-05:00	18.83235143	18.85642792	18.29466557	18.4658699	4498944	0	0
2018-02-16 00:00:00-05:00	18.45784352	18.90190137	18.39631693	18.66917229	4259495	0	0
2018-02-20 00:00:00-05:00	18.52204379	18.7520985	18.41236605	18.6771965	5299960	0	0
2018-02-21 00:00:00-05:00	18.72534738	19.01960121	18.6638208	18.70394707	4621876	0	0
2018-02-22 00:00:00-05:00	18.81095164	19.04635693	18.67184868	18.87515259	5628134	0	0
2018-02-23 00:00:00-05:00	19.02762707	19.29780807	18.93400093	19.20150757	4686371	0	0
2018-02-26 00:00:00-05:00	19.2951335	19.49843738	19.16405545	19.36468315	2943947	0	0
2018-02-27 00:00:00-05:00	19.43423451	19.58136232	19.308507	19.45830917	3983700	0	0
2018-02-28 00:00:00-05:00	19.76059178	20.17522443	19.73384094	19.87294388	6955441	0	0
2018-03-01 00:00:00-05:00	19.81676878	20.71023506	19.19615786	20.16184998	20337537	0	0
2018-03-02 00:00:00-05:00	19.48506072	19.81944263	18.80827383	19.70441437	8609139	0	0
2018-03-05 00:00:00-05:00	19.59741295	19.8622434	19.33258251	19.79536629	6716704	0	0
2018-03-06 00:00:00-05:00	19.88096663	20.27687328	19.88096663	20.22337341	6174022	0	0
2018-03-07 00:00:00-05:00	20.10032283	20.7396615	20.09229793	20.67813492	7766434	0	0
2018-03-08 00:00:00-05:00	20.73698453	21.35759541	20.60323213	20.71023369	7081579	0	0
2018-03-09 00:00:00-05:00	20.73966029	21.0365903	20.5363546	20.99378967	4560232	0	0
2018-03-12 00:00:00-04:00	21.05264022	21.2024424	20.70755905	20.80653572	4801463	0	0
2018-03-13 00:00:00-04:00	20.8413116	20.86538627	20.51495456	20.68883324	5062292	0	0
2018-03-14 00:00:00-04:00	20.73163279	20.89213604	20.54973106	20.81723404	3280673	0	0
2018-03-15 00:00:00-04:00	20.86538776	20.89748914	20.61660889	20.76373672	4101643	0	0
2018-03-16 00:00:00-04:00	20.83863696	20.99913839	20.75303389	20.85468674	4376725	0	0
2018-03-19 00:00:00-04:00	20.74768303	20.89213466	20.50425291	20.85735893	4104494	0	0
2018-03-20 00:00:00-04:00	20.73430934	21.14894015	20.73430934	20.92958832	3084695	0	0
2018-03-21 00:00:00-04:00	20.91621274	20.91621274	20.30362855	20.33037758	4168988	0	0
2018-03-22 00:00:00-04:00	20.18057315	20.2420979	19.88899187	19.91841888	5233684	0	0
2018-03-23 00:00:00-04:00	19.90771823	20.39725285	19.52518698	19.56531143	7074809	0	0
2018-03-26 00:00:00-04:00	19.89166856	20.16720009	19.67766543	20.09764862	3974792	0	0
2018-03-27 00:00:00-04:00	20.22872247	20.37852647	19.58671133	19.70976448	4270184	0	0
2018-03-28 00:00:00-04:00	19.70441445	19.75523996	19.18010409	19.28710747	5426455	0	0
2018-03-29 00:00:00-04:00	19.30583191	19.6937137	19.19615599	19.58403778	5134982	0	0
2018-04-02 00:00:00-04:00	19.60811149	19.7552393	18.95272493	19.41015816	4099505	0	0
2018-04-03 00:00:00-04:00	19.46098367	19.57868629	19.14532954	19.47970963	3132443	0	0
2018-04-04 00:00:00-04:00	19.18010211	19.58938598	19.06240132	19.51983452	2429416	0	0
2018-04-05 00:00:00-04:00	19.66964025	19.77931799	19.30048439	19.47703743	2737992	0	0
2018-04-06 00:00:00-04:00	19.36200833	19.50378562	18.91795049	19.07042885	2893349	0	0
2018-04-09 00:00:00-04:00	19.12660478	19.62148813	19.0945034	19.23360634	2571233	0	0
2018-04-10 00:00:00-04:00	19.54123688	19.64556408	19.27640643	19.47168541	2600807	0	0
2018-04-11 00:00:00-04:00	19.41016061	19.53321378	19.19080694	19.24163246	1615572	0	0
2018-04-12 00:00:00-04:00	19.30851023	19.54926422	19.26035907	19.44226265	2214196	0	0
2018-04-13 00:00:00-04:00	19.53321336	19.62951568	19.2683829	19.50111198	2908315	0	0
2018-04-16 00:00:00-04:00	20.11637459	20.25012701	19.38340977	19.88899422	8523622	0	0
2018-04-17 00:00:00-04:00	19.98262027	20.26617485	19.84084116	20.16719818	8506518	0	0
2018-04-18 00:00:00-04:00	20.50960762	20.57113239	20.15650153	20.27420235	6295529	0	0
2018-04-19 00:00:00-04:00	20.1350972	20.2394244	19.66963905	19.76861572	3905665	0	0
2018-04-20 00:00:00-04:00	19.63486381	19.81409301	19.22825606	19.43958664	6829658	0	0
2018-04-23 00:00:00-04:00	19.49041234	19.60543879	19.34863323	19.5519371	3955194	0	0
2018-04-24 00:00:00-04:00	19.632187	19.79536459	19.27105428	19.37538147	4319357	0	0
2018-04-25 00:00:00-04:00	19.27105722	19.45028643	18.96877667	19.20150757	2386300	0	0
2018-04-26 00:00:00-04:00	19.27907877	19.59473469	19.21487784	19.51983452	2144000	0	0
2018-04-27 00:00:00-04:00	19.60811205	19.75523987	19.40748436	19.4262085	2511014	0	0
2018-04-30 00:00:00-04:00	19.43690925	19.54123644	18.99552579	19.19882965	3834757	0	0
2018-05-01 00:00:00-04:00	19.11590504	19.28175883	18.90457626	19.10253143	3664078	0	0
2018-05-02 00:00:00-04:00	19.06775228	19.1266045	18.82699832	18.91259956	4113758	0	0
2018-05-03 00:00:00-04:00	18.93400038	19.07845385	18.4926169	19.04635429	5001005	0	0
2018-05-04 00:00:00-04:00	18.95807639	19.67498956	18.88049821	19.51448631	2996327	0	0
2018-05-07 00:00:00-04:00	19.52786047	19.8221161	19.34328256	19.39143372	2057770	0	0
2018-05-08 00:00:00-04:00	19.3994615	19.3994615	19.00355298	19.26303291	5340225	0	0
2018-05-09 00:00:00-04:00	19.33526015	19.70173984	19.27908229	19.45296097	5428237	0	0
2018-05-10 00:00:00-04:00	19.50378689	20.17255078	19.49041328	19.97994614	4681738	0	0
2018-05-11 00:00:00-04:00	19.96924552	19.97727041	19.75524058	19.88096809	3411800	0	0
2018-05-14 00:00:00-04:00	19.97994406	20.07624637	19.5305357	19.70441437	3034810	0	0
2018-05-15 00:00:00-04:00	19.50378486	19.86491761	19.40213384	19.77396584	3116764	0	0
2018-05-16 00:00:00-04:00	19.79536712	20.01204642	19.55193698	19.85421753	2960694	0	0
2018-05-17 00:00:00-04:00	19.69906453	20.18859917	19.69906453	19.88096809	3250029	0	0
2018-05-18 00:00:00-04:00	20.36515424	21.57160218	20.30897818	21.08206749	23393726	0	0
2018-05-21 00:00:00-04:00	21.16499398	21.64382759	20.99914018	21.52612495	13764788	0	0
2018-05-22 00:00:00-04:00	21.46459935	21.65185163	21.04729052	21.60637665	6473691	0	0
2018-05-23 00:00:00-04:00	21.51809747	21.93540626	21.34956934	21.90598106	8038665	0	0
2018-05-24 00:00:00-04:00	21.92470512	22.17348396	21.74280156	22.11463356	4948981	0	0
2018-05-25 00:00:00-04:00	22.09858282	22.18418406	21.90865438	21.94075394	3519410	0	0
2018-05-29 00:00:00-04:00	21.88190736	21.88190736	21.51275149	21.54752541	4892326	0	0
2018-05-30 00:00:00-04:00	21.71872658	21.82840249	21.37899414	21.67860031	6896647	0	0
2018-05-31 00:00:00-04:00	21.68662599	21.74547821	21.40307141	21.57695007	13683190	0	0
2018-06-01 00:00:00-04:00	22.07183445	22.97332557	22.07183445	22.69779587	13488637	0	0
2018-06-04 00:00:00-04:00	22.89574523	23.1338248	22.18685886	22.74594307	7577938	0	0
2018-06-05 00:00:00-04:00	22.8021215	23.21140359	22.60684253	23.17930222	7295730	0	0
2018-06-06 00:00:00-04:00	23.20070611	23.40133381	23.13650335	23.36655807	7572593	0	0
2018-06-07 00:00:00-04:00	23.37458257	23.56183666	23.19268082	23.55648613	5152798	0	0
2018-06-08 00:00:00-04:00	23.54043808	23.72234166	23.25153294	23.62871552	4860613	0	0
2018-06-11 00:00:00-04:00	23.62068496	23.62068496	23.30235466	23.44413376	2595106	0	0
2018-06-12 00:00:00-04:00	23.44413706	23.53241267	23.06962885	23.19535637	3344455	0	0
2018-06-13 00:00:00-04:00	23.27293101	23.6608128	23.06962714	23.51635933	6625485	0	0
2018-06-14 00:00:00-04:00	23.58056208	23.89354187	23.31305728	23.51635933	4414496	0	0
2018-06-15 00:00:00-04:00	23.44413435	23.76781337	23.31305631	23.64476204	5355903	0	0
2018-06-18 00:00:00-04:00	23.40401064	23.97112167	23.27293259	23.96042061	4744095	0	0
2018-06-19 00:00:00-04:00	23.65278682	23.83469037	23.37458096	23.80793953	3049775	0	0
2018-06-20 00:00:00-04:00	23.83469172	24.30550041	23.83469172	23.86144257	4345725	0	0
2018-06-21 00:00:00-04:00	23.89889128	23.98181817	23.57253609	23.83201599	6051447	0	0
2018-06-22 00:00:00-04:00	23.74373966	24.10754678	23.22477983	23.74909019	11507477	0	0
2018-06-25 00:00:00-04:00	23.68221419	23.74641513	22.76734763	22.99472618	3139925	0	0
2018-06-26 00:00:00-04:00	23.04020149	23.23012994	22.89039749	23.1284771	3782377	0	0
2018-06-27 00:00:00-04:00	23.21407909	23.25420535	22.45168916	22.47041512	2910096	0	0
2018-06-28 00:00:00-04:00	22.45704029	22.8796978	22.33933767	22.81014633	3891056	0	0
2018-06-29 00:00:00-04:00	22.86900237	23.17395731	22.6255722	22.6255722	2902970	0	0
2018-07-02 00:00:00-04:00	25.33004528	25.34074453	24.09149605	24.6639576	57614352	0	0
2018-07-03 00:00:00-04:00	24.9100632	25.46112264	24.85656332	25.36749649	16730471	0	0
2018-07-05 00:00:00-04:00	25.41297204	25.41297204	25.00636428	25.10534096	12780266	0	0
2018-07-06 00:00:00-04:00	25.09731582	25.1427908	24.81375941	24.96891212	4826762	0	0
2018-07-09 00:00:00-04:00	25.25514038	25.26049091	24.824458	25.04648781	8951210	0	0
2018-07-10 00:00:00-04:00	25.3032943	25.72060312	25.01706353	25.24444389	10233976	0	0
2018-07-11 00:00:00-04:00	25.01171152	25.26584272	25.00903716	25.16954041	5040913	0	0
2018-07-12 00:00:00-04:00	25.23641958	25.51194929	25.19361895	25.44507217	3680112	0	0
2018-07-13 00:00:00-04:00	25.44507134	25.50124738	25.18559323	25.38622093	3623813	0	0
2018-07-16 00:00:00-04:00	25.47449714	25.58952359	25.32201879	25.35411835	4394185	0	0
2018-07-17 00:00:00-04:00	25.17221493	25.45309515	25.16419004	25.3755188	5000292	0	0
2018-07-18 00:00:00-04:00	25.37551998	25.44774581	25.28991873	25.43169785	5152442	0	0
2018-07-19 00:00:00-04:00	25.37284523	25.4129715	25.17221571	25.34342003	4024677	0	0
2018-07-20 00:00:00-04:00	25.354119	25.38354602	25.22304277	25.23106766	4622232	0	0
2018-07-23 00:00:00-04:00	25.18024037	25.20431503	24.93145971	25.0438118	6138034	0	0
2018-07-24 00:00:00-04:00	25.11604338	25.19094539	24.77631269	24.90471458	3951987	0	0
2018-07-25 00:00:00-04:00	24.92878712	25.09196472	24.83783534	25.09196472	1860723	0	0
2018-07-26 00:00:00-04:00	24.86191014	25.31131851	24.85388525	25.25246811	5619226	0	0
2018-07-27 00:00:00-04:00	25.15349226	25.23374298	24.99833954	25.05718994	4565221	0	0
2018-07-30 00:00:00-04:00	24.97961382	25.03043934	24.62918211	24.80038643	6206804	0	0
2018-07-31 00:00:00-04:00	24.80305727	24.96623486	24.6826803	24.74955559	5433582	0	0
2018-08-01 00:00:00-04:00	24.74956074	24.98228984	24.7228099	24.80306244	5767813	0	0
2018-08-02 00:00:00-04:00	24.74420878	24.95018701	24.74420878	24.88866043	3224018	0	0
2018-08-03 00:00:00-04:00	24.92076271	24.97961494	24.71478446	24.90203857	3970160	0	0
2018-08-06 00:00:00-04:00	24.84050997	25.07858958	24.84050997	24.99566269	3299202	0	0
2018-08-07 00:00:00-04:00	25.15349158	25.29794323	24.94483717	25.06521416	3587112	0	0
2018-08-08 00:00:00-04:00	25.10801448	25.23374199	24.99298803	25.18559265	2842751	0	0
2018-08-09 00:00:00-04:00	25.27386872	25.45844664	25.17489205	25.34074402	2119058	0	0
2018-08-10 00:00:00-04:00	25.0999907	25.43972134	25.0625406	25.2872448	2462910	0	0
2018-08-13 00:00:00-04:00	25.2738658	25.43169468	25.07056195	25.14546394	3114983	0	0
2018-08-14 00:00:00-04:00	25.17221493	25.404944	25.09731475	25.3755188	2663877	0	0
2018-08-15 00:00:00-04:00	25.26316503	25.4290188	25.14546424	25.32736778	4963947	0	0
2018-08-16 00:00:00-04:00	25.58149829	25.68849984	25.37551825	25.56812286	5335949	0	0
2018-08-17 00:00:00-04:00	25.48519707	25.64837467	25.38354604	25.4156456	2978154	0	0
2018-08-20 00:00:00-04:00	25.42634434	25.525321	25.36481776	25.4209938	4022896	0	0
2018-08-21 00:00:00-04:00	25.47984642	25.58149926	25.39157082	25.43972015	4926889	0	0
2018-08-22 00:00:00-04:00	25.46647047	25.66174944	25.43971962	25.60824776	9033521	0	0
2018-08-23 00:00:00-04:00	25.63500215	25.69385256	25.46379964	25.4958992	7901124	0	0
2018-08-24 00:00:00-04:00	25.44774546	25.64570062	25.30061945	25.50392151	7384454	0	0
2018-08-27 00:00:00-04:00	25.68047483	25.70187514	25.46646991	25.52264595	4435162	0	0
2018-08-28 00:00:00-04:00	25.56544804	25.58417399	25.26049314	25.48252296	4899096	0	0
2018-08-29 00:00:00-04:00	25.53602397	25.80620497	25.50124823	25.69920158	5012763	0	0
2018-08-30 00:00:00-04:00	25.59487354	25.93192982	25.57079887	25.84900475	3314168	0	0
2018-08-31 00:00:00-04:00	25.79817415	25.97472898	25.63232221	25.72594833	3288156	0	0
2018-09-04 00:00:00-04:00	25.69919991	25.81422817	25.44239617	25.72060204	5195557	0	0
2018-09-05 00:00:00-04:00	25.63232517	25.8383034	25.43437183	25.59754944	3957688	0	0
2018-09-06 00:00:00-04:00	25.59755095	25.88913044	25.53602437	25.64837646	4332185	0	0
2018-09-07 00:00:00-04:00	25.54671913	25.8008503	25.4691446	25.7500248	3987620	0	0
2018-09-10 00:00:00-04:00	25.84097697	25.94798035	25.71525128	25.90785408	5450685	0	0
2018-09-11 00:00:00-04:00	25.81690186	25.96938021	25.75537528	25.86772919	3643767	0	0
2018-09-12 00:00:00-04:00	25.81423104	26.10046183	25.70455329	26.00951004	5137833	0	0
2018-09-13 00:00:00-04:00	25.9372797	26.12988251	25.85435463	26.0416069	11293327	0	0
2018-09-14 00:00:00-04:00	26.06835963	26.48834283	26.05498421	26.38936615	4975349	0	0
2018-09-17 00:00:00-04:00	26.35993984	26.42414078	25.99078397	26.03358459	4512485	0	0
2018-09-18 00:00:00-04:00	25.98008264	26.28771374	25.77945493	25.78212929	6427725	0	0
2018-09-19 00:00:00-04:00	25.80887945	25.80887945	25.36482159	25.53602409	5717928	0	0
2018-09-20 00:00:00-04:00	25.63767545	25.72862723	25.46647114	25.66977501	4500370	0	0
2018-09-21 00:00:00-04:00	25.8142289	25.8142289	25.5681244	25.73397636	9117257	0	0
2018-09-24 00:00:00-04:00	25.65372565	25.75537668	25.20431727	25.73397636	11023589	0	0
2018-09-25 00:00:00-04:00	25.86505508	25.94798197	25.74735245	25.93460655	6052872	0	0
2018-09-26 00:00:00-04:00	25.98007948	26.0228801	25.73130064	25.84365273	4822130	0	0
2018-09-27 00:00:00-04:00	25.81423053	26.02555931	25.7794548	26.01485825	4451910	0	0
2018-09-28 00:00:00-04:00	25.95868306	26.04695867	25.82760501	25.98008156	4712739	0	0
2018-10-01 00:00:00-04:00	25.99613463	26.17268768	25.83028083	25.8704071	2540589	0	0
2018-10-02 00:00:00-04:00	25.87575455	26.02020619	25.76607681	25.88377762	6606243	0	0
2018-10-03 00:00:00-04:00	25.97740512	26.08173232	25.68047513	25.84365273	5113959	0	0
2018-10-04 00:00:00-04:00	26.00415803	26.00415803	25.65907685	25.86505508	7052717	0	0
2018-10-05 00:00:00-04:00	25.99613097	26.18605941	25.58684706	25.93727875	9323925	0	0
2018-10-08 00:00:00-04:00	25.7660788	25.97473321	25.38087134	25.56010056	7358443	0	0
2018-10-09 00:00:00-04:00	25.48787332	25.70455263	24.94483878	25.30062103	14442160	0	0
2018-10-10 00:00:00-04:00	25.33806795	25.33806795	24.64255513	24.73618126	9549122	0	0
2018-10-11 00:00:00-04:00	24.73618592	24.92879057	24.31085398	24.54090691	7159614	0	0
2018-10-12 00:00:00-04:00	24.95821406	25.30864578	24.76560942	25.27922058	6043964	0	0
2018-10-15 00:00:00-04:00	25.68047631	25.93192952	25.28991834	25.4129715	9367040	0	0
2018-10-16 00:00:00-04:00	25.52264811	25.75002848	25.35679432	25.58952522	5456743	0	0
2018-10-17 00:00:00-04:00	25.66174998	25.68047593	25.21234161	25.43972015	4550611	0	0
2018-10-18 00:00:00-04:00	25.40762071	25.48519707	25.15616568	25.27654266	6164758	0	0
2018-10-19 00:00:00-04:00	25.32737039	25.47984694	24.96891198	25.08661461	6891302	0	0
2018-10-22 00:00:00-04:00	25.20699022	25.51997182	25.04113827	25.33539391	5229408	0	0
2018-10-23 00:00:00-04:00	25.01438984	25.10801598	24.55963091	24.84318733	4885556	0	0
2018-10-24 00:00:00-04:00	24.76560901	24.83783665	24.03532219	24.03532219	8437035	0	0
2018-10-25 00:00:00-04:00	24.27340073	24.51148033	24.03532112	24.30282593	4320426	0	0
2018-10-26 00:00:00-04:00	23.8213152	24.11557084	23.54043498	23.66616249	5816630	0	0
2018-10-29 00:00:00-04:00	24.04869524	24.34027654	22.93854971	23.2087307	4351783	0	0
2018-10-30 00:00:00-04:00	23.27293313	23.75979163	23.21140654	23.72234154	3753159	0	0
2018-10-31 00:00:00-04:00	24.02462061	24.39645263	24.02462061	24.17977333	4539565	0	0
2018-11-01 00:00:00-04:00	24.31352399	24.72815661	24.2091968	24.38574982	6915532	0	0
2018-11-02 00:00:00-04:00	24.51682935	24.57033104	23.94436964	24.39110184	2761509	0	0
2018-11-05 00:00:00-05:00	24.51950527	24.57300514	23.96041916	24.53287888	3831193	0	0
2018-11-06 00:00:00-05:00	24.5061289	24.80573326	24.3723765	24.63720512	1757033	0	0
2018-11-07 00:00:00-05:00	25.41297317	26.37599091	25.26316915	26.17803574	9221304	0	0
2018-11-08 00:00:00-05:00	26.18873448	26.58999168	26.04428283	26.46158981	3516916	0	0
2018-11-09 00:00:00-05:00	26.30376285	26.44554015	25.88912841	26.22886086	4799682	0	0
2018-11-12 00:00:00-05:00	26.22351183	26.48566793	25.71792739	26.34923935	4936866	0	0
2018-11-13 00:00:00-05:00	26.42413862	27.71351333	26.25561229	27.17047882	15506143	0	0
2018-11-14 00:00:00-05:00	27.60651249	28.36890249	27.03137658	28.27260017	21665200	0	0
2018-11-15 00:00:00-05:00	28.52405576	28.68188284	27.95426856	28.10407257	50323254	0	0
2018-11-16 00:00:00-05:00	28.16024439	28.20571937	27.92751534	27.94623947	15978628	0	0
2018-11-19 00:00:00-05:00	27.94356807	28.05859452	27.47275938	27.63326263	16403010	0	0
2018-11-20 00:00:00-05:00	27.32028223	27.6145379	27.19188035	27.45671082	10983681	0	0
2018-11-21 00:00:00-05:00	27.58511257	27.66803947	27.23468086	27.55033684	6005838	0	0
2018-11-23 00:00:00-05:00	27.36575754	27.97834352	27.36308137	27.79911613	6246713	0	0
2018-11-26 00:00:00-05:00	28.06929755	28.27260143	28.06394701	28.25654984	13889502	0	0
2018-11-27 00:00:00-05:00	28.16827281	28.2137478	27.94356862	27.99707031	6362161	0	0
2018-11-28 00:00:00-05:00	28.18432179	28.58557901	28.00509441	28.51602936	13814674	0	0
2018-11-29 00:00:00-05:00	28.25119686	28.58023006	28.08802107	28.35552406	11596914	0	0
2018-11-30 00:00:00-05:00	28.62303271	28.64443121	27.97299479	28.21642494	21957029	0	0
2018-12-03 00:00:00-05:00	28.44647675	28.54277907	28.01579433	28.22979927	12675863	0	0
2018-12-04 00:00:00-05:00	28.08802074	28.18699741	27.66268705	27.94356728	12579655	0	0
2018-12-06 00:00:00-05:00	27.78039094	28.27259995	27.67338756	28.25119781	17103542	0	0
2018-12-07 00:00:00-05:00	28.18164744	28.30737496	27.68676227	27.82051468	12979807	0	0
2018-12-10 00:00:00-05:00	27.88471699	28.0398697	27.50218392	27.84994125	12304573	0	0
2018-12-11 00:00:00-05:00	28.16826928	28.35552154	27.80178784	28.01579094	14477080	0	0
2018-12-12 00:00:00-05:00	28.40902667	28.41972773	28.02114486	28.09069633	14229791	0	0
2018-12-13 00:00:00-05:00	28.14152252	28.35017693	27.99974522	28.22177505	13518212	0	0
2018-12-14 00:00:00-05:00	28.06126922	28.33145021	28.06126922	28.29934883	13998537	0	0
2018-12-17 00:00:00-05:00	28.2485218	28.28329753	28.03719305	28.10941887	16345285	0	0
2018-12-18 00:00:00-05:00	28.22177468	28.48660332	28.06126961	28.31807518	20432676	0	0
2018-12-19 00:00:00-05:00	28.35552469	28.59628048	27.98369449	28.04789543	21565429	0	0
2018-12-20 00:00:00-05:00	28.11209567	28.25922349	27.36575729	27.6626873	21679096	0	0
2018-12-21 00:00:00-05:00	27.681415	27.79911946	26.83342549	27.48078728	29978590	0	0
2018-12-24 00:00:00-05:00	21.80165581	22.07985988	20.08962349	21.53414917	7411179	0	0
2018-12-26 00:00:00-05:00	21.19441807	21.71605229	21.0954414	21.70267868	5595709	0	0
2018-12-27 00:00:00-05:00	21.54752226	21.82840247	21.19976675	21.40039444	6841061	0	0
2018-12-28 00:00:00-05:00	22.22324161	22.46479915	21.62901251	21.94786644	8881065	0	1.806
2018-12-31 00:00:00-05:00	21.9816866	23.60977936	21.9816866	23.60977936	11479901	0	0
2019-01-02 00:00:00-05:00	23.30058683	23.72089546	22.25222965	22.76433182	12052465	0	0
2019-01-03 00:00:00-05:00	22.49378593	22.70635461	21.63384282	21.80293274	13618830	0	0
2019-01-04 00:00:00-05:00	22.05898395	22.68703066	21.67249296	22.23290443	17573116	0	0
2019-01-07 00:00:00-05:00	22.18942412	22.88994028	21.99617772	22.37783813	9718603	0	0
2019-01-08 00:00:00-05:00	22.77399069	23.10250755	22.41165621	22.64354897	14375870	0	0
2019-01-09 00:00:00-05:00	22.74017474	22.89477114	22.60007187	22.67737007	6509914	0	0
2019-01-10 00:00:00-05:00	22.67737024	22.89477131	21.69181775	21.83192062	7030785	0	0
2019-01-11 00:00:00-05:00	21.71597397	22.08797147	21.45026174	21.48407936	5326903	0	0
2019-01-14 00:00:00-05:00	21.2908278	21.37778894	20.65795061	20.6772747	7232426	0	0
2019-01-15 00:00:00-05:00	20.79805821	21.1120816	20.52268302	20.7787323	5581222	0	0
2019-01-16 00:00:00-05:00	20.67727793	20.8753549	20.30044808	20.59031677	4849239	0	0
2019-01-17 00:00:00-05:00	20.63379392	21.12173951	20.56615869	21.11690712	6989155	0	0
2019-01-18 00:00:00-05:00	21.15072927	21.15555984	20.82704297	20.94298935	6425075	0	0
2019-01-22 00:00:00-05:00	21.19903997	21.57103741	20.92366481	21.2859993	6256186	0	0
2019-01-23 00:00:00-05:00	21.82708804	22.17009846	21.45992296	21.55654526	6218107	0	0
2019-01-24 00:00:00-05:00	21.69664773	21.80776355	21.35846789	21.72080421	7007899	0	0
2019-01-25 00:00:00-05:00	21.85124499	22.22324246	21.84641442	22.17976189	5165709	0	0
2019-01-28 00:00:00-05:00	22.17492965	22.89476988	22.03965736	22.65804291	11741718	0	0
2019-01-29 00:00:00-05:00	22.75466893	22.86578475	22.46480022	22.63389015	7021315	0	0
2019-01-30 00:00:00-05:00	22.87544323	23.18946838	22.78365151	23.18946838	7855697	0	0
2019-01-31 00:00:00-05:00	23.10734139	23.91414099	23.04936729	23.47450829	7381190	0	0
2019-02-01 00:00:00-05:00	23.66291849	24.03491774	23.43102574	23.9866066	3583363	0	0
2019-02-04 00:00:00-05:00	24.16052865	25.0301329	24.16052865	24.55668259	6294659	0	0
2019-02-05 00:00:00-05:00	24.76925261	24.92868139	24.46489219	24.67263031	5435023	0	0
2019-02-06 00:00:00-05:00	24.71128173	25.07844866	24.56151589	24.60982704	5595823	0	0
2019-02-07 00:00:00-05:00	24.44556334	24.54701801	24.04941125	24.36826515	3516675	0	0
2019-02-08 00:00:00-05:00	24.17985416	24.92385093	23.98660956	24.87553978	3539167	0	0
2019-02-11 00:00:00-05:00	25.05912226	25.15574456	24.6629701	25.13158989	5366757	0	0
2019-02-12 00:00:00-05:00	25.32483447	25.98669881	25.22337979	25.89490891	6666767	0	0
2019-02-13 00:00:00-05:00	26.03984079	26.38768175	25.78862212	26.06399727	3504245	0	0
2019-02-14 00:00:00-05:00	25.9335582	26.37319274	25.85626	26.27173805	5128024	0	0
2019-02-15 00:00:00-05:00	26.46981141	27.00123579	26.08815103	26.57126427	4529613	0	0
2019-02-19 00:00:00-05:00	26.614748	26.80316384	26.35386635	26.59059334	2480850	0	0
2019-02-20 00:00:00-05:00	26.70170769	26.95775694	26.39251491	26.8321476	2726883	0	0
2019-02-21 00:00:00-05:00	26.84181055	27.09302923	26.70653826	26.8321476	3834131	0	0
2019-02-22 00:00:00-05:00	26.97225216	27.14134026	26.83697986	27.14134026	3644723	0	0
2019-02-25 00:00:00-05:00	27.27661383	27.4940149	27.20414802	27.36357498	4612085	0	0
2019-02-26 00:00:00-05:00	27.19931679	27.59063835	26.87079809	27.4070549	4619188	0	0
2019-02-27 00:00:00-05:00	27.31526232	27.44087166	27.1461724	27.17515945	3335948	0	0
2019-02-28 00:00:00-05:00	27.1510021	27.29593735	26.65339534	26.96741867	8152633	0	0
2019-03-01 00:00:00-05:00	27.866013	28.49889208	27.14617276	27.36840439	6934700	0	0
2019-03-04 00:00:00-05:00	27.57131371	27.60513315	26.32971194	26.73552704	5875989	0	0
2019-03-05 00:00:00-05:00	26.69204671	26.97708485	26.31038809	26.62924385	5502302	0	0
2019-03-06 00:00:00-05:00	26.48430795	26.48430795	25.53257308	25.95771408	4962687	0	0
2019-03-07 00:00:00-05:00	25.90457186	26.2862323	25.51808084	25.66784668	3652220	0	0
2019-03-08 00:00:00-05:00	25.40213326	25.50358613	24.91901815	25.29101563	3776717	0	0
2019-03-11 00:00:00-04:00	25.31517018	26.19926792	25.24753312	26.16061974	3516872	0	0
2019-03-12 00:00:00-04:00	26.20410084	26.78866879	26.17511379	26.42633247	4896000	0	0
2019-03-13 00:00:00-04:00	26.64373572	26.8418127	26.45532169	26.54711342	4083913	0	0
2019-03-14 00:00:00-04:00	27.0543801	28.02060842	26.90461429	27.6244545	7633537	0	0
2019-03-15 00:00:00-04:00	27.986792	29.11727789	27.97229666	29.0979538	11238800	0	0
2019-03-18 00:00:00-04:00	29.15592519	29.54724854	28.86122594	29.22356224	5256664	0	0
2019-03-19 00:00:00-04:00	29.46995026	29.55690959	29.14143339	29.19940567	3981711	0	0
2019-03-20 00:00:00-04:00	29.17041898	29.35400423	28.62450105	28.80808449	5130984	0	0
2019-03-21 00:00:00-04:00	28.74045062	29.44096497	28.69697005	29.32984734	3257028	0	0
2019-03-22 00:00:00-04:00	28.93852389	29.55207886	28.75010988	28.76943398	2970352	0	0
2019-03-25 00:00:00-04:00	28.74528007	28.74528007	27.59546828	27.67759705	3709832	0	0
2019-03-26 00:00:00-04:00	27.98196083	28.49406117	27.72107918	28.4505806	3527921	0	0
2019-03-27 00:00:00-04:00	28.50855532	28.93369634	27.74523627	27.79837799	3628742	0	0
2019-03-28 00:00:00-04:00	27.75972769	27.96746579	27.37323671	27.49884605	3301224	0	0
2019-03-29 00:00:00-04:00	27.64377896	28.40226737	27.60996134	28.35395622	3746924	0	0
2019-04-01 00:00:00-04:00	28.8805548	29.19940874	28.75494363	29.19457817	3523383	0	0
2019-04-02 00:00:00-04:00	29.08828919	29.61971539	28.86122518	29.60038948	4647599	0	0
2019-04-03 00:00:00-04:00	29.59556076	29.78397477	29.3008615	29.75498772	4143695	0	0
2019-04-04 00:00:00-04:00	29.72116884	29.75498646	28.61000709	29.15109444	4261680	0	0
2019-04-05 00:00:00-04:00	29.19940823	30.14148197	29.19940823	30.04969025	4349676	0	0
2019-04-08 00:00:00-04:00	30.03036385	30.2719214	29.692184	30.18979263	2637506	0	0
2019-04-09 00:00:00-04:00	30.0931689	30.14631244	29.61971857	29.82262611	2530570	0	0
2019-04-10 00:00:00-04:00	29.84678107	30.74054368	29.82745698	30.5762825	3311089	0	0
2019-04-11 00:00:00-04:00	30.66324204	30.85648662	30.32023163	30.85165787	3843207	0	0
2019-04-12 00:00:00-04:00	30.93862059	31.19950042	30.51831196	30.6825695	2378452	0	0
2019-04-15 00:00:00-04:00	30.72604811	30.90479916	30.46999704	30.86131859	2291048	0	0
2019-04-16 00:00:00-04:00	31.09321466	31.13669524	30.28158271	30.33472443	2220809	0	0
2019-04-17 00:00:00-04:00	30.48932348	30.67773751	30.19945477	30.31540298	2039687	0	0
2019-04-18 00:00:00-04:00	30.31056878	30.43134755	29.91441666	30.36371231	2066915	0	0
2019-04-22 00:00:00-04:00	30.32989323	30.55695724	30.20428208	30.55695724	2132221	0	0
2019-04-23 00:00:00-04:00	30.54246547	31.51835317	30.47965898	31.4024086	3039407	0	0
2019-04-24 00:00:00-04:00	31.39274129	32.10292035	31.28645786	32.00629807	3057953	0	0
2019-04-25 00:00:00-04:00	31.98214049	32.47008794	31.70193477	32.36863327	3190736	0	0
2019-04-26 00:00:00-04:00	31.9145062	32.19954432	31.29612064	31.57632637	3018098	0	0
2019-04-29 00:00:00-04:00	31.59565181	31.77923524	31.41206837	31.66811943	2449085	0	0
2019-04-30 00:00:00-04:00	31.71642574	32.61018818	31.71642574	32.56670761	2385752	0	0
2019-05-01 00:00:00-04:00	32.80343551	33.43148219	32.56671036	33.13195419	4112718	0	0
2019-05-02 00:00:00-04:00	33.06432308	33.3107094	32.09809282	32.91938782	3875958	0	0
2019-05-03 00:00:00-04:00	33.20442349	33.47979684	32.97252708	33.18992996	1860144	0	0
2019-05-06 00:00:00-04:00	32.48457813	33.09813122	32.41211051	32.94353485	1331183	0	0
2019-05-07 00:00:00-04:00	32.63434517	32.98701852	31.99180497	32.60535812	2800279	0	0
2019-05-08 00:00:00-04:00	32.38795936	32.5135687	32.1319083	32.41694641	2022128	0	0
2019-05-09 00:00:00-04:00	31.90967586	32.50873547	31.71642765	32.41211319	2736354	0	0
2019-05-10 00:00:00-04:00	32.25751847	32.55705011	31.66811996	32.4459343	1412076	0	0
2019-05-13 00:00:00-04:00	31.44588744	31.83720897	30.77435655	30.93861771	5181295	0	0
2019-05-14 00:00:00-04:00	31.04490387	32.23819449	30.96760748	31.95798874	1958400	0	0
2019-05-15 00:00:00-04:00	31.72126155	32.98219097	31.64396154	32.80343628	2051328	0	0
2019-05-16 00:00:00-04:00	32.87590209	33.92908972	32.80826686	33.72135162	2041858	0	0
2019-05-17 00:00:00-04:00	33.33002826	34.08368421	33.09813188	33.54259872	2938389	0	0
2019-05-20 00:00:00-04:00	33.13678775	33.31554246	32.40728629	32.85175323	2650134	0	0
2019-05-21 00:00:00-04:00	33.29621426	33.89044519	33.05465671	33.64888763	2322024	0	0
2019-05-22 00:00:00-04:00	33.9435862	34.00639269	33.17543661	33.33486176	3092283	0	0
2019-05-23 00:00:00-04:00	32.67782867	32.67782867	31.1850064	31.74058914	6202520	0	0
2019-05-24 00:00:00-04:00	31.89518928	32.46043322	31.54734461	31.94349861	3735678	0	0
2019-05-28 00:00:00-04:00	31.97248327	32.78894587	31.88552211	32.08359909	3530881	0	0
2019-05-29 00:00:00-04:00	31.77923767	31.99180818	31.25747437	31.9821434	4759665	0	0
2019-05-30 00:00:00-04:00	32.13674445	32.51840125	31.65362932	32.08359909	4113113	0	0
2019-05-31 00:00:00-04:00	29.30569076	30.03036154	27.59063699	28.76943398	15620241	0	0
2019-06-03 00:00:00-04:00	28.69696909	28.75977194	26.78866887	26.98674583	6365687	0	0
2019-06-04 00:00:00-04:00	27.5326652	27.90466267	27.02056486	27.86601448	5077516	0	0
2019-06-05 00:00:00-04:00	27.91915447	28.04476381	25.97220608	26.32971001	7388293	0	0
2019-06-06 00:00:00-04:00	26.54711208	26.58576209	25.17989919	25.71615601	7644388	0	0
2019-06-07 00:00:00-04:00	25.79828543	26.64373317	25.6098696	26.23308754	4520538	0	0
2019-06-10 00:00:00-04:00	26.47947374	26.82731652	26.10264573	26.18477631	3659520	0	0
2019-06-11 00:00:00-04:00	26.31521747	26.51812501	25.89007647	26.2524128	3505429	0	0
2019-06-12 00:00:00-04:00	26.18960602	26.5326164	25.58088163	25.61953163	2527018	0	0
2019-06-13 00:00:00-04:00	25.6002084	26.09781704	25.37314619	26.00602531	4077796	0	0
2019-06-14 00:00:00-04:00	25.58088488	25.8514295	24.52286655	24.79340935	3634463	0	0
2019-06-17 00:00:00-04:00	24.87554	24.96249934	24.43107488	24.46006012	3298461	0	0
2019-06-18 00:00:00-04:00	24.73543467	25.43595085	24.5953318	24.8852005	4490943	0	0
2019-06-19 00:00:00-04:00	25.12675878	25.87075374	24.90452531	25.80794907	4167568	0	0
2019-06-20 00:00:00-04:00	26.57126832	27.66310611	25.75963811	26.28623199	4939406	0	0
2019-06-21 00:00:00-04:00	26.12197071	26.38285235	25.84659737	26.08332253	4973933	0	0
2019-06-24 00:00:00-04:00	26.0833245	26.23309033	25.63402881	25.7499752	3584744	0	0
2019-06-25 00:00:00-04:00	25.74997501	26.0253502	25.21855056	25.27169228	4532178	0	0
2019-06-26 00:00:00-04:00	25.58571609	25.96737469	25.49875494	25.71615601	1905523	0	0
2019-06-27 00:00:00-04:00	25.33932552	25.5374043	24.43107309	25.22337914	9568655	0	0
2019-06-28 00:00:00-04:00	25.44078191	25.48909487	24.46972292	24.54219055	13893669	0	0
2019-07-01 00:00:00-04:00	25.22338044	25.23787396	24.75476067	24.90935707	6958376	0	0
2019-07-02 00:00:00-04:00	24.74509603	25.21371576	24.44556439	25.20888519	4973933	0	0
2019-07-03 00:00:00-04:00	25.05911934	25.585715	24.74992657	25.56638908	5140454	0	0
2019-07-05 00:00:00-04:00	25.18473186	25.43595055	25.02047251	25.30067825	4130870	0	0
2019-07-08 00:00:00-04:00	25.0253016	25.1605739	24.62914768	24.7789135	5919197	0	0
2019-07-09 00:00:00-04:00	24.61948901	24.79824008	24.46006022	24.68712425	5298492	0	0
2019-07-10 00:00:00-04:00	24.89486094	25.60504006	24.70644692	25.26202965	9092176	0	0
2019-07-11 00:00:00-04:00	25.24753469	25.83693504	25.20405593	25.83693504	5895324	0	0
2019-07-12 00:00:00-04:00	26.01568627	26.24757904	25.71615464	25.98186684	7217037	0	0
2019-07-15 00:00:00-04:00	26.08815284	26.70653841	26.06399818	26.67755318	7950993	0	0
2019-07-16 00:00:00-04:00	26.82248658	27.53266386	26.63407256	27.05921173	7118387	0	0
2019-07-17 00:00:00-04:00	27.05437906	27.30559772	26.75001687	27.29593658	3554359	0	0
2019-07-18 00:00:00-04:00	27.17032935	27.91915669	26.93843656	27.72591209	4343560	0	0
2019-07-19 00:00:00-04:00	27.99645309	28.5858516	27.3442499	27.44087219	5908543	0	0
2019-07-22 00:00:00-04:00	27.56648075	27.72107714	27.24279445	27.25728798	3269853	0	0
2019-07-23 00:00:00-04:00	27.39256045	27.39256045	26.39734507	26.79349899	4539084	0	0
2019-07-24 00:00:00-04:00	26.65339765	27.21380914	26.65339765	27.16066742	2860850	0	0
2019-07-25 00:00:00-04:00	27.20897936	27.37323872	26.46015202	26.60508728	3693851	0	0
2019-07-26 00:00:00-04:00	26.63407525	26.80799575	26.46981588	26.70654106	3268669	0	0
2019-07-29 00:00:00-04:00	26.96742075	27.1703283	26.3055546	27.03988838	3832947	0	0
2019-07-30 00:00:00-04:00	26.92394218	27.72591309	26.80316522	27.64861488	4031431	0	0
2019-07-31 00:00:00-04:00	27.67276511	28.0157755	27.32975473	27.89499855	5389447	0	0
2019-08-01 00:00:00-04:00	27.99162458	28.57619256	27.68243177	27.87084579	4970579	0	0
2019-08-02 00:00:00-04:00	26.49880046	26.81282381	24.85621243	25.3200016	20770166	0	0
2019-08-05 00:00:00-04:00	24.64364265	24.68229266	23.32474271	24.35860634	11192632	0	0
2019-08-06 00:00:00-04:00	24.59533185	24.89003112	23.8899851	24.52769661	7244461	0	0
2019-08-07 00:00:00-04:00	24.102556	24.43590529	23.80302615	24.33928299	3653601	0	0
2019-08-08 00:00:00-04:00	24.45522834	25.14125098	24.45522834	24.79823875	4783539	0	0
2019-08-09 00:00:00-04:00	24.77891571	24.77891571	24.05907542	24.36343765	2521691	0	0
2019-08-12 00:00:00-04:00	24.17985174	24.27164345	23.75954315	23.89481544	2621131	0	0
2019-08-13 00:00:00-04:00	23.79336341	24.59533248	23.53731232	23.92380333	7019934	0	0
2019-08-14 00:00:00-04:00	23.52281827	23.6677517	22.68702984	23.47933769	8122644	0	0
2019-08-15 00:00:00-04:00	23.25710437	23.368222	22.33918899	22.65804291	5727422	0	0
2019-08-16 00:00:00-04:00	22.89477177	23.76437607	22.82713471	23.39720917	4909219	0	0
2019-08-19 00:00:00-04:00	23.82234854	23.97694493	23.56629747	23.6967392	3959219	0	0
2019-08-20 00:00:00-04:00	23.53731138	23.81751894	23.28126212	23.41653442	3635647	0	0
2019-08-21 00:00:00-04:00	23.51315789	24.03009064	23.45518378	23.66292191	2741484	0	0
2019-08-22 00:00:00-04:00	23.88032573	23.94313041	23.39238002	23.6919117	3195865	0	0
2019-08-23 00:00:00-04:00	23.068692	23.16048373	22.09280246	22.13145065	7242291	0	0
2019-08-26 00:00:00-04:00	22.22324298	22.74500629	22.19908831	22.42131996	4026696	0	0
2019-08-27 00:00:00-04:00	22.68220203	22.78848728	21.87056999	22.02999878	3852085	0	0
2019-08-28 00:00:00-04:00	21.99134459	22.03965573	21.4261008	21.88505936	3722656	0	0
2019-08-29 00:00:00-04:00	22.10246521	22.67253966	22.05415225	22.59523964	6461575	0	0
2019-08-30 00:00:00-04:00	24.56634427	25.70166067	23.98660692	24.89485931	31586941	0	0
2019-09-03 00:00:00-04:00	24.65330621	25.0639537	24.44556628	24.67263031	8237867	0	0
2019-09-04 00:00:00-04:00	24.88037075	25.06395421	24.2861398	24.73543549	5511378	0	0
2019-09-05 00:00:00-04:00	24.90935534	25.84659663	24.69195428	25.56638908	8994907	0	0
2019-09-06 00:00:00-04:00	25.60504069	25.9866993	25.24753493	25.77896118	6831315	0	0
2019-09-09 00:00:00-04:00	26.08815146	26.30555251	25.67267345	26.22825432	7168304	0	0
2019-09-10 00:00:00-04:00	26.03017972	26.98191459	25.7258175	26.80316353	6298408	0	0
2019-09-11 00:00:00-04:00	26.62924245	26.81282407	26.42633309	26.71620178	5916238	0	0
2019-09-12 00:00:00-04:00	26.83697938	27.02056282	26.11230859	26.16061974	5659748	0	0
2019-09-13 00:00:00-04:00	26.11230871	26.40217739	25.81760764	25.85142708	2785284	0	0
2019-09-16 00:00:00-04:00	25.60504251	26.35386807	25.5470684	26.13646698	3021058	0	0
2019-09-17 00:00:00-04:00	26.08815184	26.13646298	25.6581803	26.01568604	2821587	0	0
2019-09-18 00:00:00-04:00	26.05433497	26.05433497	25.12675663	25.50841522	3759551	0	0
2019-09-19 00:00:00-04:00	25.48909057	25.91906027	25.39246648	25.62436104	4931908	0	0
2019-09-20 00:00:00-04:00	25.69683209	25.7692979	24.9818224	25.04945946	6002458	0	0
2019-09-23 00:00:00-04:00	25.03013197	25.60503876	24.64847339	25.57605171	4902708	0	0
2019-09-24 00:00:00-04:00	25.63402778	25.91906409	24.95766808	25.21854973	6605999	0	0
2019-09-25 00:00:00-04:00	25.21371434	26.09781387	25.14607911	25.96254158	6056124	0	0
2019-09-26 00:00:00-04:00	25.6050387	25.6050387	24.79340676	25.19439125	6061253	0	0
2019-09-27 00:00:00-04:00	25.32483569	25.54706734	24.34411374	24.61465836	4381441	0	0
2019-09-30 00:00:00-04:00	24.61465618	25.13641945	24.57600617	25.05428886	2619552	0	0
2019-10-01 00:00:00-04:00	25.18473267	25.55189776	24.83205928	24.94800568	3819136	0	0
2019-10-02 00:00:00-04:00	24.88037074	24.88520131	24.23299626	24.53252792	3143581	0	0
2019-10-03 00:00:00-04:00	24.54702022	24.81756482	23.8609994	24.667799	2660788	0	0
2019-10-04 00:00:00-04:00	24.74992772	24.88036945	24.25232091	24.28613853	3822885	0	0
2019-10-07 00:00:00-04:00	24.20401003	24.67262979	24.15086649	24.40691757	3134900	0	0
2019-10-08 00:00:00-04:00	24.24749001	24.33444935	23.57113034	23.58079147	3017112	0	0
2019-10-09 00:00:00-04:00	23.74021906	24.02525535	23.55180506	23.89481544	2605938	0	0
2019-10-10 00:00:00-04:00	23.87065959	23.95762074	23.61944091	23.67258263	4467661	0	0
2019-10-11 00:00:00-04:00	24.09289436	24.82239578	24.04458321	24.30063248	3014744	0	0
2019-10-14 00:00:00-04:00	24.27647675	24.51803431	24.20884151	24.48421669	1551173	0	0
2019-10-15 00:00:00-04:00	24.39725219	24.99631362	24.32478456	24.70161438	2061193	0	0
2019-10-16 00:00:00-04:00	24.60016356	24.60499413	24.23782723	24.41657829	1980103	0	0
2019-10-17 00:00:00-04:00	24.56151379	24.75959077	24.30546453	24.33444977	1985824	0	0
2019-10-18 00:00:00-04:00	24.32962069	24.36826888	23.91414262	24.09289551	3410133	0	0
2019-10-21 00:00:00-04:00	24.10738688	24.40208798	23.95762287	24.15086746	2371743	0	0
2019-10-22 00:00:00-04:00	24.30546493	24.46005951	24.04941385	24.14603615	2048763	0	0
2019-10-23 00:00:00-04:00	24.1025555	24.35377601	23.79819327	24.30063248	2469210	0	0
2019-10-24 00:00:00-04:00	24.47455622	24.75959255	24.12188282	24.64364433	3018493	0	0
2019-10-25 00:00:00-04:00	24.69195378	25.27652171	24.61465559	24.96732712	3189946	0	0
2019-10-28 00:00:00-04:00	25.08810663	25.33932531	24.86587501	24.92384911	3117143	0	0
2019-10-29 00:00:00-04:00	24.95283658	25.73547968	24.90935601	25.72581673	5226082	0	0
2019-10-30 00:00:00-04:00	25.70649309	26.16061928	25.47459669	25.96737289	3210860	0	0
2019-10-31 00:00:00-04:00	25.91906395	25.99153158	25.17506901	25.55189705	3032698	0	0
2019-11-01 00:00:00-04:00	25.69199836	25.79345304	25.50358436	25.72098541	2398971	0	0
2019-11-04 00:00:00-05:00	26.01568902	26.15095951	25.83693613	26.01085663	1979905	0	0
2019-11-05 00:00:00-05:00	26.04467213	26.49880016	25.86592107	26.29589081	4079177	0	0
2019-11-06 00:00:00-05:00	26.57126781	26.57126781	25.94322107	26.24758148	2791006	0	0
2019-11-07 00:00:00-05:00	26.46015241	26.54711357	26.1509596	26.23792076	2908202	0	0
2019-11-08 00:00:00-05:00	26.26207543	26.37319307	25.87075385	26.23792076	1962346	0	0
2019-11-11 00:00:00-05:00	26.0011909	26.50846064	25.91906214	26.33937073	1830944	0	0
2019-11-12 00:00:00-05:00	26.46981228	26.94809496	26.40217704	26.77900505	5463434	0	0
2019-11-13 00:00:00-05:00	26.57126833	26.76451475	26.34903668	26.46498489	2171878	0	0
2019-11-14 00:00:00-05:00	26.28139939	27.14617307	26.17028176	26.59542274	3357060	0	0
2019-11-15 00:00:00-05:00	26.88529131	26.9819136	26.64856433	26.88046074	2799292	0	0
2019-11-18 00:00:00-05:00	26.88529164	27.00123802	26.6050859	26.84664345	1931764	0	0
2019-11-19 00:00:00-05:00	26.89012208	27.38289831	26.70653863	27.15583611	2811525	0	0
2019-11-20 00:00:00-05:00	26.96742005	27.1896535	26.54228088	26.70170784	2832242	0	0
2019-11-21 00:00:00-05:00	26.68721583	26.86113633	25.9383885	25.94805145	3173373	0	0
2019-11-22 00:00:00-05:00	25.9432208	26.08815424	25.60504095	25.89974022	2850788	0	0
2019-11-25 00:00:00-05:00	26.08815372	26.86596809	26.08815372	26.60025406	3744557	0	0
2019-11-26 00:00:00-05:00	26.89495367	27.02539357	25.67750484	25.69683075	8725790	0	0
2019-11-27 00:00:00-05:00	24.66296847	25.19922347	24.03491993	24.3102951	25892863	0	0
2019-11-29 00:00:00-05:00	24.30063386	24.37793207	23.40204248	23.42619896	6382852	0	0
2019-12-02 00:00:00-05:00	23.35855952	23.51315592	22.8657833	23.05419731	7351990	0	0
2019-12-03 00:00:00-05:00	22.60973418	22.94308347	22.43098129	22.89960289	7722322	0	0
2019-12-04 00:00:00-05:00	23.1411573	23.23777958	22.967235	23.03487206	4132843	0	0
2019-12-05 00:00:00-05:00	23.00105482	23.0590271	22.52277032	22.8706131	4072469	0	0
2019-12-06 00:00:00-05:00	22.94791345	23.52765086	22.72085124	22.76433182	5935771	0	0
2019-12-09 00:00:00-05:00	22.61939551	23.17497641	22.44064264	23.02038002	7451034	0	0
2019-12-10 00:00:00-05:00	22.9044323	23.17980747	22.76916181	22.88027763	6115511	0	0
2019-12-11 00:00:00-05:00	22.86095199	23.06869009	22.65804264	23.049366	4372957	0	0
2019-12-12 00:00:00-05:00	22.860953	23.9914389	22.7450048	23.9141407	5211877	0	0
2019-12-13 00:00:00-05:00	23.8803229	24.19434626	23.68707832	23.8416729	5212666	0	0
2019-12-16 00:00:00-05:00	24.15086511	24.2281633	23.80302414	23.90930939	6638750	0	0
2019-12-17 00:00:00-05:00	24.0204249	24.25715005	23.94312671	24.12187958	4669302	0	0
2019-12-18 00:00:00-05:00	24.15569878	24.44073509	23.97211351	24.15569878	4543424	0	0
2019-12-19 00:00:00-05:00	24.18468309	24.31512481	24.04941261	24.10255432	2995014	0	0
2019-12-20 00:00:00-05:00	24.30063135	24.42141012	23.91897094	23.97211266	5335979	0	0
2019-12-23 00:00:00-05:00	23.99144058	24.72577441	23.97211467	24.37793159	3213228	0	0
2019-12-24 00:00:00-05:00	24.37309914	24.79823831	24.27647504	24.55668259	1891910	0	0
2019-12-26 00:00:00-05:00	24.76442036	25.25719658	24.69195455	25.12675667	3034474	0	0
2019-12-27 00:00:00-05:00	25.21854882	25.21854882	24.493878	24.62914848	3107672	0	0
2019-12-30 00:00:00-05:00	24.58083576	24.90935444	24.39725233	24.59532928	2622512	0	0
2019-12-31 00:00:00-05:00	24.54218655	25.07361091	24.42140779	24.82722282	3263145	0	0
2020-01-02 00:00:00-05:00	25.15091201	25.42145661	24.9045239	25.26202965	4278253	0	0
2020-01-03 00:00:00-05:00	24.83205866	25.11226441	24.35860651	24.43107414	4447142	0	0
2020-01-06 00:00:00-05:00	24.19917701	24.7789144	24.19917701	24.67745972	4983403	0	0
2020-01-07 00:00:00-05:00	24.65813393	24.78857565	23.94795669	24.05907249	6135833	0	0
2020-01-08 00:00:00-05:00	23.91414122	24.17502287	23.7450513	24.15569878	6934306	0	0
2020-01-09 00:00:00-05:00	24.25232021	24.28130726	23.68224579	23.97211266	7158833	0	0
2020-01-10 00:00:00-05:00	23.97211182	24.12671002	23.87065896	23.91897011	4865615	0	0
2020-01-13 00:00:00-05:00	24.0059331	24.15086654	23.51798743	24.07356834	6736414	0	0
2020-01-14 00:00:00-05:00	24.07356791	24.89486103	24.06390677	24.57117653	6555490	0	0
2020-01-15 00:00:00-05:00	24.4987078	24.7064459	24.34894198	24.44556427	3906145	0	0
2020-01-16 00:00:00-05:00	24.64364508	24.99148792	24.48904867	24.80307388	4445958	0	0
2020-01-17 00:00:00-05:00	24.88036716	24.88036716	24.17985106	24.31995392	6502416	0	0
2020-01-21 00:00:00-05:00	24.22816506	24.23782802	23.62427299	23.81268883	5397142	0	0
2020-01-22 00:00:00-05:00	23.9141404	24.21367204	23.9141404	24.12671089	2705180	0	0
2020-01-23 00:00:00-05:00	24.16535985	24.38276273	23.85133648	24.33444977	2187860	0	0
2020-01-24 00:00:00-05:00	24.42141132	24.65813649	23.92863508	24.14603615	3948170	0	0
2020-01-27 00:00:00-05:00	23.50832236	23.61943816	23.17497314	23.26193428	6143133	0	0
2020-01-28 00:00:00-05:00	23.43585753	23.7692068	23.35855934	23.5179863	4225377	0	0
2020-01-29 00:00:00-05:00	23.64842796	23.76920673	23.450351	23.64842796	2788836	0	0
2020-01-30 00:00:00-05:00	23.38271652	23.89964742	23.26676831	23.85616684	4742697	0	0
2020-01-31 00:00:00-05:00	23.73539044	23.79336272	23.26193828	23.56146812	4627869	0	0
2020-02-03 00:00:00-05:00	23.57113036	23.86582962	23.48416921	23.75954437	3265118	0	0
2020-02-04 00:00:00-05:00	24.15569825	24.87070612	23.88515366	24.65330505	5845604	0	0
2020-02-05 00:00:00-05:00	24.87070661	25.31034113	24.44556561	24.53735733	7337587	0	0
2020-02-06 00:00:00-05:00	24.71611111	25.57122371	24.66779996	25.5325737	6581533	0	0
2020-02-07 00:00:00-05:00	25.36348213	25.36348213	24.63881131	24.93834114	9318084	0	0
2020-02-10 00:00:00-05:00	24.63881297	25.20405686	24.42624246	25.17506981	5327100	0	0
2020-02-11 00:00:00-05:00	25.17023742	25.65335069	25.12192446	25.2475338	8685935	0	0
2020-02-12 00:00:00-05:00	25.47460002	25.85626046	25.4021342	25.7499752	6874129	0	0
2020-02-13 00:00:00-05:00	25.09776941	25.52291039	24.84654891	25.38763809	6760485	0	0
2020-02-14 00:00:00-05:00	25.58088335	25.87075205	25.42628696	25.54706573	4158295	0	0
2020-02-18 00:00:00-05:00	25.26685917	25.58088252	25.06395164	25.49392319	5139862	0	0
2020-02-19 00:00:00-05:00	25.55672805	25.89007733	25.48426224	25.76929855	5512759	0	0
2020-02-20 00:00:00-05:00	25.76929896	25.79828783	25.26203099	25.58088493	5310724	0	0
2020-02-21 00:00:00-05:00	25.46010645	25.51324999	24.74026797	24.98665428	4403144	0	0
2020-02-24 00:00:00-05:00	24.04458005	24.0928912	22.90926188	23.3392334	7265770	0	0
2020-02-25 00:00:00-05:00	23.69674181	23.76920944	22.30537232	22.32952881	6799550	0	0
2020-02-26 00:00:00-05:00	22.571083	22.87061281	21.88506041	22.18942261	6851242	0	0
2020-02-27 00:00:00-05:00	21.5130648	22.00101047	20.72558929	21.04444504	11049984	0	0
2020-02-28 00:00:00-05:00	19.90429685	20.8270447	18.93806842	19.54679108	16947084	0	0
2020-03-02 00:00:00-05:00	19.67239897	20.52751151	19.03468931	20.47920036	7908770	0	0
2020-03-03 00:00:00-05:00	20.61447127	21.11690859	20.00574688	20.18449974	9216475	0	0
2020-03-04 00:00:00-05:00	20.52751173	20.95748329	19.8994632	20.95748329	6008377	0	0
2020-03-05 00:00:00-05:00	20.30528106	20.56133032	19.56128611	19.7352066	7139103	0	0
2020-03-06 00:00:00-05:00	18.84144423	19.74969664	18.65785897	19.14097404	8400837	0	0
2020-03-09 00:00:00-04:00	17.62399796	17.77859254	17.13122173	17.51288033	10960804	0	0
2020-03-10 00:00:00-04:00	18.21339856	19.02503063	17.15054778	18.90908241	9943920	0	0
2020-03-11 00:00:00-04:00	18.18440939	18.62404209	17.6674785	17.84622955	9386942	0	0
2020-03-12 00:00:00-04:00	16.41621059	16.87033859	15.60941107	15.81714916	13329588	0	0
2020-03-13 00:00:00-04:00	16.99594917	17.36794662	16.01039672	17.36794662	9643038	0	0
2020-03-16 00:00:00-04:00	14.09726578	16.57564147	14.09726578	15.56110191	10100379	0	0
2020-03-17 00:00:00-04:00	15.85096763	16.16499279	14.60936505	15.13112831	9976277	0	0
2020-03-18 00:00:00-04:00	14.0103039	14.56588476	12.32423632	13.94749832	9067711	0	0
2020-03-19 00:00:00-04:00	14.01030529	15.80265739	13.61415135	15.44032288	8396299	0	0
2020-03-20 00:00:00-04:00	15.86546204	17.82207349	15.46930991	15.69637394	13518799	0	0
2020-03-23 00:00:00-04:00	15.94276252	17.26166447	15.23258511	16.39689064	7340349	0	0
2020-03-24 00:00:00-04:00	17.6143339	18.77380678	16.68192321	18.76897621	7084254	0	0
2020-03-25 00:00:00-04:00	19.02019459	20.48402965	18.44045725	19.00570107	7389280	0	0
2020-03-26 00:00:00-04:00	19.29557111	20.72558865	19.08300062	20.55166817	6317941	0	0
2020-03-27 00:00:00-04:00	19.43567478	19.80284168	18.48877229	18.72066689	6310246	0	0
2020-03-30 00:00:00-04:00	19.18445703	19.889802	18.73516134	19.22793579	6928979	0	0
2020-03-31 00:00:00-04:00	19.06367618	19.80767108	18.78830102	19.10715675	3495761	0	0
2020-04-01 00:00:00-04:00	18.23755174	18.77380669	17.63848848	17.8269043	4866207	0	0
2020-04-02 00:00:00-04:00	17.67231112	18.38248849	17.47423412	17.94285393	3894307	0	0
2020-04-03 00:00:00-04:00	17.86072448	18.20373491	17.16503884	17.60467339	4084899	0	0
2020-04-06 00:00:00-04:00	18.58539172	18.90907799	18.31484715	18.79796219	6457629	0	0
2020-04-07 00:00:00-04:00	19.28590617	19.70138416	18.43079553	18.53708076	7205396	0	0
2020-04-08 00:00:00-04:00	18.74482345	19.65791022	18.64820114	19.50814438	6720038	0	0
2020-04-09 00:00:00-04:00	20.131362	20.65312352	19.8753109	20.07821846	8348158	0	0
2020-04-13 00:00:00-04:00	19.64341519	19.96226914	19.28590942	19.54679108	3434006	0	0
2020-04-14 00:00:00-04:00	19.89946383	20.45987532	19.71104981	19.97193146	5004120	0	0
2020-04-15 00:00:00-04:00	19.33905222	19.74003674	19.13131229	19.54195976	4119427	0	0
2020-04-16 00:00:00-04:00	19.68206135	19.8994624	19.26175276	19.85598183	3042169	0	0
2020-04-17 00:00:00-04:00	20.36325084	20.42122493	19.80766998	20.05405807	6397453	0	0
2020-04-20 00:00:00-04:00	19.4888156	20.17483822	19.3970257	19.78834724	4069510	0	0
2020-04-21 00:00:00-04:00	19.29073995	19.39702519	17.97183827	18.06846237	7012437	0	0
2020-04-22 00:00:00-04:00	18.50326581	18.93806796	18.30518702	18.72066689	7617950	0	0
2020-04-23 00:00:00-04:00	18.94289561	19.21827074	18.69650752	18.79796219	2845855	0	0
2020-04-24 00:00:00-04:00	19.00087275	19.31489612	18.59988822	19.17479324	3493788	0	0
2020-04-27 00:00:00-04:00	19.40185589	19.61925694	19.32938826	19.41634941	3014349	0	0
2020-04-28 00:00:00-04:00	19.80284101	19.98159389	19.4211806	19.73037338	5056996	0	0
2020-04-29 00:00:00-04:00	20.06855392	21.097587	20.00091868	20.96231651	6579363	0	0
2020-04-30 00:00:00-04:00	20.77389989	20.981638	20.45504414	20.62413406	3432231	0	0
2020-05-01 00:00:00-04:00	20.09270966	20.28595424	19.21827301	19.32455826	3702926	0	0
2020-05-04 00:00:00-04:00	19.16513181	19.59993395	18.73999081	19.590271	2514589	0	0
2020-05-05 00:00:00-04:00	19.80767095	20.12652669	19.39702532	19.41634941	2149781	0	0
2020-05-06 00:00:00-04:00	19.61442673	19.8704778	19.42601272	19.56128502	2265201	0	0
2020-05-07 00:00:00-04:00	19.83665844	20.20865589	19.74003615	20.17000771	2209365	0	0
2020-05-08 00:00:00-04:00	20.48403109	21.16039077	20.41639585	21.08792496	4143695	0	0
2020-05-11 00:00:00-04:00	20.89951035	21.14589848	20.54683697	20.95265388	3142200	0	0
2020-05-12 00:00:00-04:00	21.03477988	21.15555864	20.41156197	20.41156197	4281805	0	0
2020-05-13 00:00:00-04:00	20.45987428	20.62896601	19.49364775	19.82216644	4291472	0	0
2020-05-14 00:00:00-04:00	19.40185528	20.24247244	18.98637727	20.22314835	3262750	0	0
2020-05-15 00:00:00-04:00	19.88496725	20.41639342	19.59993098	20.33426285	3069593	0	0
2020-05-18 00:00:00-04:00	20.71109748	21.44059895	20.55650107	21.15073204	3665439	0	0
2020-05-19 00:00:00-04:00	21.05893752	21.7111407	21.05893752	21.27633858	4253591	0	0
2020-05-20 00:00:00-04:00	21.45992222	21.72080386	21.14106648	21.57586861	4144484	0	0
2020-05-21 00:00:00-04:00	21.59036036	21.75945027	21.03477952	21.44542694	3477018	0	0
2020-05-22 00:00:00-04:00	20.96714706	21.16039165	20.23764383	20.80771828	5418450	0	0
2020-05-26 00:00:00-04:00	21.63384445	21.78844085	21.44543042	21.47924805	3831961	0	0
2020-05-27 00:00:00-04:00	21.74012965	22.01550484	21.10241813	22.01550484	5659748	0	0
2020-05-28 00:00:00-04:00	21.87057031	22.31503544	21.85607679	22.02033615	8541906	0	0
2020-05-29 00:00:00-04:00	23.67258251	24.15569758	23.18946925	23.98177528	23420102	0	0
2020-06-01 00:00:00-04:00	23.78853086	24.05907363	23.32474169	23.85133553	7528179	0	0
2020-06-02 00:00:00-04:00	23.86583112	23.98177751	23.48900125	23.74505234	5828439	0	0
2020-06-03 00:00:00-04:00	23.91414074	23.94312779	23.53248033	23.58079147	5198658	0	0
2020-06-04 00:00:00-04:00	23.40204012	23.7885311	23.26193725	23.769207	5245812	0	0
2020-06-05 00:00:00-04:00	23.88515428	24.80790209	23.88515428	24.40691757	8202353	0	0
2020-06-08 00:00:00-04:00	24.63881067	25.14124983	24.54218838	24.9576664	7115624	0	0
2020-06-09 00:00:00-04:00	24.78374579	24.78374579	24.10255376	24.17019081	4731057	0	0
2020-06-10 00:00:00-04:00	24.18951696	24.26681516	23.65326013	23.86100006	2883540	0	0
2020-06-11 00:00:00-04:00	23.18463766	23.31024882	22.44064274	22.5082798	6145698	0	0
2020-06-12 00:00:00-04:00	23.368222	23.517986	22.26672137	22.65804291	3785003	0	0
2020-06-15 00:00:00-04:00	22.12662126	22.90443387	22.0396601	22.73534393	4336259	0	0
2020-06-16 00:00:00-04:00	23.44068711	23.52764825	22.76915986	23.03487206	3159957	0	0
2020-06-17 00:00:00-04:00	23.07835362	23.48899925	22.93341836	22.95757484	4104235	0	0
2020-06-18 00:00:00-04:00	22.82230436	22.96723781	22.57591623	22.90926552	4487391	0	0
2020-06-19 00:00:00-04:00	23.35372459	23.92379895	23.21845413	23.63393211	6059478	0	0
2020-06-22 00:00:00-04:00	23.48416715	23.79819048	23.11216972	23.32957077	3595003	0	0
2020-06-23 00:00:00-04:00	23.59045469	23.92380215	23.35372771	23.67741585	10216983	0	0
2020-06-24 00:00:00-04:00	26.49879845	26.52295311	24.98181987	25.65334892	31476453	0	0
2020-06-25 00:00:00-04:00	25.32966493	25.38280665	24.53252648	24.92868042	7400723	0	0
2020-06-26 00:00:00-04:00	24.74026514	25.56638878	24.54218818	25.24270248	10050659	0	0
2020-06-29 00:00:00-04:00	25.44561415	26.04950622	25.03496666	25.97220802	7782696	0	0
2020-06-30 00:00:00-04:00	26.00119289	26.68238498	25.8079483	26.5422821	6045272	0	0
2020-07-01 00:00:00-04:00	26.60025293	26.84664286	26.12197024	26.22342491	5496778	0	0
2020-07-02 00:00:00-04:00	26.6485631	26.92877064	25.95287937	25.96737289	3671556	0	0
2020-07-06 00:00:00-04:00	26.32971031	26.41183907	25.97220638	26.11713982	3368306	0	0
2020-07-07 00:00:00-04:00	25.8997407	26.06400005	25.54706731	25.58088493	3580008	0	0
2020-07-08 00:00:00-04:00	25.69683057	26.16061974	25.55672589	26.16061974	4085294	0	0
2020-07-09 00:00:00-04:00	26.28140107	26.28140107	25.60504136	25.93838882	2747008	0	0
2020-07-10 00:00:00-04:00	25.846596	25.9383859	25.56638846	25.81277657	2285129	0	0
2020-07-13 00:00:00-04:00	25.8465974	25.9383873	25.00114781	25.01080894	4150008	0	0
2020-07-14 00:00:00-04:00	24.80790064	25.39246857	24.67745891	25.36348152	2630404	0	0
2020-07-15 00:00:00-04:00	25.45527574	25.7934556	25.19922466	25.45044518	3846166	0	0
2020-07-16 00:00:00-04:00	28.3201379	29.77431001	28.28632028	28.55203247	50015945	0	0
2020-07-17 00:00:00-04:00	28.38777587	29.29602829	27.99162194	29.16558838	11194999	0	0
2020-07-20 00:00:00-04:00	29.13177222	29.88059954	29.07379812	29.68735313	6124389	0	0
2020-07-21 00:00:00-04:00	29.80813038	30.19462135	29.49410522	29.49893761	5450018	0	0
2020-07-22 00:00:00-04:00	29.63420879	30.19945265	29.56174299	29.83711815	5695459	0	0
2020-07-23 00:00:00-04:00	29.83711863	30.38303658	29.43130173	29.72117043	4228534	0	0
2020-07-24 00:00:00-04:00	29.30086145	29.57140604	29.09795391	29.37332726	2538265	0	0
2020-07-27 00:00:00-04:00	29.39748475	29.63420991	29.20423834	29.45062828	2799687	0	0
2020-07-28 00:00:00-04:00	29.29602923	29.43613391	28.61483899	28.68247604	3281099	0	0
2020-07-29 00:00:00-04:00	28.71146311	29.08829298	28.59551672	28.83707428	3532459	0	0
2020-07-30 00:00:00-04:00	28.54720464	28.74528162	28.07375249	28.58102226	3671161	0	0
2020-07-31 00:00:00-04:00	28.81291714	28.94818944	28.26216678	28.90470886	3420985	0	0
2020-08-03 00:00:00-04:00	28.94335767	29.39265332	28.68247603	29.21873283	3327070	0	0
2020-08-04 00:00:00-04:00	29.20423657	29.30569124	28.89504379	29.14143372	3335159	0	0
2020-08-05 00:00:00-04:00	29.34917316	29.5520807	29.16558971	29.2815361	2275856	0	0
2020-08-06 00:00:00-04:00	29.11244956	29.58590176	28.94336144	29.44579887	3726208	0	0
2020-08-07 00:00:00-04:00	29.35883555	29.42647079	29.01099276	29.37332726	2072834	0	0
2020-08-10 00:00:00-04:00	29.55208159	29.98205317	29.45062873	29.87093735	3092086	0	0
2020-08-11 00:00:00-04:00	30.06901096	30.52796954	29.65353295	29.73083115	4107589	0	0
2020-08-12 00:00:00-04:00	30.00137726	30.09316899	29.61488626	29.87093735	1955046	0	0
2020-08-13 00:00:00-04:00	29.57140759	29.76948275	28.74528205	28.7742691	5350381	0	0
2020-08-14 00:00:00-04:00	28.8805528	29.15592614	28.78392869	28.94335747	2139719	0	0
2020-08-17 00:00:00-04:00	29.08346241	29.32018758	28.8129178	28.83707428	1871588	0	0
2020-08-18 00:00:00-04:00	28.80325551	29.16076129	28.80325551	28.99650192	1631276	0	0
2020-08-19 00:00:00-04:00	29.14143552	29.31535601	28.851565	28.91437149	3573103	0	0
2020-08-20 00:00:00-04:00	28.87088766	28.96750995	28.65831719	28.82257652	1906510	0	0
2020-08-21 00:00:00-04:00	28.67281339	29.31535545	28.6534893	29.20907021	4371182	0	0
2020-08-24 00:00:00-04:00	29.90475312	30.04968837	29.5472492	29.74049377	2523467	0	0
2020-08-25 00:00:00-04:00	29.74049514	29.9047545	29.20423832	29.29603004	2681110	0	0
2020-08-26 00:00:00-04:00	29.86610522	30.08350811	29.39265487	30.01587105	4099499	0	0
2020-08-27 00:00:00-04:00	30.24293543	30.52314118	29.69701745	30.16080666	7382966	0	0
2020-08-28 00:00:00-04:00	31.65845965	32.66816678	31.30578628	31.98697472	17972452	0	0
2020-08-31 00:00:00-04:00	31.67778152	32.54738577	31.61014628	31.92417145	5917619	0	0
2020-09-01 00:00:00-04:00	32.08843232	32.29133806	31.74542006	32.06427765	4548357	0	0
2020-09-02 00:00:00-04:00	32.33481315	33.14644688	32.04977868	33.07881165	4577755	0	0
2020-09-03 00:00:00-04:00	32.42660699	32.69231919	31.11253591	31.66328621	4005387	0	0
2020-09-04 00:00:00-04:00	31.56666385	31.98214004	30.49898269	31.23331642	4566114	0	0
2020-09-08 00:00:00-04:00	30.46033215	31.68261149	30.29607281	30.99175835	5832188	0	0
2020-09-09 00:00:00-04:00	31.45554749	32.55221568	31.3057835	32.29133224	6426653	0	0
2020-09-10 00:00:00-04:00	32.40728303	32.52323124	31.42173057	31.61497879	3963757	0	0
2020-09-11 00:00:00-04:00	31.75025014	32.24785877	31.53767964	32.07393646	3386852	0	0
2020-09-14 00:00:00-04:00	32.36863309	32.7454611	32.11741442	32.29616547	4197755	0	0
2020-09-15 00:00:00-04:00	32.61019099	32.91455137	32.23819173	32.41694641	2875450	0	0
2020-09-16 00:00:00-04:00	32.69231376	33.12228341	32.52805627	32.54737854	4367433	0	0
2020-09-17 00:00:00-04:00	32.04494727	32.68265873	31.63913221	32.15606308	4471213	0	0
2020-09-18 00:00:00-04:00	32.189887	32.4459381	31.79856541	32.06427765	21878202	0	0
2020-09-21 00:00:00-04:00	31.29129138	31.65362954	30.78402521	31.64396477	4275294	0	0
2020-09-22 00:00:00-04:00	31.94349241	32.04494709	31.38791335	32.03528595	2148794	0	0
2020-09-23 00:00:00-04:00	32.47491803	32.53289213	31.57149797	31.69710732	4193414	0	0
2020-09-24 00:00:00-04:00	31.46521139	31.87102647	31.08838336	31.58115959	3206322	0	0
2020-09-25 00:00:00-04:00	31.40240699	31.81788319	31.2284847	31.75024796	2413768	0	0
2020-09-28 00:00:00-04:00	32.27684438	32.67782706	32.11258321	32.51839828	3783622	0	0
2020-09-29 00:00:00-04:00	32.60535984	33.08847493	32.31549297	33.04499435	2713467	0	0
2020-09-30 00:00:00-04:00	33.04016041	33.27688919	32.45076192	32.70198059	3286229	0	0
2020-10-01 00:00:00-04:00	32.93871707	33.09814225	32.42661484	32.62952423	2183716	0	0
2020-10-02 00:00:00-04:00	31.83237748	32.67299468	31.75024872	32.4459343	1975565	0	0
2020-10-05 00:00:00-04:00	32.79860854	33.00151426	32.51357041	32.95320129	4981036	0	0
2020-10-06 00:00:00-04:00	32.89523162	33.27689205	32.46525823	32.60052872	3792698	0	0
2020-10-07 00:00:00-04:00	33.00150968	33.02566434	32.4024501	32.56670761	4220050	0	0
2020-10-08 00:00:00-04:00	32.61019322	33.44114931	32.58120617	33.17060471	4895013	0	0
2020-10-09 00:00:00-04:00	33.37834481	33.54743475	33.01601028	33.04016495	2297559	0	0
2020-10-12 00:00:00-04:00	33.16577218	33.58125205	33.09330455	33.4556427	1562221	0	0
2020-10-13 00:00:00-04:00	33.81797546	34.32041281	33.60057622	34.06436539	3167454	0	0
2020-10-14 00:00:00-04:00	34.18031311	34.51849297	33.95324908	34.13200378	2077372	0	0
2020-10-15 00:00:00-04:00	33.59091701	34.01122567	33.26239827	33.83730698	2558192	0	0
2020-10-16 00:00:00-04:00	34.21412819	34.40254037	33.87594837	33.89044189	2992055	0	0
2020-10-19 00:00:00-04:00	34.01122197	34.25761191	33.4459781	33.57641983	2087631	0	0
2020-10-20 00:00:00-04:00	33.88078454	34.00639389	33.51361763	33.53293991	1474620	0	0
2020-10-21 00:00:00-04:00	33.68270576	34.08852083	33.50878345	33.73584747	3767641	0	0
2020-10-22 00:00:00-04:00	34.02088451	34.02088451	32.74546159	33.22857666	2001214	0	0
2020-10-23 00:00:00-04:00	33.20925405	33.26722816	32.7744519	32.93871307	2602979	0	0
2020-10-26 00:00:00-04:00	32.53772403	32.60535927	30.89030546	31.27679825	3910486	0	0
2020-10-27 00:00:00-04:00	31.3057864	31.3975763	30.67290366	30.71155548	1867642	0	0
2020-10-28 00:00:00-04:00	29.97239241	30.165637	29.31052622	29.32501793	3457485	0	0
2020-10-29 00:00:00-04:00	29.22356266	29.48444429	28.89987635	29.23805618	3550216	0	0
2020-10-30 00:00:00-04:00	29.19940507	29.40714498	28.44574725	29.11244392	3561265	0	0
2020-11-02 00:00:00-05:00	29.56174188	29.69218179	29.01582214	29.12693977	2206603	0	0
2020-11-03 00:00:00-05:00	29.50376994	30.37337423	29.47478289	29.83228683	1673893	0	0
2020-11-04 00:00:00-05:00	30.18012858	30.46033431	29.63420882	30.06418037	3366135	0	0
2020-11-05 00:00:00-05:00	30.53280082	31.20916051	30.43617853	31.16567993	3003301	0	0
2020-11-06 00:00:00-05:00	31.26713521	31.34443522	30.6294237	31.20433235	1501650	0	0
2020-11-09 00:00:00-05:00	31.8517066	31.90968071	31.01108569	31.03524399	2973508	0	0
2020-11-10 00:00:00-05:00	30.98693094	31.49420074	30.5666223	31.21399498	3444266	0	0
2020-11-11 00:00:00-05:00	31.53285077	31.53285077	30.95311695	31.34443855	1970830	0	0
2020-11-12 00:00:00-05:00	31.32994194	31.61014769	30.89030741	31.12220383	2410809	0	0
2020-11-13 00:00:00-05:00	31.38308249	31.9773134	31.29128895	31.93866158	2973903	0	0
2020-11-16 00:00:00-05:00	32.14157338	32.61502738	31.69711008	32.53772736	2832636	0	0
2020-11-17 00:00:00-05:00	32.29133104	32.94836836	32.15606057	32.78410721	1966094	0	0
2020-11-18 00:00:00-05:00	33.06915199	33.22374839	32.5812081	32.65850449	2527413	0	0
2020-11-19 00:00:00-05:00	32.59086631	33.19959075	32.22853181	33.09330368	4564141	0	0
2020-11-20 00:00:00-05:00	33.18510022	33.42665778	32.99668437	33.01601028	2840331	0	0
2020-11-23 00:00:00-05:00	33.14161604	33.74067569	33.11262899	33.51844406	2931286	0	0
2020-11-24 00:00:00-05:00	33.81797677	34.05953431	33.52810989	33.97740555	5787006	0	0
2020-11-25 00:00:00-05:00	33.73584844	33.80831607	32.48941613	33.50395203	8768407	0	0
2020-11-27 00:00:00-05:00	33.50878641	33.92426266	33.34935762	33.73101807	2779365	0	0
2020-11-30 00:00:00-05:00	33.93392354	34.02088469	32.85657758	33.34935379	4739935	0	0
2020-12-01 00:00:00-05:00	33.74551226	34.18997921	33.36385181	34.06919861	6792842	0	0
2020-12-02 00:00:00-05:00	34.1078468	34.34940437	33.6585511	34.06919861	4693964	0	0
2020-12-03 00:00:00-05:00	34.21412975	34.54747719	33.86145639	34.25761032	4426623	0	0
2020-12-04 00:00:00-05:00	34.32041734	34.91948069	34.13200512	34.83251953	5061337	0	0
2020-12-07 00:00:00-05:00	34.89532278	35.09339975	33.79865085	34.00156021	6222645	0	0
2020-12-08 00:00:00-05:00	33.97257389	34.74555588	33.88561273	34.72140121	3625585	0	0
2020-12-09 00:00:00-05:00	34.85183959	35.25282226	34.30591805	34.55714035	4662396	0	0
2020-12-10 00:00:00-05:00	34.27693382	34.90015179	33.96774103	34.8615036	4902116	0	0
2020-12-11 00:00:00-05:00	34.64410252	35.04508887	34.37356154	34.61028671	2887091	0	0
2020-12-14 00:00:00-05:00	34.78420526	35.25282317	34.74555344	34.99194336	4259312	0	0
2020-12-15 00:00:00-05:00	35.42191516	35.69245977	34.96778711	35.62482452	3963362	0	0
2020-12-16 00:00:00-05:00	35.72627407	35.89053524	35.58134246	35.68762589	3201982	0	0
2020-12-17 00:00:00-05:00	35.83256137	36.14658654	35.81323546	36.09344482	3632490	0	0
2020-12-18 00:00:00-05:00	36.23355046	36.42196267	34.96778855	35.22867203	9961677	0	0
2020-12-21 00:00:00-05:00	34.93880085	35.43158073	34.3155865	35.29630661	3446042	0	0
2020-12-22 00:00:00-05:00	35.60549284	35.68762159	35.04991383	35.13687134	2565492	0	0
2020-12-23 00:00:00-05:00	35.21900974	35.67796655	34.9726198	35.46056366	3252096	0	0
2020-12-24 00:00:00-05:00	35.63448496	35.69729145	35.14654112	35.26248932	3294318	0	0
2020-12-28 00:00:00-05:00	35.53303076	35.62965306	34.99677395	35.19485092	6292884	0	0
