day,price,implied_volatility,delta
1,100.0,0.20302867735392582,0.5172385033008857
2,99.13436418765552,0.19547849583894597,0.4552343103991371
3,98.32174497062302,0.23605575920381652,0.41913414154284867
4,98.42253883642552,0.1777249591832542,0.39340429555962936
5,98.37383237249021,0.24027448330836315,0.4240129340457237
6,96.85315644094234,0.17158180953179605,0.2713625650255265
7,98.0757987799673,0.2072027138085699,0.3883808953708029
8,98.36409229118561,0.22819019813015362,0.4180610857138045
9,99.34356528690303,0.24844117442897667,0.48192863770799826
10,98.83107333533812,0.2563498422643481,0.4553882977374042
11,99.16863308113516,0.22635464696111623,0.46671315098063487
12,100.02912351436913,0.273108597759269,0.5212795623255133
13,99.20976846669467,0.21786880818294868,0.4670732618928307
14,100.9794229917618,0.22965308293737313,0.5766923469203399
15,102.14340435792263,0.13666521769253137,0.7196640418717217
16,101.16577798263907,0.23618124803162033,0.5859612182987898
17,101.40029072051796,0.22704847493244779,0.6021064930767729
18,102.54146312356414,0.19806186275623205,0.6861090450737549
19,102.41572219237183,0.1600926173133234,0.7125786144977179
20,101.51638205079729,0.189076415642351,0.6254808923604918
21,99.6939344600863,0.2167484615477144,0.4979921290449254
22,98.36463210617593,0.2485298510539981,0.42690572737822596
23,99.65410775810196,0.21510375088496952,0.4952031744405864
24,98.13435491552345,0.21472391226667312,0.396739581392388
25,98.19994116705311,0.1435752234089919,0.34430262107938453
26,98.59773793367421,0.2721364552479806,0.4477053665245932
27,97.65187190962517,0.21079438675329637,0.3634061315819111
28,98.56597346673209,0.23317849625384487,0.43236887324549644
29,99.30828132975284,0.16227217120259022,0.45688887910527576
30,99.57424914039707,0.26696066109072497,0.49731109438006554
31,97.95831923014335,0.2295454117306225,0.39432570972821507
32,97.1785090859364,0.16896202276140218,0.2912763702399819
33,96.91111006031312,0.151369821308429,0.24750184772772077
34,98.29775266823084,0.29890121919559975,0.44120336962934154
35,98.21806643287282,0.23814420900449787,0.41403558989271055
36,97.4819996805088,0.24163806368471635,0.37386701392244226
37,97.15440481542468,0.2515351794353855,0.3620922177046973
38,97.78718655499827,0.18861246709195456,0.3551020482752064
39,97.85329164966089,0.2373628557046666,0.3925059836224178
40,98.84869432205949,0.1517648056083694,0.41079547390948473
41,99.7868570189799,0.15254736991420081,0.49675755261877597
42,100.52852640650761,0.20003196180467397,0.5536646171350622
43,101.35327200858806,0.15822906342352816,0.631987235217655
44,100.4697825024455,0.23580126967603685,0.5458918827305391
45,98.50041793630612,0.16057573958403326,0.3869263463381213
46,99.58507278236826,0.1750972840673553,0.48350602658252123
47,101.4470985028362,0.1256090265584884,0.6699586163710264
48,101.44101896428015,0.23521550013183376,0.601824767711973
49,102.40981378471834,0.155665641131885,0.7171196546035067
50,104.64992549660387,0.21172433085358297,0.7860150684708596
51,104.4037559850025,0.2130734260181868,0.773217130209537
52,104.89895713185489,0.20108757803132235,0.8085862095512222
53,105.8758571653148,0.26369367655798964,0.7892834087753766
54,105.71824910254253,0.15831132499075645,0.8972433940791956
55,105.89502222661463,0.19045594432531893,0.8624435780598416
56,106.37197672915954,0.14847950745675007,0.9321159900166062
57,104.89189585932601,0.19480918129398495,0.815351148925658
58,104.84538336593815,0.19725686325607122,0.8104359117644668
59,106.04485560319176,0.19538606712645293,0.8622453700164766
60,105.16570356424755,0.1976290478390632,0.8242785978667578
61,105.61599729934711,0.19057497387274644,0.8513928718195715
62,106.83984156566956,0.19998590838461025,0.8843373071531107
63,107.57125117622776,0.16784859465713117,0.9403610004468479
64,108.640851320747,0.19072986017274035,0.9403875246392055
65,111.32330407652046,0.14568194023375258,0.9954582996522718
66,113.53368518237198,0.11151335332263675,0.9999698934365906
67,113.46598206547671,0.21666185102318491,0.9811519389147616
68,111.07708618697113,0.2841203332580373,0.909965528783343
69,109.82712153480851,0.11945311211831164,0.9972676896416183
70,110.05182384679803,0.27614618681480285,0.8961298860895357
71,110.15036463188316,0.15944391661490329,0.9844493083177628
72,109.78410546905238,0.15243140876167177,0.9852476636272536
73,109.23308539594012,0.24074557589220782,0.9075743385892694
74,110.63059216723339,0.17911499289754948,0.9777348708378248
75,111.58360418675548,0.22828041353953815,0.9572843207194531
76,110.65334830001603,0.16857292695325146,0.9836539712153123
77,112.29586353369672,0.16555077640510468,0.9935117525722627
78,112.09854840113941,0.11194769213079009,0.9998409919922245
79,112.63446048761651,0.24502401714540434,0.9591183573600102
80,111.51115920984995,0.1316265918281146,0.9982937991618672
81,110.13075969292494,0.15508462413290272,0.9864855172449958
82,110.40033894433512,0.2248265265782815,0.9429503056061778
83,111.0732044187067,0.24251079271820442,0.9402760875688507
84,108.75701965183858,0.14380978967587452,0.9810827161071546
85,109.00968524800167,0.1480049693060568,0.9809442869344397
86,109.09941926949821,0.27039199326416113,0.8795662426817186
87,109.20072063285235,0.17009771702550863,0.9675647913656286
88,109.05326801349236,0.21335053065904944,0.9279827025031476
89,110.71398215931076,0.2251794876103696,0.9475556811376569
90,110.04444317964109,0.08792485508601329,0.9999390551106335
91,110.4257121158994,0.20648059067188548,0.957175363896693
92,108.7381560238128,0.24060790289265935,0.8963185624287394
93,110.1050668487029,0.2409197759964245,0.9250907516413582
94,111.09858874569879,0.16096946272591484,0.9898705307065803
95,110.91539014416293,0.2255054711190614,0.9502686568908555
96,109.95379146063304,0.19361215221497488,0.9601198902952207
97,110.41421380127944,0.21931643377688917,0.9473976563438262
98,111.51832455994328,0.22033537094835995,0.9616734319960693
99,113.08860689385025,0.2587681951805927,0.9560122281813872
100,113.9671224032095,0.19470603101772122,0.9914553842672694
101,114.56030039954761,0.2005128714966352,0.9919725860068928
102,115.4389211329936,0.23297990901638152,0.9859250495025856
103,114.38365825643602,0.18899911703942662,0.9941731514580167
104,113.71310268294968,0.22544955233497213,0.9789873934148494
105,114.82984017073795,0.10002093446647022,0.9999994287071658
106,114.34917778185952,0.14141547776745272,0.9995927913674497
107,114.29343472427375,0.18522059790703627,0.9947356606155205
108,115.5208343836437,0.11598889247380423,0.9999940721318542
109,115.14709091316823,0.226823806314192,0.9865875357727728
110,114.31250932121043,0.21106551089829545,0.9879162613875299
111,115.31891866159143,0.17913211036211335,0.9975767522615181
112,113.37991066531679,0.21567548897435185,0.9810109784908299
113,115.70410638473182,0.1381072261442192,0.9999021823055384
114,116.63209538377302,0.10137529742348439,0.9999999526369163
115,116.62250570238149,0.21356656832513415,0.9946985307330879
116,117.91703345459833,0.16229227846009975,0.9998302553950424
117,116.85553259824196,0.22962473142721287,0.9920580253485368
118,114.96991108003371,0.2226226592090188,0.9871426836213504
119,114.11178500478398,0.2195032125479456,0.9839129125154549
120,112.34536628619676,0.20346335984734668,0.9792694828717451
121,113.47968935493991,0.21932250753208854,0.9800900623163822
122,113.88643510250549,0.18972397697984306,0.9925115554158209
123,113.56904659513839,0.24824382296890427,0.9667467460956465
124,113.48263721234302,0.14381984934036438,0.9990584387643219
125,114.38251570132549,0.20232180053458576,0.9908595953987842
126,113.08087217263538,0.19269792885523934,0.988327567313092
127,113.73979260720441,0.11393620830406298,0.9999659564145625
128,114.11616427598825,0.2174885125272788,0.9846955279972484
129,114.53146677292379,0.24502810820697574,0.9760511994439002
130,116.23339482471685,0.24882258693063108,0.9844568272190181
131,115.3809848681539,0.20552085037317136,0.9932738662768246
132,114.7604254838878,0.15503636801884915,0.9991501168441993
133,115.47649991812712,0.29514906226278537,0.9601643479310709
134,116.34912899977685,0.2476605819457882,0.9853625205989086
135,116.58542349049308,0.24893887825325484,0.9860027798628817
136,117.14059436729356,0.09849185153280943,0.9999999917899072
137,115.00301670524779,0.1908321613399949,0.9953041851013388
138,114.42229694856715,0.24779017943195986,0.9740274009762736
139,115.19366756783265,0.19175216130708922,0.9955437334841268
140,114.6799756676369,0.2755799373750117,0.9627582302418636
141,113.9189926527497,0.161497336053883,0.9978518304015288
142,113.7288902868969,0.24665889360168736,0.9689946228183589
143,111.85000269707295,0.2578393462991985,0.9409819832235233
144,110.61414448813224,0.13449912153386945,0.9960549957361159
145,111.19698404576383,0.18966007297005086,0.9769358147737494
146,111.86335441251052,0.19150263840966275,0.981437266155309
147,111.62608815940243,0.21297580921702733,0.9675027537579998
148,110.33751982133695,0.14508516439624203,0.9919274539943044
149,111.41315662768359,0.17001160845193686,0.9880452144183032
150,113.64905403661375,0.22674608913857458,0.9779609728101859
151,111.75704173555377,0.20920346906420728,0.9710878458191072
152,114.13871500431898,0.2794079101105107,0.9555496612356937
153,114.68146630507302,0.1458453007975889,0.999544743423335
154,115.36545584716971,0.21800613301559407,0.9901323354721291
155,115.2022278247439,0.23425893509364648,0.9843410569171068
156,115.41529726053055,0.18911249023513713,0.996390701227757
157,114.56016367977203,0.2734791396676458,0.9627390908427802
158,114.58831315447127,0.17866638479081065,0.9965350271380521
159,113.55846853385063,0.22963794629120188,0.9759625373245977
160,113.85218886176882,0.2218855704522739,0.9814251641486075
161,113.71455678134105,0.2898971251629512,0.9449592431058933
162,115.46952066862504,0.14140165620745235,0.9998338214547332
163,116.55088015823031,0.2474458540102792,0.9863085614514999
164,115.37969848528903,0.18432363783038072,0.9970125772756963
165,116.11164974890211,0.19525788890545298,0.9966482299703084
166,116.80654682452649,0.14106046647739362,0.9999481862675381
167,119.40714439321859,0.24088571074210177,0.9955356097604461
168,121.17904153856873,0.28297673316277056,0.992209320958518
169,124.41629903311534,0.24836954818385273,0.9990809496615904
170,124.98250677838551,0.22876130999191052,0.9997151113412599
171,123.17183357728956,0.15275135695240377,0.9999992055175904
172,124.27461373397453,0.09422779137190518,0.9999999999999997
173,125.98590177592439,0.1361790416305756,0.9999999987184086
174,125.27253747891953,0.1162013214774764,0.9999999999949447
175,123.59483644134971,0.14912927698172934,0.9999997064639985
176,123.11712779193647,0.14145221179655282,0.9999998821891877
177,124.49072871541404,0.128037596026009,0.9999999990639583
178,125.21715100551278,0.3079590916511792,0.9953460259945504
179,124.06935584689575,0.16255131643985346,0.9999984856306448
180,123.17941028707665,0.18405833610038272,0.9999673361896758
181,125.07520235811857,0.23024438867644684,0.9997037982190902
182,127.01310450208855,0.23541783498787613,0.9998339322373989
183,125.6193160815768,0.22857766846782188,0.9997889591210303
184,123.77780607461531,0.3154008689623921,0.9920982428447597
185,123.93061287227981,0.18944933909714354,0.999967315274072
186,121.72968081442451,0.1435700633061865,0.999999274231811
187,121.20421950364168,0.19243562081240387,0.9997908186073815
188,120.78375066969838,0.17318027598715657,0.9999396478975107
189,123.19773132799948,0.1656527980063632,0.9999953723362707
190,122.42584425850515,0.2068281364105343,0.9997256834750384
191,123.45678544202697,0.17116605504417118,0.9999927259921333
192,122.25316809628711,0.17858275290868975,0.9999634699193972
193,121.80156925340206,0.31815959002882643,0.986682666217903
194,121.08004347213695,0.2449236868096502,0.9972053260666558
195,119.0900393928855,0.10797144834617323,0.9999999935020116
196,117.96743258798773,0.19088704894336087,0.9988998726850635
197,120.26681404847498,0.14737523730983643,0.9999947914338811
198,119.96843691457326,0.20749373084481745,0.9990455636336161
199,119.98760050666843,0.32234297509529336,0.9786628966140662
200,121.26653297231239,0.20224766464925042,0.9996223254308936
201,123.12849171381946,0.07895578279977909,1.0
202,123.0969151901065,0.2289953420037181,0.9993377045871098
203,123.05497516428868,0.23022092259962207,0.9992854143914988
204,123.86961244045001,0.20775755668580315,0.9998623281958261
205,124.18789218186008,0.2146393468818279,0.9998177080766192
206,124.85453323599556,0.208638515952012,0.9999132446173192
207,125.48805664093743,0.31477466086337014,0.9949166167683529
208,125.7643836055476,0.20600785822591436,0.9999566139947813
209,125.72477673804669,0.15118462576551228,0.9999999487701935
210,125.09582639070594,0.1973509387244527,0.9999683697528924
211,124.92035364235554,0.2048811520760937,0.9999363179490175
212,124.12836261800662,0.24401138607475426,0.9991450381433796
213,124.66193766040145,0.14450516767508043,0.9999999587187651
214,123.55391010431151,0.24038689258986284,0.9990815551523736
215,121.68589032700922,0.277163600187035,0.9941347158153094
216,121.64787338461801,0.19672758553858002,0.9997819747823994
217,120.57156626268133,0.1160328603518582,0.9999999926474428
218,120.45257675553526,0.2123288257546685,0.9990353430088413
219,121.89299196672,0.1753411711218938,0.9999655109797877
220,123.68398226547646,0.20098112823432324,0.9999050535624435
221,121.02799864220555,0.19993871399554958,0.9996276156303762
222,120.23931618464331,0.20738385346245436,0.9991655918668794
223,121.0503585800158,0.18828649205191733,0.999829013327484
224,121.08180246954338,0.20859265576182287,0.9994075477545747
225,119.2430735734793,0.16394201405291267,0.9999232942091592
226,118.94925098277552,0.25317987068897346,0.9926218363830852
227,120.53521226652487,0.2654688341079275,0.993841041032828
228,121.68516272341053,0.2876476806924239,0.9924749746564081
229,121.96905076454671,0.21098131050102845,0.9995613261273921
230,123.95339967654344,0.26232178121076605,0.9981570059453801
231,123.98797732704794,0.12568264231569587,0.9999999990616215
232,124.07672985395877,0.3272350685701362,0.9907432532348794
233,124.35300887855918,0.1041444078704364,0.9999999999998951
234,124.21464696325286,0.17746430847823771,0.9999915984598351
235,124.67182167055171,0.21448344155459187,0.9998584379393156
236,125.92442372620053,0.2980948181474418,0.9970167604459087
237,126.84296129022908,0.2519936593842196,0.9995793312562836
238,127.25476154339927,0.22225060415307152,0.9999352532955822
239,125.96508459669334,0.28932680818056805,0.9977035831974409
240,126.9802781902635,0.22769947734327547,0.9998940104032851
241,125.89865552922251,0.2466060068172663,0.9995242920669974
242,126.24616451613143,0.18074704709529213,0.9999971799949151
243,124.94804965733107,0.25730195779063747,0.9989203578021132
244,124.96599746254724,0.18868547558855114,0.9999842460890509
245,125.37421140459638,0.2334413873314432,0.9996921628307136
246,127.28889241488417,0.19706042770170903,0.9999919742686451
247,127.98550880454157,0.19886650591227287,0.9999938106396915
248,128.00855668060922,0.21544446515399474,0.9999734980094572
249,128.20092594427538,0.2344643155916048,0.9999085938843596
250,128.59466281867415,0.13692685891100032,0.9999999999430144
251,131.09573257495276,0.2303785081455394,0.9999830025329669
252,131.1927627723586,0.2010994139975323,0.9999989939989277
