Date,Asset_A,Asset_B,Asset_C,Asset_D
2000-01-01,87.45401188473625,68.51329288386196,76.1705683735906,117.2702994208898
2000-01-02,145.07143064099162,104.1900947378358,74.69787990719999,129.66813971913723
2000-01-03,123.1993941811405,137.29458358764083,140.62545805210368,75.0467898792499
2000-01-04,109.86584841970367,123.22248864095612,74.95461998495061,112.48740996069989
2000-01-05,65.60186404424365,130.65611478614497,77.1949726128631,107.17459831437486
2000-01-06,65.59945203362027,115.87833667107174,125.93982624179637,133.2830376788271
2000-01-07,55.80836121681995,119.22765645178525,94.973984245054,140.60870604812607
2000-01-08,136.6176145774935,134.91956515653192,127.67105569551812,51.21567714773868
2000-01-09,110.11150117432088,74.96680088591859,56.53661575643852,117.40199190587927
2000-01-10,120.80725777960456,98.94249636431405,98.75711936733843,55.1835799119729
2000-01-11,52.05844942958024,72.12094418196023,53.36136001832826,104.88586650773559
2000-01-12,146.99098521619942,148.76680079966468,56.26532034553545,78.76327290436782
2000-01-13,133.24426408004217,144.40593396866132,140.6437453344411,80.67765995221413
2000-01-14,71.23391106782762,53.94268113685059,63.92453711175952,85.29585034523566
2000-01-15,68.18249672071006,120.55751725156884,103.24206822752171,112.12924490496101
2000-01-16,68.34045098534338,142.52483174156657,91.10956026007065,83.40499656687692
2000-01-17,80.42422429595376,68.05753451273335,84.73433262588426,123.26990505902803
2000-01-18,102.4756431632238,106.79452305526294,139.98333456872723,90.45273855738697
2000-01-19,93.19450186421157,141.54882975880417,52.18233967754895,56.83532003099586
2000-01-20,79.1229140198042,53.394597858579885,116.37896861755891,128.37598424841073
2000-01-21,111.18528947223794,119.742026724684,146.33944342135504,78.5758324592706
2000-01-22,63.94938606520418,79.73490073725507,106.0168183461842,93.27668795992626
2000-01-23,79.21446485352182,142.43961953765304,143.68224620330918,118.54438832219016
2000-01-24,86.63618432936917,147.10582451653676,55.22578792860238,83.2456157148712
2000-01-25,95.6069984217036,144.4266489113434,91.87933190741614,55.65856561467156
2000-01-26,128.51759613930136,97.42142166574638,76.01577909620511,87.39210470128137
2000-01-27,69.96737821583598,136.20426509893133,123.08209649807299,144.44485826943034
2000-01-28,101.42344384136116,134.45493985350703,148.12970904972468,114.17343972985582
2000-01-29,109.24145688620425,81.91004732432556,75.65300624442477,117.1479148667207
2000-01-30,54.64504127199977,132.89154741506775,115.41746014740745,113.22821536376398
2000-01-31,110.75448519014384,53.700763471549266,69.809763275974,69.89921389594367
2000-02-01,67.05241236872915,109.6269878482053,106.53302545716099,91.83338641022802
2000-02-02,56.50515929852795,73.0008837287703,96.39324866883362,125.09397983633183
2000-02-03,144.88855372533334,62.05668857772788,147.2005329631537,60.13728975531592
2000-02-04,146.56320330745592,57.695320162920915,110.85272726964666,77.78527760897123
2000-02-05,130.8397348116461,119.62887758781397,84.95063720868188,77.63191084658536
2000-02-06,80.46137691733708,83.9874963768066,61.409578488793336,93.2018927594506
2000-02-07,59.76721140063839,122.47667715287615,65.12468287349346,148.0368740942185
2000-02-08,118.42330265121569,56.53563407989424,72.5316929951235,56.7502546683822
2000-02-09,94.01524937396013,81.52903378306104,75.0966661340298,101.8700994380595
2000-02-10,62.20382348447788,103.94912923753373,135.0616057841138,67.93646820122105
2000-02-11,99.51769101112703,129.07231648389637,106.12227882825249,147.06765454097442
2000-02-12,53.43885211152184,81.87525029320699,102.33909113743664,61.33035047274642
2000-02-13,140.9320402078782,112.58913764370091,61.47688718692174,90.36010023615913
2000-02-14,75.8779981600017,138.5977748236187,136.0139693349435,123.78849848346061
2000-02-15,116.2522284353982,111.58631881823047,122.28143032084837,120.45544280274453
2000-02-16,81.1711076089411,73.29594747536338,56.766836190000156,92.27286368939323
2000-02-17,102.00680211778108,52.4400781556538,120.78350972297687,84.65241679527182
2000-02-18,104.67102793432797,137.00988739009298,104.35382173426461,89.76123785528705
2000-02-19,68.4854455525527,52.126941085038716,58.172534574677826,76.42762631586393
2000-02-20,146.95846277645586,137.47016726841994,95.83006415286565,70.53329387067998
2000-02-21,127.51328233611146,102.8937134027212,98.4696287130047,98.303969755889
2000-02-22,143.9498941564189,143.90676985128962,66.57745401632758,76.85337560676074
2000-02-23,139.4827350427649,129.87832357736653,144.56981470002825,78.74616648972501
2000-02-24,109.78999788110852,149.79341105333373,134.9975371480662,115.67560634745571
2000-02-25,142.18742350231167,85.07118154517102,116.90223373291083,146.85373316998923
2000-02-26,58.84925020519195,126.71882889311269,96.22955610006072,110.3637200559375
2000-02-27,69.59828624191452,90.19309136092421,91.17655415845084,57.69794670649663
2000-02-28,54.52272889105381,97.98756203039088,115.09734671509541,57.5583613854067
2000-02-29,82.53303307632643,112.750546321837,104.54318694069055,145.1423220845566
2000-03-01,88.8677289689482,137.36771141863386,56.22731058818856,79.72907903073336
2000-03-02,77.13490317738959,148.4083469199295,101.25026487703317,59.20669860824754
2000-03-03,132.87375091519294,126.82734138645182,130.64036172328395,109.90445871503815
2000-03-04,85.67533266935894,91.77667821673337,95.9239877596958,112.36487782902661
2000-03-05,78.09345096873807,92.13570022770702,55.19565775542684,114.85048201186882
2000-03-06,104.26960831582485,123.75823015888915,128.62781993840332,76.74020278575412
2000-03-07,64.09242249747626,73.87771457683023,70.13637821359744,51.511068421447504
2000-03-08,130.21969807540398,61.04741131313946,75.86208348880388,146.50153694544719
2000-03-09,57.45506436797708,85.46221576407765,66.47063534322959,75.08930456911025
2000-03-10,148.68869366005174,78.72389916540817,83.02150648714976,117.60262880525475
2000-03-11,127.22447692966574,79.63081204559901,125.6751505688635,120.66298698787095
2000-03-12,69.87156815341724,73.36077510499099,101.93858595039373,111.00074170794858
2000-03-13,50.55221171236024,54.209318963636186,70.48812741507126,81.29073942136482
2000-03-14,131.54614284548342,51.78739347334138,137.7830078152041,77.10962537640657
2000-03-15,120.68573438476172,148.77223897360315,137.95818549515292,109.76682827027031
2000-03-16,122.90071680409874,92.77731337358622,137.05784250460067,136.60956336116914
2000-03-17,127.12703466859458,88.43266471596817,73.87962113815394,144.67337289233956
2000-03-18,57.40446517340904,117.96472826930699,95.12393441809881,60.59058044037576
2000-03-19,85.84657285442725,71.82538878650641,148.49896561408752,65.48286125977198
2000-03-20,61.58690595251297,144.99611839502253,127.20124763099903,144.47362587830798
2000-03-21,136.31034258755935,128.6345014415552,52.716742122555985,123.65352283347926
2000-03-22,112.3298126827558,58.94110023122595,56.520459126049204,138.2993824829773
2000-03-23,83.08980248526493,91.75807757849284,96.39313768123327,70.26326341353432
2000-03-24,56.355835028602364,137.9118307562165,140.922020586156,108.75858711094018
2000-03-25,81.09823217156622,144.473202229141,103.87017979527143,120.11395944174737
2000-03-26,82.51833220267471,96.74015112498697,99.78125080342903,118.01118854469726
2000-03-27,122.96061783380641,111.34113892107078,60.54736999566306,90.81516908666981
2000-03-28,113.75574713552132,66.70339460920752,115.6780104724294,51.539489169130846
2000-03-29,138.72127425763267,149.11686261369766,132.21031606002254,108.2926056804263
2000-03-30,97.22149251619493,73.16717013834435,88.04200075075623,75.31015391796087
2000-03-31,61.95942459383017,144.27317741351257,127.56118509253275,95.02542461428904
2000-04-01,121.3244787222995,114.96466489923685,146.44766539008117,145.75810150838174
2000-04-02,126.07850486168974,110.77367948788591,70.37664591276891,89.90353176424347
2000-04-03,106.12771975694963,101.26885110165085,102.33296311947413,133.98016066644266
2000-04-04,127.0967179954561,73.06698117177586,78.71379580845755,68.85406057492511
2000-04-05,99.37955963643907,67.65280320055084,129.28544190338394,117.24604980250288
2000-04-06,102.2732829381994,72.04862090701754,107.75933658811576,147.70069544389435
2000-04-07,92.75410183585495,68.64382621442545,113.45824175503037,60.18931008729368
2000-04-08,52.54191267440952,127.95844735667534,129.7914159615894,50.8319942227192
2000-04-09,60.78914269933044,85.01252591667301,89.59704726624548,93.35827926326144
2000-04-10,53.14291856867342,55.78426765633964,141.50900684070433,59.26254830513672
2000-04-11,113.64104112637804,146.91026301408112,103.302886724614,124.83843496762313
2000-04-12,81.43559810763267,138.37858849634256,65.7954822835348,141.4548663848559
2000-04-13,100.85706911647029,142.7752283195213,119.58991181688025,93.40209727087588
2000-04-14,140.7566473926093,149.49078226464354,129.32613504382545,75.8711642155441
2000-04-15,74.92922291488749,67.38952492194873,81.67616770675266,93.44033190066098
2000-04-16,91.03829230356297,89.62420189026588,135.7179256998753,122.3447817850001
2000-04-17,125.55511385430486,125.82384757040913,140.61432547657665,50.9054161580371
2000-04-18,72.87981654916224,119.60206180537922,77.6904487377809,108.94539894846972
2000-04-19,57.6979909828793,65.3895906339855,148.3521472715222,111.3291684887379
2000-04-20,78.9751452913768,131.58331249906178,64.07115280487584,113.76882468959354
2000-04-21,66.12212872540044,72.44405718366608,70.201566840249,74.20220799808772
2000-04-22,142.9697652342573,72.3817614822623,68.42248392380262,121.40527233781268
2000-04-23,130.8120379564417,103.69744228934135,139.39897100078704,59.13914863317764
2000-04-24,113.34037565104234,109.29399348417031,115.42925523249619,69.92703364668009
2000-04-25,137.14605901877178,108.00862078378111,65.21042832222729,137.74700466544817
2000-04-26,130.36720768991145,59.148683739775485,94.03234183683489,123.87231507265663
2000-04-27,68.65700588860358,137.74608626303802,111.5298025069802,51.37455540113452
2000-04-28,139.25589984899779,76.5600042588706,58.34640849893833,74.83762603698003
2000-04-29,103.93422419156508,62.95149212828042,138.24163684073386,71.44064829931645
2000-04-30,130.74401551640625,138.87480798689774,130.3603535441535,77.08063280369726
2000-05-01,139.60912999234932,145.56514982297534,100.52067735766383,74.75597702798865
2000-05-02,81.80034749718638,136.21276172654507,146.71266152591704,56.252629574284576
2000-05-03,61.00519245276767,130.9516074724878,91.77609792750997,95.89405165968203
2000-05-04,72.79351625419417,115.52419806390218,148.41103190364979,123.27334747861651
2000-05-05,92.71077886262563,105.08573706091393,116.79199988036271,110.67317247174364
2000-05-06,131.80147659224932,58.698675991141016,113.46712732539415,117.28716685980798
2000-05-07,136.07305832563435,90.84532130706987,66.5954895295785,58.114917853623915
2000-05-08,50.69521305311907,87.2688517012314,138.1927758304644,145.14907101767872
2000-05-09,101.07473025775657,75.97537837603262,92.74896879206152,133.84918338430248
2000-05-10,91.7411003148779,122.3420113688585,66.22334057824793,130.50903184956627
2000-05-11,72.21078104707303,99.58757350787708,51.2607519975759,132.29838050417675
2000-05-12,61.98653673336828,58.10462159076479,105.97556836383825,143.27105081327613
2000-05-13,83.7615171403628,72.01832019498113,102.73996221226764,104.42539661136976
2000-05-14,144.2909703912519,118.32587636595959,121.93536223691585,70.0282017867626
2000-05-15,82.32029320207553,57.61308594903002,139.02580530178022,111.67836078525411
2000-05-16,101.87906217433661,135.12069140487688,57.940658464302956,124.2881493667939
2000-05-17,120.30189588951778,99.51465270139744,123.14964903403623,123.79173933540254
2000-05-18,86.3629602379294,98.0586577326648,68.74119440975822,102.14490241668801
2000-05-19,147.17820827209607,109.24077846595176,135.8177053157164,56.845871933357806
2000-05-20,146.24472949421113,132.4680965925149,131.90635138616562,87.11129384301279
2000-05-21,75.17822958253642,84.78092079021931,104.07937549855444,142.07666084633573
2000-05-22,99.72485058923854,117.80161525590636,121.02427986233116,108.4448909757426
2000-05-23,80.08783098167697,106.5731963995791,81.43501131837485,103.83319432557134
2000-05-24,78.48404943774676,76.70282701694214,97.11678989328146,76.88535143821935
2000-05-25,53.68869473545328,137.8629986355158,132.16368977104716,86.84489199165789
2000-05-26,110.95643339798968,129.7426021606928,95.92651971732138,139.53460891531694
2000-05-27,100.26790232288616,115.84518346584255,85.77982653254418,116.64630475268358
2000-05-28,55.14787512499893,135.05817290942417,99.42124472503,128.7387026752333
2000-05-29,77.86464642366114,136.72942009598023,132.82492524372185,95.43454230676551
2000-05-30,140.82658859666537,120.83629767150347,83.52080473708727,113.0247219456158
2000-05-31,73.95618906669725,133.70133283636721,67.37615931357438,74.83836087432076
2000-06-01,64.4894872091223,119.74714616692836,121.20140203307808,120.54608302834863
2000-06-02,98.94527602775631,118.01407717603004,132.5978212708082,92.76013337033373
2000-06-03,148.56504541106005,111.86113782151844,60.06374785235333,94.25455148147455
2000-06-04,74.20552715115004,125.27166395576413,73.98741127559447,114.93223245768817
2000-06-05,117.21355474058785,65.86051052930736,64.19719897609939,143.62806214689266
2000-06-06,126.16196153287176,138.08707591989284,84.79414115821666,56.400634660862096
2000-06-07,73.76375439923997,137.1843527745232,95.03509789054127,132.47432373470076
2000-06-08,122.82163486118596,52.924728303455915,124.88263369633064,79.2383110412193
2000-06-09,86.77831327192533,132.58167505647629,115.11475848816741,94.39194545063779
2000-06-10,113.23058305935794,62.88698674734452,112.09285674784311,52.1913328775009
2000-06-11,113.35297107608946,83.51188542591419,85.23749466096544,80.1046077834313
2000-06-12,103.57746840747585,124.35082562916078,134.144755308476,100.26312426301305
2000-06-13,59.02897700544083,66.07598960483082,97.12871673981645,55.6176077347439
2000-06-14,133.5302495589238,131.7967024119062,147.91049380151546,99.10957293831652
2000-06-15,82.07800649717359,133.2134177957742,113.41421382957368,142.71106288584275
2000-06-16,68.65185103998542,100.74677337608362,62.62647415645027,60.53932181078052
2000-06-17,54.07751415547639,50.638587171683355,117.6177562075434,126.44407280755044
2000-06-18,109.08929431882419,78.70381331749128,82.5104015431699,90.96710533759926
2000-06-19,117.75643618422824,111.69269183757422,118.63271966860974,115.5173714524338
2000-06-20,51.65878289278562,148.11861780274234,56.964114816240574,76.02365979852294
2000-06-21,101.2093058299281,113.18135270166684,67.48814371759593,65.94922625413582
2000-06-22,72.6495775197938,75.98035810641598,135.57372589057863,66.04626142712264
2000-06-23,114.51727904094498,113.40057030996113,72.71795570235149,57.04919456431446
2000-06-24,67.43664290049915,103.99853797158555,133.704112524294,68.5646704901243
2000-06-25,119.09377381024659,127.98453951511436,77.92760884544104,116.42193849889682
2000-06-26,88.67353463005374,60.69806388269584,114.28819100587077,138.16906118435082
2000-06-27,143.67299887367346,126.1027902502028,119.4150573509831,131.41256855911618
2000-06-28,63.75209441459933,104.12665786761103,101.2654753145053,118.51343098744842
2000-06-29,84.10663510502584,146.29920038589947,80.53106766967312,61.04318634111027
2000-06-30,61.34735212405891,84.1872166038686,71.26443763710961,78.91874462959498
2000-07-01,142.4693618278563,113.26218931339481,53.31893545624262,80.98068753224689
2000-07-02,137.7339353380981,143.20281055100173,80.39464012407238,74.99569463976212
2000-07-03,75.79416277151556,60.250972799067924,115.3162790531283,101.5005659709723
2000-07-04,115.99840460341791,143.72284872364511,143.83048184484826,103.55538148796725
2000-07-05,131.7222200201216,118.78857223008133,137.1204482263052,85.68859751711102
2000-07-06,105.52008115994623,56.78370591051719,126.60647765353026,85.37891587364359
2000-07-07,102.96505783560065,80.09635669468162,128.84473432532985,132.85555979060814
2000-07-08,74.18522909004517,120.81720886452815,116.49849034759953,128.92928483196857
2000-07-09,59.31027678058992,56.73506014687717,76.0286857566003,80.77958316807457
2000-07-10,139.72157579533268,108.21704601762733,140.719503070583,141.37884438732593
2000-07-11,140.04180571633304,84.58830569529567,117.0732311905834,145.2815017002506
2000-07-12,113.31014572732678,112.0915517767477,106.04406309804399,82.67425420300408
2000-07-13,83.90297910487007,54.57420338125129,61.09894692134811,85.44249487930549
2000-07-14,84.92095746126608,137.15368061523765,94.70555438064254,100.56341534219588
2000-07-15,122.59556788702393,147.3488969177397,96.03582712019264,144.11208125336736
2000-07-16,139.71102599525773,146.88778552856917,136.456360952267,137.63194331423114
2000-07-17,138.70864242651174,124.96518317429248,104.66482201877885,60.25679625835898
2000-07-18,127.98755458576238,63.0086240130632,88.04005489704096,89.27307432714161
2000-07-19,114.20316461542878,125.82631959290225,147.68003285106593,105.33711897497719
2000-07-20,58.41399649950488,52.45869164588015,61.07205933263157,100.31324725515401
2000-07-21,66.16287140946137,52.212355152899725,92.25484283119445,69.38630679368927
2000-07-22,139.85541885270794,82.36102191495412,54.202467517140526,135.88167711681547
2000-07-23,110.64290596595899,98.86431904046657,123.99041207669303,117.69407829968374
2000-07-24,50.91970516166297,127.04074178077931,141.80765521991506,133.79083748518036
2000-07-25,60.14715428660321,118.32953766065052,78.00373295504895,135.87642793494723
2000-07-26,116.35017691080559,94.59027063767483,135.83416767991207,124.83558536657398
2000-07-27,50.50615838462187,77.36266662816658,79.22182304618977,93.92106012497173
2000-07-28,66.08080514174986,149.7124500157711,141.07701616439152,111.05467550154245
2000-07-29,104.87337893665861,92.61813022359729,125.3961903596784,66.03654061197432
2000-07-30,119.18951976926932,95.13870243296755,130.49067768414386,117.36454174749078
2000-07-31,115.19612595026005,66.36238211916691,51.80065556004545,67.92532557392808
2000-08-01,72.42693094605598,129.48095487499293,146.2810357074026,119.39495905101568
2000-08-02,121.2179221347536,119.36822257814886,122.66709920703232,72.95981607539687
2000-08-03,73.72490874968001,72.07696127887604,80.47510953861334,61.755130015022
2000-08-04,82.53996981592678,58.238104561584265,132.93946648588468,66.52844901429575
2000-08-05,124.64914051180241,118.0499302074713,78.152119841493,50.199213521907026
2000-08-06,114.96328990472146,115.45112142811352,137.2753839566128,121.87396178535302
2000-08-07,134.9223410494178,77.32595269982093,61.2580390411937,123.24010490583791
2000-08-08,115.76128923003434,145.08635622504102,120.36859774607957,101.49333499132595
2000-08-09,106.83086033354716,65.10578917809002,104.06984766449104,66.13628010553836
2000-08-10,59.36747678280925,93.2334801042602,59.65344701954408,58.35543375106897
2000-08-11,86.77158030594336,144.3615920167599,74.1893828258839,51.9128966437287
2000-08-12,76.52023676817254,91.97273169261223,51.24040362773148,66.57481769652208
2000-08-13,74.39896433790835,113.85259476640856,96.87679654645058,139.08555349831465
2000-08-14,147.30105547524454,89.75943979627942,80.12652607600003,74.15368417016818
2000-08-15,89.30977246667604,77.421520234867,109.83574842977589,85.42713272172156
2000-08-16,139.20465551771133,148.39776479598282,79.72378077086172,60.53454844813332
2000-08-17,113.11386259972629,90.9334006315043,79.99191115069847,72.23613047481703
2000-08-18,129.48113035416486,139.40992036791346,124.31931987316034,101.92245707802051
2000-08-19,100.2637093105192,72.99546058910862,54.81428359783534,110.77526830956526
2000-08-20,107.69038846263591,71.31047040250833,140.28949951919873,74.5352314166211
2000-08-21,99.25176938188639,53.11340828845113,135.22638743911813,55.773215922511724
2000-08-22,69.52429877980445,115.1666825375885,116.78046832264066,89.10328691273986
2000-08-23,122.24521152615053,86.85263437237612,109.32215701073844,73.42033709263342
2000-08-24,78.07723624408558,136.4358249839637,139.23024981396523,71.9553923229802
2000-08-25,52.43159664314538,97.32099066915572,68.53301795287145,145.98628027134552
2000-08-26,114.54722959071678,146.81934279147217,57.89691621908286,111.63004859257241
2000-08-27,67.7110679407049,68.55255157031212,73.9510169909538,105.6878443172096
2000-08-28,144.04585843529145,136.86231679556107,129.45782787001903,91.57751035233218
2000-08-29,145.39285770025873,127.65968527917417,53.46702667264833,92.89443334301443
2000-08-30,141.48643902204486,127.0921844644052,108.28068350834897,104.09050038380809
2000-08-31,87.01587002554444,134.47832281168877,149.543751619131,119.64298070361072
2000-09-01,51.54566165288674,126.10239909429988,135.56960938375394,120.21460961818295
2000-09-02,142.83185625877252,112.62203216314154,102.14456890435895,67.16939077054496
2000-09-03,92.81841483173143,63.12448776823876,56.36409092866423,100.01127520766269
2000-09-04,146.66548190436697,53.252617949125195,133.137351438571,91.1958095034102
2000-09-05,146.3619977089253,142.0847847815687,109.89785081772106,137.05269662693843
2000-09-06,135.300945546736,111.6650314520738,61.49329970595669,113.14189212183764
2000-09-07,79.44488920695856,129.65372909761763,59.38572848233562,103.25040664159818
2000-09-08,88.50977286019253,98.15223515125501,140.96268194365922,61.539464217891734
2000-09-09,135.1136671516857,61.73081889623945,116.92002629380784,110.56378893234114
2000-09-10,81.69220051562777,62.51857922025504,132.92867993167556,61.72039056802334
2000-09-11,66.94927466860925,118.55652872289714,137.89789002822673,83.7206575565752
2000-09-12,105.68012624583501,93.03058948994627,107.17723520483221,64.28419648143318
2000-09-13,143.61547741607808,70.05247267003367,101.74463517550413,119.20736470243689
2000-09-14,119.6029796674973,99.15945467414369,93.04274103209902,70.62521138361527
2000-09-15,107.0061170089365,56.42089370751341,81.69465877911193,89.1859373188026
2000-09-16,59.71764937707685,108.19714019143987,93.45959608587117,139.56747776187785
2000-09-17,111.50072266991697,76.89934044350977,127.38796557301563,70.43163833989703
2000-09-18,149.00538501042632,129.75591006371883,110.19234310151316,100.78050639587792
2000-09-19,64.0084015236524,81.03619589235737,139.25232899548462,91.9271661166022
2000-09-20,101.83296523637367,95.52201490818013,94.33800143791876,51.81240410457298
2000-09-21,137.73730719279553,51.162053990810065,110.7089578718754,129.27581135728127
2000-09-22,124.07686177542044,57.244688779455885,113.13075530919888,56.904590631459975
2000-09-23,119.7015740995268,89.24935564066848,109.16971623063256,97.42550209769536
2000-09-24,120.24840839871092,97.99388347171235,120.26337730855164,106.06782949389499
2000-09-25,85.94911512197552,110.00205481193038,73.74334683748063,112.8426456614587
2000-09-26,79.35918442644933,79.16625787093032,101.23637775457907,118.86316293078755
2000-09-27,130.93611554785136,119.49818861265426,60.42248028083477,75.32723835227151
2000-09-28,131.01133946791808,136.01223971892045,88.45113276448126,50.99787766584494
2000-09-29,136.70723185801037,127.98509888933498,98.76670686212644,122.3443662354912
2000-09-30,141.32405525564712,53.961882534835716,115.22242595454725,103.56565993475786
2000-10-01,101.13423988609378,98.0506947257829,145.05310525862035,133.61177032072487
2000-10-02,100.15162946871996,60.49301784181749,110.06510665483559,132.13883629006943
2000-10-03,129.82951789667752,74.20450158625275,124.35939161765597,134.33261677878832
2000-10-04,114.99639307777652,148.66625932671465,100.62660594952027,98.50946599795401
2000-10-05,120.19668772577033,64.24955429015132,113.41040313763312,83.36283958368656
2000-10-06,129.5792669436101,99.88881534513561,57.093221613377345,129.155820259137
2000-10-07,139.00053418175662,111.81557343181191,75.4391580841847,95.12941130292549
2000-10-08,83.79951568515358,120.2464970544104,86.18530932051387,68.34421964034345
2000-10-09,87.55829526399441,105.96486834869141,97.24933550065136,135.49740195614743
2000-10-10,59.3981939840869,50.97708474191837,54.56487455023837,138.2559876772347
2000-10-11,107.8280140996174,82.6461308243992,64.00240975533177,96.63097561401702
2000-10-12,53.59422737967421,101.77116433847115,77.68143077913058,57.56997273097875
2000-10-13,96.55980181324603,58.786649914483334,147.15326909010508,88.78260899169312
2000-10-14,104.26446347075766,85.06269312091808,83.13470071030508,130.35376594626035
2000-10-15,78.65412521282843,53.320310879136656,98.20410581120825,140.17740285462287
2000-10-16,109.08332605690107,57.85784971550208,69.6097712738393,70.34727424975958
2000-10-17,53.05002499390494,89.6923276201596,111.07800710757682,56.697361202527155
2000-10-18,53.734818874921444,63.271575404306034,78.06832155159744,137.73504531328388
2000-10-19,132.26005606596584,106.75408482615582,70.69925784384267,88.94049389788754
2000-10-20,86.01906414112628,118.94649691372658,101.65726284459791,104.17609642675632
2000-10-21,62.70605126518848,130.0586699109083,50.55057991604208,146.80658120507587
2000-10-22,102.22432600548044,70.01502442448101,50.76640326492253,56.65647279142229
2000-10-23,126.99935530986109,66.74825822590698,71.90688091018578,114.83180074520956
2000-10-24,71.58210274968431,60.45678403344002,53.67213625008211,57.41054225748671
2000-10-25,112.28904758190004,113.64302495436367,60.802575413069135,87.54689284665004
2000-10-26,58.5347464993768,120.64757264869012,83.88606493387516,130.3814545193447
2000-10-27,55.168172116860774,53.158614482564204,130.25856795798128,93.34722327556344
2000-10-28,103.13546315681481,143.62122462436898,107.20486433693009,149.71823539029504
2000-10-29,104.06351216101065,55.19712836514724,101.26677259564164,105.90592849466022
2000-10-30,113.74299014982066,104.12963353010704,79.34888232081217,82.11621526359535
2000-10-31,122.60913337226616,120.90605194509165,143.17537194328162,72.01113259047531
2000-11-01,147.58520794625346,137.09691237460856,89.70150412371916,85.05205342861618
2000-11-02,101.63003483011954,121.40869321324278,58.70927667957715,87.25332737595508
2000-11-03,82.29564729412459,130.17280830697916,111.70665161178013,56.8713677723961
2000-11-04,129.51861947687036,83.94501925428061,61.38383934766014,86.95741994267732
2000-11-05,77.08322512620742,131.4825113746512,84.52231428016921,96.4238519739225
2000-11-06,93.8971420705636,58.011484638467515,100.7411938717809,122.27377522388046
2000-11-07,57.8456381342266,139.48166560605276,137.42225246851757,115.6729484721608
2000-11-08,52.53507434154575,104.75923761537362,99.35465803401186,120.87656552291543
2000-11-09,146.2648414677925,131.72977699624937,120.22587660316643,50.83636818768571
2000-11-10,133.59801205122056,95.23182845183001,149.28168389990702,71.7667399580536
2000-11-11,119.59742060936979,114.35776951965249,63.148911989798165,116.16842883998565
2000-11-12,90.89529444142698,102.64026609361133,77.47315255195196,98.39893681797471
2000-11-13,67.32943200708458,123.15895217553319,89.45760755976464,50.5313475668346
2000-11-14,65.6437042671086,58.16299820305896,92.18281785388314,130.44946424318223
2000-11-15,75.02428981645953,56.03520839905638,91.10210752655458,127.28095732903374
2000-11-16,104.92266647061206,74.71032340101465,140.7611002556555,104.84191629935626
2000-11-17,121.45959227000624,65.95446801131884,121.40326444668564,56.64633257762721
2000-11-18,116.01973767177313,137.17835665922019,110.79052140907038,126.65150495325847
2000-11-19,77.99338969459428,71.92139873580443,80.93727178627822,108.3713587731364
2000-11-20,145.4865280663194,147.58652558191312,132.37903842212947,128.1959977157959
2000-11-21,123.78969166957685,83.68957917711069,145.5060511484989,125.17469923958404
2000-11-22,105.43540525114007,68.21179156886993,132.11982825502264,130.3002071957837
2000-11-23,111.17207462343522,128.9698507142479,50.15651051914729,101.80080664046248
2000-11-24,91.96000624277899,115.87077755008761,113.64013701834071,64.0324518193515
2000-11-25,74.77309895011575,99.8195716453139,55.113538144210075,117.11574733796887
2000-11-26,85.59726786512616,105.53635509376312,75.76072203337219,112.04737850519706
2000-11-27,125.78461104643691,121.92017782722638,55.95247003477717,124.22531871990871
2000-11-28,51.439348862975585,72.84547413312987,110.37954529493877,66.98810060507353
2000-11-29,61.607264050691626,149.6333916056742,118.65899134926067,69.49751999002892
2000-11-30,54.600264202175275,147.4793162146783,61.44876380659051,139.04095172193286
2000-12-01,54.07288023189702,115.03256863469369,88.38388830449796,124.99777984520708
2000-12-02,135.5460584011007,69.9542450929145,95.62365089555419,140.8228488700323
2000-12-03,120.36578593800236,118.02282424312914,86.90530217609165,125.87153211639207
2000-12-04,97.41738290873252,57.219840897917585,62.1025000485193,109.71553059903019
2000-12-05,59.78341606510015,53.06525022058061,91.89477901874754,115.41327370278736
2000-12-06,99.16158751168324,75.76828885112137,125.11780478084181,138.91279239400097
2000-12-07,97.34717707805657,96.26229567393163,57.10076645332555,107.88067545119405
2000-12-08,67.32018699100152,136.82725054083807,58.018001408190344,113.23913243283874
2000-12-09,93.3851649237973,122.7169069766308,85.47712918359842,65.64767160036006
2000-12-10,89.85047343973734,124.2706521199981,144.1725711618925,97.39212201161027
2000-12-11,111.58500980522165,92.54933344480753,116.85726467229141,121.6397111958099
2000-12-12,113.50936508676438,84.5934992546963,117.86699566725648,77.09426983163654
2000-12-13,54.53040097720445,87.10387629846028,86.1919990837865,70.22541805245349
2000-12-14,87.46126146264712,148.7649563736058,109.36607912085384,81.38268082244156
2000-12-15,112.58599157142365,54.01091914124825,51.01311840277434,74.15006279928335
2000-12-16,100.31362585800878,136.70314961224486,113.60960464095422,71.49126370363959
2000-12-17,135.64898411883223,107.86754085723933,141.32869475762368,92.4850842868087
2000-12-18,115.8693631618945,93.86154191895905,111.25734683448192,140.7838513883534
2000-12-19,66.29344270814298,122.52576604151365,137.36985934663448,100.70596467387182
2000-12-20,57.056874740042986,98.66689414247028,122.39730554660937,68.7920380815323
2000-12-21,114.24192782063156,137.34232380816604,62.055841640369025,57.697166938087406
2000-12-22,52.65113105416218,140.07018640112585,140.24533072858418,119.61561451379252
2000-12-23,108.57755812734632,92.17209268734554,56.644384435577486,88.27987644363878
2000-12-24,144.02302414249576,77.68277972350515,103.39674725477639,132.18309465853594
2000-12-25,107.5474177875879,109.23503285933623,64.21371237934576,115.95107686407702
2000-12-26,88.8169926206522,141.23633456166908,51.17066107309041,129.62414505413685
2000-12-27,114.32882184423532,71.06621890056665,92.2034260127639,77.19460394184487
2000-12-28,95.82528904915166,112.29665835634827,79.50407076541562,119.2358922461058
2000-12-29,104.56167893159349,113.15602200925206,98.60004937976029,76.40619846937187
2000-12-30,144.14648087765252,123.3113022415281,107.71998867345508,143.90684794502914
2000-12-31,88.61026378007742,63.15676851272598,54.37390723089474,113.63742815333744
2001-01-01,146.11905638239142,121.58249646820886,62.30032951237456,82.4511800175342
2001-01-02,140.53506419560637,140.9032520665641,105.86423964504255,76.95118622922726
2001-01-03,69.57911347892964,67.96831088702419,84.31673531726582,69.09265850716434
2001-01-04,56.936130087516545,73.75433249238776,122.9173487549448,119.46409588937279
2001-01-05,60.07780013774266,147.13950940416396,115.22916485919397,71.87156129979273
2001-01-06,51.822182565154975,68.09769527094898,134.56043629899068,109.5303265927489
2001-01-07,59.44429607559284,135.4385093369579,119.24928266692253,76.46350269253574
2001-01-08,118.30067734163569,99.22778564480348,92.99310773901482,116.19689447938686
2001-01-09,57.1188648460229,74.7231074403177,117.29666223944324,131.49397285405394
2001-01-10,81.89756302937613,137.07499012725114,77.53811742554186,127.80252431446532
2001-01-11,134.48753109694547,94.53052550026655,80.63134987782126,126.08513309307817
2001-01-12,52.32719357358258,101.48173539296903,128.89851599207933,68.7722405692252
2001-01-13,131.44684825889357,85.92333693997656,94.64195164015823,58.83849469845187
2001-01-14,78.18547747733999,109.29508514349274,129.83803405183525,119.89488284873856
2001-01-15,61.81648276216563,66.35238725850228,132.24223736682785,86.83472137943514
2001-01-16,119.67371653641507,89.10815366517608,135.7562337661284,93.23462264033472
2001-01-17,112.8942846779884,146.94123223352875,141.66352358412072,53.11490927933911
2001-01-18,137.7472013527053,75.81334327011275,93.09852205132962,75.95764492750492
2001-01-19,123.50710438038858,115.67366645412922,81.88668183211388,53.3676403874464
2001-01-20,130.34809303848488,82.51900642246949,108.21987465941139,137.91857726012478
2001-01-21,78.20345725713065,127.34731256866006,87.11724234376275,74.33966832185305
2001-01-22,67.74395437797229,63.08736607183498,110.1074166800233,105.7337169573008
2001-01-23,125.06147516408583,146.98210450785447,120.55858626438246,53.89793206611304
2001-01-24,130.6834739267264,95.37895413836392,118.84050184921368,116.6847391305658
2001-01-25,149.0505142000673,73.6050463346464,87.45528870201213,82.30273457540939
2001-01-26,91.26176769114265,57.349674733001265,66.68602016987528,139.79191869576658
2001-01-27,87.20180857927832,66.97579050875407,93.05293384622075,138.8118188934036
2001-01-28,127.64129607419969,101.97739485560177,64.25941440819088,82.52906183617478
2001-01-29,84.08035402530179,83.70031764312863,139.00970351838083,140.0960895690468
2001-01-30,143.07573256035647,132.88833658826093,84.58774607378574,149.6157673498779
2001-01-31,135.8412751843012,93.08875236618059,65.44597472233238,132.5415664123948
2001-02-01,92.89940273750184,74.87142725876299,52.54477599057509,134.48713477552292
2001-02-02,125.08710677914974,111.714498660403,114.58223862864843,74.90087361090899
2001-02-03,125.45428740846823,120.67772168854458,113.69023174547432,107.67023988577563
2001-02-04,60.31238688359326,66.70419079009498,84.06041665812916,56.72559139673679
2001-02-05,140.25529066795667,66.76192162883177,57.1711888847651,59.49179368216697
2001-02-06,100.52523724478571,53.6671426933543,90.9628894895232,149.88926120332906
2001-02-07,132.64574661077415,123.64020150656405,81.12174950633936,82.6639249425911
2001-02-08,82.00496010306117,116.38045276218051,117.71206397350093,124.81839120488463
2001-02-09,139.55232284962005,97.46308757498139,110.57792494526903,130.66650530268163
2001-02-10,88.92016787341632,134.41704489691972,86.45937281975401,135.80232710072292
2001-02-11,51.08376514802983,130.56701529500532,71.78925542549901,149.76282974021564
2001-02-12,140.53819764192636,108.53543643967521,148.80359661555917,74.14964852568679
2001-02-13,59.128667678613354,136.82712805132587,95.40016211961148,54.03508268596997
2001-02-14,81.93136375904149,70.58412100367683,118.82742357802371,91.11915179945859
2001-02-15,145.0061967050805,61.19196193977279,64.05529675783608,63.0080669828947
2001-02-16,145.0607146937556,76.97496115169896,98.55896996593978,52.24258891620551
2001-02-17,107.34378881232861,55.70868560893149,52.75367198694655,86.04268271414861
2001-02-18,113.18372121697993,103.1169528001032,100.54551179104499,128.37382510752366
2001-02-19,94.84455219783197,143.66056922949616,146.40174071177023,106.61806912250708
2001-02-20,79.32107716980646,53.934354066850965,88.42067129858003,81.27779892103541
2001-02-21,82.8664545369916,62.21099140100268,53.899601257491156,115.43420054927196
2001-02-22,117.25184560770384,95.21990282834352,53.095579091934354,73.20181803088107
2001-02-23,125.237452943768,143.38750175279048,88.79867599468695,51.4381446072085
2001-02-24,129.15790437258485,81.61561049767505,66.00249364631941,126.43533864364274
2001-02-25,128.96181427945538,100.72348086883925,52.33520963281859,112.3743084864009
2001-02-26,59.12061030486903,54.15728590503921,125.62136139501769,126.23026245009599
2001-02-27,99.44203047025815,64.83432009620888,95.85230088818906,53.893801668766564
2001-02-28,55.755876001664426,148.6630122958847,78.92447719726545,133.71196278306522
2001-03-01,104.95288823237355,146.51186964360454,140.00831830164807,111.95262000363033
2001-03-02,94.1530501373377,50.493998093440965,61.613896020052564,106.33953507126401
2001-03-03,138.77041827582997,145.1811785423239,145.5918828955319,112.46140481145315
2001-03-04,85.09150125520787,113.91199378155004,81.39667173773529,136.4433246868364
2001-03-05,61.706701642760585,136.79182945200222,138.84036723086814,108.6936506558907
2001-03-06,64.29916820528359,95.47398556338591,110.29428764794616,108.09503798881794
2001-03-07,126.15106317174723,101.55960285792503,132.67073597414873,149.06791570657657
2001-03-08,111.8218063316261,98.88465802569202,148.4013163210464,125.6730167068568
2001-03-09,60.11226761227903,116.68642575461044,78.84054378187457,94.22938054511353
2001-03-10,58.41068061149974,63.96512547563129,146.1135485407593,120.73970000329277
2001-03-11,120.096913145912,52.997358987267795,88.94818949024204,88.92304716917886
2001-03-12,57.27630063641935,80.79299415911909,88.55119047369223,72.8875462483499
2001-03-13,132.18600592903562,120.46807627366466,84.03871042545057,109.68518768877594
2001-03-14,120.62422271564962,70.18534521229483,104.14076073475852,142.81820981139515
2001-03-15,58.13487806418998,117.34324333249174,65.41450431784871,142.91395200154628
2001-03-16,58.48377140851919,146.99120461072704,105.37114853580113,84.19052781054903
2001-03-17,148.66395785011753,59.39007157894184,104.1704812410004,102.7677466221695
2001-03-18,87.42707957561203,117.26021182251263,126.190181260487,71.16358985698612
2001-03-19,87.06421470668909,94.37502193045711,133.36499619375854,149.56311094988834
2001-03-20,131.27995672575025,136.81422543775054,94.0441350312424,148.11179078679356
2001-03-21,144.72485773838588,67.71497894473859,80.23332493514937,114.95089297074473
2001-03-22,148.6001063822871,119.26259522261645,75.93348973170944,130.44140596774736
2001-03-23,125.33781852589416,133.81152896481103,69.46238367048718,121.51001612837
2001-03-24,87.62595855309158,144.46142194740233,55.76475821990249,109.31582190394681
2001-03-25,58.35007166986688,118.32480282896458,84.24479788347134,55.33479969888977
2001-03-26,127.71469159274368,99.71747640084273,77.02476921307833,95.4764342552661
2001-03-27,105.8404249735805,111.78472402012139,146.64173858664074,117.47863021674105
2001-03-28,92.42220092469762,136.89049844787183,105.77088262500439,117.75316138836847
2001-03-29,140.6354385094736,107.06097466388297,84.72770390305075,87.31226184223836
2001-03-30,61.11974823061513,53.03870596968368,108.0467600993696,144.16919866580304
2001-03-31,99.26251042908592,143.09486955069778,63.91967013456955,66.7357032236781
2001-04-01,51.135364476741906,118.95267510315611,94.40437492022029,100.03594462155607
2001-04-02,96.86606419941262,117.65133857772466,112.62343214210638,119.08839765508228
2001-04-03,55.63032756818374,71.56751523977172,98.88978317924514,119.71358058918092
2001-04-04,61.88179162680719,115.88854702326572,90.17788006543242,114.86389567688155
2001-04-05,61.752624677710486,89.38644056541585,149.3848388899698,77.52882134518602
2001-04-06,114.92103021160635,115.12329770414921,138.0314762148927,65.6206568686622
2001-04-07,124.60448792654233,60.65930303079907,112.34059581594401,113.59403268267108
2001-04-08,108.33687650971596,115.7845304603036,106.93773611822829,109.93021161394378
2001-04-09,146.21725484745417,149.94137257706666,112.0660479824584,67.9356010289241
2001-04-10,87.4870579523704,54.8212038860556,70.13121078224333,120.51391455705634
2001-04-11,78.57120862818607,147.71741842213174,89.51377432643186,95.51719917336564
2001-04-12,136.85991281894604,90.69079607228707,53.94595328908993,116.7760591603153
2001-04-13,72.35958385194526,137.0753450337259,97.55460374868267,133.73670797701507
2001-04-14,146.32225394406112,128.23854840582734,104.30245839576631,66.97284285769231
2001-04-15,51.21544746898164,106.70162609866678,72.77497361032096,51.914486799683665
2001-04-16,146.9878826707639,123.84492092513266,146.40288471655137,127.91025863957867
2001-04-17,54.31599119505761,137.85155613013478,140.9454610937242,110.9697425152616
2001-04-18,139.11431136980713,90.4140321651033,122.21432354559059,119.96395696221217
2001-04-19,102.77011090862999,82.70331615632387,103.33866287653626,133.81549749886426
2001-04-20,149.29647961193004,116.75933855635847,136.9969159647685,130.28109348245005
2001-04-21,57.37965647353989,130.78459419412587,63.06523438234629,146.09201469288246
2001-04-22,105.38542844013207,126.22851347766158,129.0509794274885,103.59350788521182
2001-04-23,146.9302535619099,129.78136488586347,62.48208139668483,98.84956326599054
2001-04-24,102.30978441701488,93.5583314812933,129.42106625494054,90.18871998907301
2001-04-25,112.93986381352624,131.78342161750214,77.5767568251357,65.36910428442046
2001-04-26,119.57486889846172,62.02090553706084,137.7090581018189,107.26072328820224
2001-04-27,95.45410647677733,104.44890979608496,144.4042093825398,77.70125243259788
2001-04-28,112.75580800840635,50.575866049812156,64.87959694051156,142.13075122129754
2001-04-29,108.43143119231001,82.45858299002703,96.26756050653935,108.31908042770976
2001-04-30,140.11580104909888,86.64615348713978,148.0987378162685,109.28401805081101
2001-05-01,54.54463803414579,89.61726916092553,98.34074359731466,85.492466087701
2001-05-02,78.09631895922303,119.54672066898621,136.3547522514545,55.19893519777075
2001-05-03,145.04114840765587,88.85581012703457,108.87315221313199,53.17437653729886
2001-05-04,139.02637838909163,94.86936226225306,87.53299079196019,92.33351441531974
2001-05-05,95.56567527857129,73.75441308743274,78.57835555258703,58.456537809723784
2001-05-06,112.01325978015367,87.325179162934,70.32230910860872,110.68469555401391
2001-05-07,77.73811829811326,72.72696272631515,126.17981913776973,138.09730056396575
2001-05-08,68.81211597237613,57.31959237684436,88.6540506823028,138.29148165187223
2001-05-09,96.36984049399823,110.34485933813778,101.12754622007512,115.90454101322324
2001-05-10,85.33522280260527,116.82127985550163,99.23254800011819,71.1231831472931
2001-05-11,108.3656111850872,111.94903460096145,107.72790292331312,136.29968313588722
2001-05-12,57.77346369649848,96.34940438005724,136.5577145624552,138.6093435313208
2001-05-13,147.43948076661667,87.97857801792298,148.07393435834294,69.66535849529586
2001-05-14,148.62107444796027,136.33336495718254,90.7584208573817,123.74260857706773
2001-05-15,119.81617140197451,101.9081785136218,132.7518922106303,78.6519548927123
2001-05-16,103.60963663441204,97.9181877629731,126.45277946547176,130.26403123529298
2001-05-17,80.95276162863277,52.56420658064357,107.35289514555733,149.72378999036027
2001-05-18,131.37950197069486,84.12478276261564,145.60471436119332,53.00260053293928
2001-05-19,118.47311725538793,88.0195618785857,70.04745155284027,139.73658657909317
2001-05-20,66.26169393448913,89.88227808969005,60.92642103096214,112.26305335986581
2001-05-21,141.09271844938425,108.01723692273322,135.39619669554222,147.3382619164821
2001-05-22,132.25372429231692,103.36025467268784,93.91498166337483,96.50095175264276
2001-05-23,144.9799913291924,110.79050927934446,134.69688542070605,134.73879305713737
2001-05-24,122.571950838836,126.48832615421283,139.3090205195415,56.239406859827724
2001-05-25,111.341519593579,131.29857387160934,56.24575936190715,83.52790500782957
2001-05-26,91.82430362906189,121.81230762264944,138.34647629860606,56.701653775120995
2001-05-27,143.2728483354013,145.55236959549347,94.83190553694222,147.53431334790707
2001-05-28,136.60638895004084,51.82325826763616,101.04324890042322,131.6973907271837
2001-05-29,54.52186701061894,69.57779856835461,112.65925110932102,135.25474212459704
2001-05-30,52.6366974497252,50.75628749781421,142.6382606730087,143.79652314338944
2001-05-31,87.64633668780496,114.7474714154603,51.911609442976406,58.510348611978536
2001-06-01,131.0553330781833,139.8030548949987,97.68434683178171,88.55975925133333
2001-06-02,148.72761293149443,74.34822965762993,118.77220424305607,57.10348890440021
2001-06-03,65.04168911035282,142.70345447963066,122.27069576982285,71.07931015500286
2001-06-04,109.4130715352135,56.02673902895609,119.2532431537108,72.93657770376723
2001-06-05,88.08908566310215,143.44360268055144,63.443512940812184,96.91072110475787
2001-06-06,146.99143978146031,85.16226872396345,79.93955883716812,76.85621674536426
2001-06-07,134.21189231357087,60.14208284492165,85.87155254170135,60.09781068177611
2001-06-08,133.83287047111378,98.58717591863257,130.44372076795048,66.74910890941078
2001-06-09,96.86931597949703,75.6776567720508,77.8759872414553,64.72755635520909
2001-06-10,91.48195023376653,78.48729019619228,71.07049638672032,147.30767979122982
2001-06-11,77.34070719307063,80.72899649262865,145.74480190380962,125.92925069184736
2001-06-12,55.63754966509271,130.30258978326634,50.88632851134689,146.7761465269562
2001-06-13,136.47223762550533,103.91612766752544,149.78208556819783,93.97404865079085
2001-06-14,131.29010091300776,81.13076991560037,117.68212988573956,77.83684816626567
2001-06-15,149.97176732861305,111.03337833109184,132.84692994491172,129.82931972091865
2001-06-16,149.66368370739053,121.61506742231936,79.46193963461931,82.62539180411468
2001-06-17,105.54317056026275,77.26240007335338,51.431527766706,79.93833737053482
2001-06-18,126.89874151805105,91.35491015253515,123.78695185615301,73.25059922078312
2001-06-19,144.47657298824282,62.18860933369476,133.4144597000676,62.96789782242354
2001-06-20,134.96473906774116,68.11493495346804,124.04761319535191,75.6463061016766
2001-06-21,74.73481017431976,118.11178539649828,64.28502873008387,85.53197484738877
2001-06-22,95.05441353100935,68.14383476956269,125.34279222569691,117.39942081457303
2001-06-23,62.9159415151495,102.51633836670601,126.8922782107641,56.25648422194516
2001-06-24,145.40510272587224,120.90462617224327,115.85405156700548,71.0506939665343
2001-06-25,110.617463445088,60.687692309474386,126.61159327955862,130.90236402916764
2001-06-26,72.86428055034628,106.73122196289034,134.5921439677732,64.69219235837707
2001-06-27,117.17006844058567,75.65627837013638,111.36041142374584,84.26451465225216
2001-06-28,111.81282404578958,146.292687523758,58.86047139696791,136.46589218581403
2001-06-29,85.81627180328405,98.35456467199248,98.7627809667211,65.49253111434426
2001-06-30,61.355759219962906,130.5992549775158,57.7649334671605,58.27368356181899
2001-07-01,117.15731955927996,105.02265421562618,90.75430310324307,98.45379950800108
2001-07-02,102.03077009037932,54.34125328548192,90.71064891256276,80.24195112785364
2001-07-03,127.23183917356393,113.31513755940223,56.600984414024154,106.3408364483854
2001-07-04,102.01635011119933,145.1403342206657,84.88205339694792,130.3804890483475
2001-07-05,135.218150031854,110.16118201463311,61.099809879131485,63.714848815274316
2001-07-06,105.19068387744855,131.91888594267903,130.8235210009222,108.0699084554285
2001-07-07,106.09379715353862,138.4206463348408,144.76880259644707,100.55087603898639
2001-07-08,137.66536026583452,72.80797719489325,57.23164752579386,64.40787860131996
2001-07-09,90.34828662123971,71.20448399082267,145.51152072917014,112.39984855289825
2001-07-10,63.40152284506407,111.09809888509918,102.25765993367452,77.36404178607717
2001-07-11,52.8782676313339,91.10284698067048,79.95656779538739,98.78343185440124
2001-07-12,125.5137255673619,133.98613028667205,57.686207527616354,58.227232427706184
2001-07-13,112.03095513534646,140.0023123398011,100.06242680704179,95.95840572136231
2001-07-14,120.40797680992236,85.3421379302718,129.45155444907488,80.64634680428203
2001-07-15,71.29641615089108,73.6870558974482,120.70864772666981,132.23812111853545
2001-07-16,63.63714755867697,128.0525515243862,55.02260114639738,55.69787269973683
2001-07-17,51.45446656678819,77.48060355481361,57.29018353679035,91.86072749183299
2001-07-18,85.0587558806597,132.26143185136783,90.2873282632637,95.8431424131438
2001-07-19,108.99176868546331,92.37382536487628,79.52904940479434,122.50060762991187
2001-07-20,89.22440450997323,116.75498992914704,73.23843230560479,107.4287575090211
2001-07-21,93.74749220237291,59.55353138346682,78.10044989087136,116.72123371941811
2001-07-22,140.41586944937484,112.3859324676573,130.34827432968848,127.7049285651756
2001-07-23,84.82554670233003,95.17676787372291,142.92280536318538,136.22029736581888
2001-07-24,101.39894891598108,108.66084631754741,90.51026945275665,81.38754967224705
2001-07-25,128.3653012741143,66.80142077448635,140.6111002132497,103.8022705363903
2001-07-26,89.65427823212701,123.68737449441821,82.1495701247882,134.01080784392
2001-07-27,112.20867002278735,136.27970775432286,97.64369863437916,148.94511309650565
2001-07-28,136.23637087467452,71.67398000907757,72.60289978159997,138.9519311043763
2001-07-29,144.95206236576422,59.571455552016175,114.0476042175844,87.14672626243768
2001-07-30,64.7073480929038,52.36385860463364,147.89811151748088,69.51665172186505
2001-07-31,142.65876251614944,114.1971500443266,110.34930960433786,98.93925374065887
2001-08-01,99.21162930795381,110.70940360887808,85.78140841135489,124.16414518360422
2001-08-02,75.82443882989584,104.669741271407,114.78174459905284,99.25690707532976
2001-08-03,95.91357562382613,73.19470961159755,62.29206784653876,98.31808633136686
2001-08-04,148.0032575285477,89.09059959055148,138.86590802653987,133.82304210818006
2001-08-05,99.26180939928696,109.4476335186173,100.30839507798363,86.14037790671864
2001-08-06,82.87516102875082,99.67668588591694,94.9349742039642,135.97946748116456
2001-08-07,113.34008543167258,148.77855202148874,108.58647884535192,90.68048009517236
2001-08-08,74.0145618778193,63.64397525567331,112.47838627894025,82.82331056783394
2001-08-09,57.586332810866395,119.51445540475937,57.177580622651305,95.3989911199699
2001-08-10,62.88797219106492,90.43187681042922,118.26172212234025,126.24469586748684
2001-08-11,62.80458389577724,92.81996149256148,74.19316803155296,62.60020278639943
2001-08-12,65.19026935122943,121.75977656581762,121.39526325065899,69.64192158720174
2001-08-13,63.882717264941014,119.24361513243696,132.25347943841967,145.1444825663092
2001-08-14,114.08747448032146,149.12559937021882,130.395850755252,67.54916273813573
2001-08-15,68.18800843991448,62.83942894541252,105.2500967407889,106.77273179310546
2001-08-16,84.56672833238632,60.41096493841663,102.01698923107512,107.93144666619378
2001-08-17,139.6788409906012,122.43388171287411,64.28759613394118,98.96244620502448
2001-08-18,97.39616402628724,107.83869170064091,127.53461504031355,114.47452485768186
2001-08-19,116.75577385210272,77.41606665598059,77.14093804467143,72.98267257976184
2001-08-20,67.23198712016298,57.94193689889866,99.66954228179466,105.26622677767483
2001-08-21,69.22890188086708,58.56582495964305,78.42740929275166,87.21732552468971
2001-08-22,54.08686162664789,139.41908746641184,63.38283629996931,116.1667259629189
2001-08-23,66.89350630721646,69.1867324718743,112.95576968917365,64.12235433731495
2001-08-24,77.85903390319586,82.33715621155207,55.43320348229038,107.08774168394763
2001-08-25,67.70104842767468,72.6656402226988,124.86452341262,68.52703553833237
2001-08-26,58.87025337570556,85.49963058319372,81.75867952611166,77.86430631150364
2001-08-27,62.063587110060084,56.94238427460934,50.013469300448534,71.87098003235832
2001-08-28,96.07787680327257,101.90597909082703,101.11291392372297,68.28377798688172
2001-08-29,70.63337184057926,56.76125635922149,54.685190852760314,132.5710951560667
2001-08-30,86.42698610480755,130.03565078223616,77.61695578208995,78.57075676608903
2001-08-31,100.34172708548569,73.37120819104331,120.69764874557161,142.71237818644494
2001-09-01,119.03948286293652,104.00119146045105,56.26896216218658,146.9926525345191
2001-09-02,53.931213984109895,138.0079087561458,133.93384923560023,107.12604699370974
2001-09-03,129.94103989090428,115.08773690471942,50.38199226585831,64.30011226657264
2001-09-04,112.79003894909079,103.29577865513353,74.68238692019023,87.45482433795813
2001-09-05,58.17590319488719,82.43337531153756,124.09040561520715,129.7732263348214
2001-09-06,137.35786241067774,83.3001913058198,81.62701497293068,86.73907286970704
2001-09-07,142.08724005318132,116.94869551981901,60.18923880660135,58.70172183027887
2001-09-08,56.107795985486376,149.41393612211675,86.0233918800428,105.6784910928188
2001-09-09,77.68776481472037,116.18391898493786,77.03932863845256,134.51208514960348
2001-09-10,130.62012797930612,105.77834173700249,134.2711902160555,129.59263871435024
2001-09-11,124.82596903836584,123.06505102392461,81.33479175851431,67.51231401303532
2001-09-12,68.45210193563773,96.52056122837182,128.89324717760073,117.27646144124667
2001-09-13,70.93493233367103,56.014234260078524,139.18721448107345,72.05042634356471
2001-09-14,87.0472102791382,106.22968158779098,93.38174195765296,71.82075345521721
2001-09-15,98.45229851910213,145.762528450538,140.9943143854392,137.40717733051852
2001-09-16,111.8254771530296,67.53029423576596,87.73180539631929,74.96689527402302
2001-09-17,86.89136395697724,119.00048908206658,146.40784164901083,76.32473465180112
2001-09-18,96.25347161331479,70.09336886590565,58.9289524525573,50.06533907612996
2001-09-19,124.74709381337566,103.58276844730813,118.70192665032427,137.06690341255177
2001-09-20,53.66832028905979,59.667644964671965,99.38140404569288,129.25948132091347
2001-09-21,75.24369443440207,95.03709362581851,88.76488054556471,112.7328935090678
2001-09-22,121.33495858845524,125.61633288952461,113.27118787486009,125.02657639388423
2001-09-23,139.52068376871995,84.7571524238982,120.38570916343312,65.20485674244918
2001-09-24,101.16774421156661,116.4911724487218,50.43632696503091,95.83235945875754
2001-09-25,103.21134852653157,129.54499607897293,66.69530887471987,85.12193873487809
2001-09-26,60.7172011339776,142.71778194794527,121.30460506343186,59.37765262570165
2001-09-27,94.74123668234546,73.46420818554535,116.63854135782064,98.6130485214924
2001-09-28,103.2617266455023,89.93159158093081,146.60475051286772,142.07396503426355
2001-09-29,74.24705036347297,65.24160133304174,126.1037790250783,54.005911905069446
2001-09-30,76.9243230949381,149.24835021583752,145.07727077313382,79.14609134937939
2001-10-01,87.72841631046226,142.70009679242952,120.25405015348069,70.75409362057034
2001-10-02,52.00711977777264,103.99571302805596,79.80522086394431,73.81466536656963
2001-10-03,82.20791655831783,134.20332943764214,60.536492225085645,140.84345518793754
2001-10-04,71.14480069965447,102.09579772720423,128.18238633449357,96.80690542342901
2001-10-05,82.74973521779147,112.35856880027598,114.4149221475916,96.62994129398189
2001-10-06,61.97621318192512,58.91244321160166,54.818601239329624,126.05756424552823
2001-10-07,139.0527280739895,125.52704204968079,86.00504659009783,65.44922040049258
2001-10-08,109.35924535540487,62.77134836352349,145.6799815484286,98.72653541000508
2001-10-09,117.91023191444896,132.60676302525283,100.04011457102013,92.99852141210597
2001-10-10,128.91712386073382,128.2028087670386,93.27291360197046,109.6910690546656
2001-10-11,99.84421989290573,120.87446977429764,95.7699605159294,149.95577032504386
2001-10-12,58.69202880874237,53.61603805247621,70.88827240051637,126.9448894082047
2001-10-13,103.71065418185478,80.31283559453286,86.87071708647952,89.78657030174273
2001-10-14,108.68411180208791,76.31125699108429,86.98132559871766,132.75530522740468
2001-10-15,124.54394741843299,86.01364074715191,55.23550201874724,67.07083633124802
2001-10-16,93.16595462296794,58.764274676383856,126.75676285179182,53.04636863089601
2001-10-17,62.75803027955638,143.69578230310628,91.6504431903879,70.44483724642731
2001-10-18,78.37759057987245,105.38022407123762,132.21798868164234,84.04115561142596
2001-10-19,86.30822963986351,80.55243106580235,135.03480011198954,101.05807574595599
2001-10-20,114.59172413316013,89.69815170742834,71.19940546986581,111.51291405411999
2001-10-21,107.07783046689119,94.72025405048356,115.73534821701286,141.06057172144216
2001-10-22,85.60967258978462,110.05943333606173,97.22818041629817,100.98540095504578
2001-10-23,148.65152487929797,101.56794276964978,138.0156737921485,100.12756446257293
2001-10-24,110.57748193568872,141.93919732144172,71.57406791764541,55.024300982298215
2001-10-25,73.72267917359945,99.69634829058302,117.78132003100443,53.49115526562238
2001-10-26,60.17824726204037,149.21580148233127,110.77521222527226,105.11599619163721
2001-10-27,65.28591391843321,135.14249577450957,79.53014775718327,93.81786132483445
2001-10-28,74.59577283845081,70.85105143573358,63.66009036511726,133.91803949802986
2001-10-29,66.06813732595558,143.05952146439162,115.16397604772766,66.06795847118451
2001-10-30,68.65670240513057,61.63663978854761,123.85974581323308,52.49716621170496
2001-10-31,78.50951686938471,131.74497084911917,81.562734376335,94.90387679301259
2001-11-01,67.33735952947548,88.06232934765801,114.48326040223138,73.74785567522575
2001-11-02,139.67654246264252,137.79743204450693,89.51309076115032,54.961437333883744
2001-11-03,58.02337456616422,136.80566901074502,121.32068832826177,122.4598286847629
2001-11-04,102.45113895702546,130.5925400117621,69.9215274894053,61.15929999572475
2001-11-05,91.03968269896615,129.00304363070614,139.02150026361744,110.83195000077717
2001-11-06,148.23786169086065,80.46791390980408,78.74095964655797,78.10497501668891
2001-11-07,61.203890216805235,58.09192830512522,86.7785987756153,67.34960503550221
2001-11-08,89.78555990457417,90.29801787651616,55.80919520803498,87.97515229193175
2001-11-09,146.9470433275369,67.35245149865086,61.15122123212764,130.14457762229537
2001-11-10,136.55071258939802,119.49510889024617,101.58619027123281,89.20935769045727
2001-11-11,131.70720709492798,84.60997265377856,76.75926767279715,125.07696492110557
2001-11-12,75.79028270449399,147.5610200859915,133.54802257421943,62.54862967991507
2001-11-13,67.08875873900658,114.0972077345332,51.46933886549539,127.27714196650791
2001-11-14,116.8643219924431,132.2480563634361,87.90940486719362,73.69333249066486
2001-11-15,142.93759891275857,63.252467274184845,83.73455467690927,117.73931298888728
2001-11-16,105.67628930139298,136.20144822726226,51.9327630917601,106.57815548409963
2001-11-17,107.16126894698999,142.27571905133942,62.43683990005103,142.91447172116875
2001-11-18,77.99790936602841,98.70619188189359,91.36426749186353,88.7322517975314
2001-11-19,126.94929331919369,110.62529377509775,99.28645844474465,56.616518883444044
2001-11-20,68.70437485575233,126.48098009029954,90.42897472548691,51.91554855512529
2001-11-21,82.36792364042437,67.48386272604125,103.09376784120938,132.6858560972753
2001-11-22,92.54364386164167,100.25660764634424,109.51316749056815,102.47356376614322
2001-11-23,100.7610378684455,89.86630277723131,50.99238211278356,127.52440518349492
2001-11-24,74.24097324150802,64.6373992162249,96.40951594535039,73.44256000115146
2001-11-25,61.483682473920354,86.75344222915314,146.34992408875883,84.50837455132337
2001-11-26,111.06200424416326,56.81723093854936,101.90322801295487,53.01038722113189
2001-11-27,78.86305532402558,52.581190694948695,117.75422674589532,146.14923245741122
2001-11-28,108.12382214226122,63.51662891548227,81.18638579168832,116.78679067008134
2001-11-29,65.43627152742023,146.31151115891737,127.39913781527625,143.32050877593062
2001-11-30,98.11401018548175,104.9529535895017,127.2921481876115,76.54964074290723
2001-12-01,103.25894325515858,146.582216115322,102.12960476541389,111.14636112256608
2001-12-02,55.18235368224269,93.2497878330132,147.60138232792136,117.84999682926379
2001-12-03,83.66042781939205,81.18161330852595,62.55502147626534,81.75497002575884
2001-12-04,63.44146769389742,100.61418628402441,51.6947664889581,134.81092350156302
2001-12-05,56.33749704727678,93.951168863291,127.0158211757096,144.71614629002477
2001-12-06,148.99602323899452,60.566468426174396,130.71555373648826,138.48551176960044
2001-12-07,82.2353844974723,114.08263146902063,62.02072291205762,123.90669759393725
2001-12-08,130.9874445854635,71.60381825095996,76.5582832958606,77.7464679724954
2001-12-09,75.46406547637639,111.95879548978296,51.75523633666289,78.16160421056317
2001-12-10,118.15027222239293,115.02010923981534,79.33086107805647,146.3360320446038
2001-12-11,126.02278598896865,65.20248531286481,127.31418739186715,51.028449593569206
2001-12-12,109.56387406078443,56.13496271106682,101.79605277125789,121.60499732421445
2001-12-13,97.15761885501584,128.076158606844,84.80955931682881,120.62461625552622
2001-12-14,91.18409141472685,95.98004237693202,87.17392949063303,112.26895409497975
2001-12-15,84.88682665429954,55.81637955054758,50.135362571546814,149.01088460868658
2001-12-16,142.9529144247826,149.48663171697672,79.98005275652359,81.18794357637252
2001-12-17,133.0619407787729,55.778056099636665,114.64587416379305,83.99718637932482
2001-12-18,146.50269106665127,119.50352288585532,147.4194443816357,57.89394029465556
2001-12-19,62.42972234855447,148.36789252634136,134.70608269838993,94.27981365437375
2001-12-20,123.08674752036443,73.91801042159256,52.35949646455291,76.10485262348482
2001-12-21,143.83404568210378,64.22493686871962,139.85606046748393,84.33867021776442
2001-12-22,68.12330661656601,62.13849394224289,128.31984132986258,133.45717902556277
2001-12-23,56.649626736677746,80.32751475675956,128.03761235709806,143.54845135274957
2001-12-24,124.11206492900591,60.10458110106467,95.79957590035715,68.57330720051857
2001-12-25,107.4473113179912,119.2161341694132,89.80052929545027,87.25089315534659
2001-12-26,134.1828776758272,56.22917981300627,80.29157288331926,142.8630562115394
2001-12-27,63.97723766262895,100.94221281497897,56.56948589543658,56.180846068922264
2001-12-28,129.52673118598904,149.66968538529767,72.8235363493699,59.23605281113785
2001-12-29,70.16273200477445,131.39702695060188,74.66036349780246,66.27909892062294
2001-12-30,66.36559428657046,111.52194382310108,98.40770697102016,109.52128341268747
2001-12-31,66.4265797930993,80.62536207866117,124.7444406596694,65.04722710059974
2002-01-01,131.45747202313822,112.38958362916384,97.38098283979465,146.80763814507335
2002-01-02,116.51972206962002,102.70414639116515,55.78444494471606,94.67145272585203
2002-01-03,102.30654247691193,92.60833838903716,145.7789800988204,100.15179603501664
2002-01-04,85.88304841235025,63.07103767401995,144.27243190941124,74.66586158054065
2002-01-05,137.72005408131082,138.66042152404668,128.51895431484084,97.09602524347335
2002-01-06,89.24451074226354,94.97846488213224,149.13279015642206,116.19136326370115
2002-01-07,131.65994394715773,69.4622511820765,104.4482332800263,125.11771369540428
2002-01-08,93.91349085702184,86.77593508772895,146.27683502532062,125.3868082709913
2002-01-09,87.69444294249075,91.41297525289269,57.560504061675076,107.78911126940883
2002-01-10,96.26797856696064,132.75378955668742,86.56807482613713,140.43597749938573
2002-01-11,80.13778741641421,123.3614380561402,72.53812680067658,131.74078473061093
2002-01-12,124.76093801762511,126.93048936413398,69.583308413427,125.70481146986255
2002-01-13,100.27203900924792,51.10312644286472,64.0802948892676,55.56055216804606
2002-01-14,73.22126951468172,91.61539981797615,112.24136415659967,50.68779622196493
2002-01-15,139.95745732745684,98.13441516353237,128.1321855747305,71.2447277195473
2002-01-16,88.38912213732114,51.91922768230567,107.82983994203607,116.35235939134523
2002-01-17,104.35528611139887,75.98132087450342,64.69627095882097,91.11974888825458
2002-01-18,140.6472110964547,126.0289823122135,131.11237699334708,90.24062592993117
2002-01-19,112.42379959139922,63.7109705728999,113.59547071637286,138.4586888229614
2002-01-20,61.68980407083641,103.53101314525917,88.81657061269955,139.55628481318388
2002-01-21,143.9832123613475,71.52018720172376,117.4130295536063,140.91752640535856
2002-01-22,112.77080530714179,51.212077464389324,75.99049792428329,81.38780765150273
2002-01-23,83.49056146570861,74.12014575995414,84.51922084942106,119.10558127392618
2002-01-24,63.927207266338726,147.5873754910054,141.74858431319902,77.16331812743697
2002-01-25,129.4025189270296,130.15371118829896,79.05045056714204,69.06098330744499
2002-01-26,112.00727559285136,145.95766443210334,96.99882681579366,68.46324573473692
2002-01-27,103.34610919763216,98.78540439263625,139.01411373960147,84.21076208635941
2002-01-28,139.38925830509578,60.97361986775035,120.77213502675275,92.99576197798217
2002-01-29,128.8597211224531,104.7959488973693,56.22032261647028,133.09491710550685
2002-01-30,65.16748797327512,95.4377334559961,64.73030442789704,61.98910934727121
2002-01-31,81.17220677955483,134.4357082739616,50.78415907719168,123.49258473948942
2002-02-01,74.84891398144657,59.80825807842446,113.09217902291634,103.14549141893053
2002-02-02,124.3946292572677,98.82411370217781,94.76734254104184,78.79453426759925
2002-02-03,53.35324347357794,65.00486646939842,63.42748509022755,99.28195845328246
2002-02-04,106.98896848713164,82.467592689006,145.79341210567705,79.99420697770226
2002-02-05,126.24586857406905,123.73570773877996,102.96597239456199,109.6081955238306
2002-02-06,137.67656367617496,97.60181293687666,74.18932941128892,93.38439228552443
2002-02-07,84.20817487159076,87.58882851457693,100.06035711547077,66.44055290788788
2002-02-08,132.12573046720127,89.44762785700354,117.96203327351078,61.65830745556967
2002-02-09,61.063173695520724,95.94467684059866,57.623921797356445,104.66956820721302
2002-02-10,134.6452291734518,128.50165438370567,77.4703815047892,140.24130332861034
2002-02-11,62.74886623319824,139.20846889402344,130.69654908839937,84.39576865576856
2002-02-12,89.72872905603673,145.53346865039282,95.96648704026612,123.30001072226231
2002-02-13,129.72953657795534,128.6903386255295,104.65771420322949,115.8661354939767
2002-02-14,64.99174273487738,81.54068957480128,93.28160022094693,143.1554914309481
2002-02-15,72.92513952326415,118.81347060865421,54.38999426430051,132.0981017299141
2002-02-16,122.22525683930662,93.7603124055392,66.5749779820156,106.6605258905463
2002-02-17,122.00365365460743,75.46706220460511,94.55416387418909,115.70304982341074
2002-02-18,114.11476328852973,134.08715794259226,70.91854654079279,139.8386466584035
2002-02-19,119.39484444671,53.8426348962325,54.99790286596787,89.95187845869347
2002-02-20,104.27244433475963,140.17619921354236,134.36496640518237,82.67947058577774
2002-02-21,75.17990589069527,96.1477464624734,148.1192529164116,51.08110836351963
2002-02-22,84.56959935039194,113.72014768082803,129.31428739967396,132.65510741914642
2002-02-23,68.15977168014257,115.93539222057827,135.3784921704667,130.0980700403365
2002-02-24,140.84505613336285,139.51177407065364,74.19771303170454,60.445451810015136
2002-02-25,108.33917947661205,113.66696821672073,146.06269755131996,107.68573811327002
2002-02-26,90.08514167636399,111.39335847600617,69.69257044534284,96.39816981668874
2002-02-27,96.20058036441327,56.665204056068994,145.14298103618324,61.87090955091115
2002-02-28,144.72833396118153,101.8408021945204,149.4819293965951,148.05682270607235
2002-03-01,65.33514031160801,65.01690008170416,121.17228057460487,71.46958874633555
2002-03-02,108.62298320167972,123.74337687214856,148.1143731791822,56.72341800905612
2002-03-03,100.5888678884466,101.22219208126745,106.95397795671036,109.48473795019096
2002-03-04,111.14542354346477,118.02277792083532,75.95417831760903,123.88666771330327
2002-03-05,51.81101838208405,54.16729006023843,93.69958856656208,53.2443446047187
2002-03-06,137.21239089441514,58.479201604580325,109.35609353787859,115.87176387270222
2002-03-07,143.21182824836126,121.63233880626822,57.3081562027015,103.22918759514545
2002-03-08,106.51331835892088,57.208433599867334,112.2343264617246,60.32650088750484
2002-03-09,119.66508238768922,57.12567277652586,148.11778367622946,67.25238769463621
2002-03-10,142.24993811772958,51.210847523488745,69.01076497837276,106.79742973160805
2002-03-11,120.72386343133986,145.65013982994802,129.2595116288383,79.63576135132884
2002-03-12,65.25390429142614,123.75083594590069,140.78987937796194,143.8315728651316
2002-03-13,107.62883601668132,85.32514085020642,144.3701592820221,131.87402294840507
2002-03-14,110.6715046382856,79.65355812876552,146.01356044054472,148.3567206513663
2002-03-15,92.4130671302386,84.97032297458495,102.14596387214719,75.9670838950414
2002-03-16,123.64442356247228,127.46535311811819,147.73079079915038,146.97236327979772
2002-03-17,143.43670147690148,116.13706110704143,125.73102071344388,93.12338697915578
2002-03-18,142.55685129067763,68.51955678674679,66.16714362369619,84.75187953137547
2002-03-19,95.08393714041321,67.41093353340844,97.69001064679699,55.03495269693532
2002-03-20,61.323804584075525,59.83956497133973,121.8331175372004,55.27652578596026
2002-03-21,148.48411989623344,116.03027197013381,74.73403158190834,119.20112559466547
2002-03-22,133.88980864459342,126.43726622217359,114.06151835488873,95.79289944340279
2002-03-23,62.46626812032669,76.5046428325004,116.66004790466192,72.65216260361058
2002-03-24,142.08418826173724,52.09449610309128,66.26997438085658,111.39703063252327
2002-03-25,136.98963620621282,58.217166747642736,106.50853124527563,75.28581182501111
2002-03-26,101.88380571260721,146.78600348450306,127.16269109786077,107.76317543444226
2002-03-27,109.12754357449293,79.54447774774202,99.8895664535942,85.92087469826903
2002-03-28,89.90027038701302,126.92231478381336,51.21031167761074,132.3552226611819
2002-03-29,55.47616388220313,112.46635688542638,50.90384690792922,132.06961607667793
2002-03-30,83.51972416459009,88.19396396528958,85.70293439700121,97.73503981224013
2002-03-31,130.28534485980114,70.56872621955551,142.61940684317818,85.08191093350156
2002-04-01,50.46320230046029,62.138641815940645,72.86767796036088,86.25597965590946
2002-04-02,83.34991716911442,111.50129680388666,113.43636888716871,130.5714525668218
2002-04-03,89.81686935909434,127.4633780637788,72.20758706933205,82.8179482797612
2002-04-04,103.7395602937923,114.39042535411306,82.16699896595486,70.9059373706846
2002-04-05,141.98556164127604,103.03021332491583,134.8042089601484,58.46883418753068
2002-04-06,84.63459943659612,54.195122343163625,122.88614422699469,96.66931208844085
2002-04-07,84.69532018962278,146.84887775943838,59.539927731321065,98.21320989198418
2002-04-08,123.75012481097484,129.87141916545744,92.87020209864336,134.09087104029072
2002-04-09,95.22179408898072,79.28220367009648,52.91697636452645,72.1238696446064
2002-04-10,72.4604822939982,147.99703293588504,98.0890146603009,88.09912736684
2002-04-11,95.24395161326933,110.18815896363222,116.24340117010681,130.8405738893691
2002-04-12,64.08570203797998,108.24226582072464,61.850262359815154,132.36236107489736
2002-04-13,67.63869865062233,124.8073179429532,78.88849389091656,88.46110759787682
2002-04-14,99.83677727394797,131.17697880901375,89.7836625502157,95.9124023286681
2002-04-15,91.89254495045479,115.64786073315027,141.95310246560496,80.3285890849283
2002-04-16,141.48459010681,62.80957463662,149.32550154229642,143.2554878419312
2002-04-17,86.23938991166331,83.82675059944984,54.491129899561585,61.86437657415803
2002-04-18,108.05883502780435,142.80836403260497,126.1007923495392,143.37494230014698
2002-04-19,113.22642879195304,72.46156118438519,87.17240664023433,118.38664518353433
2002-04-20,51.30944565883336,87.21670238375134,89.24581862294801,103.15721526867313
2002-04-21,116.35373720167107,93.2076882944196,125.42649733470228,53.26590607844959
2002-04-22,67.80359668697514,93.94049896944522,141.84264321454089,97.55961918220083
2002-04-23,146.1070317469455,111.29395824945254,145.09285945025482,90.77481050027322
2002-04-24,64.8662727753113,144.30758377447074,107.71225860383208,66.12188119751225
2002-04-25,91.46241237270237,74.06927118325049,85.71211593005029,115.6409603500657
2002-04-26,58.534966807864386,62.150137630091805,128.75490858587793,147.11509073682856
2002-04-27,149.68742518459473,69.74704898599373,75.10013832623002,106.21888110645251
2002-04-28,100.21950103312426,138.69249002092695,106.40740288335178,121.47532764439458
2002-04-29,109.53850173200438,114.5810812655206,85.85784615248733,56.84504525660168
2002-04-30,56.70764773884275,78.59067892391602,115.66310737078761,91.76669958169947
2002-05-01,124.99604703991778,131.5946938968617,74.03989128935069,61.635848516449585
2002-05-02,70.99055930955858,136.1369996363436,69.15929457348258,111.27958355365104
2002-05-03,139.80542894407137,134.6514338690278,141.82390866754372,143.84821582141547
2002-05-04,70.51396404820072,141.89265336395545,60.18036829495369,116.17777324716386
2002-05-05,69.06877206636665,75.22410201733615,100.59579077349316,57.68030483144215
2002-05-06,53.65496678480949,125.50419287462783,72.08527829630088,85.46662049850829
2002-05-07,97.20669451099992,96.053949727414,53.892996332566746,105.06633794408515
2002-05-08,106.48411332626165,134.19985528900617,53.60188182914264,90.32077561332522
2002-05-09,56.57086394283524,122.84906771616131,67.52217721058273,133.36440104751722
2002-05-10,127.55276166950105,127.64474464997247,136.67703545060004,131.4671004709989
2002-05-11,95.32888347480275,115.61618376810715,78.24787439770267,111.18310201032214
2002-05-12,102.439026932758,67.74287694697068,145.04591705752958,87.34579451327053
2002-05-13,94.07627469382282,104.50269188969384,108.16222929891936,75.5336373763244
2002-05-14,90.0763060875326,148.46697395245081,93.6614189768766,60.58743182131293
2002-05-15,105.96403313082179,143.73880664971188,108.00888346694546,85.4897683486554
2002-05-16,65.52402459307125,54.31737357970117,101.66983852262678,91.31725172077195
2002-05-17,68.1928130495271,66.48148157294372,125.87762537573252,117.58229251040736
2002-05-18,136.17856210135173,63.17287734545619,78.24960659728522,115.81598242975734
2002-05-19,144.61154621336328,122.59799099852955,85.30503916003025,57.010813964125695
2002-05-20,87.3309316279753,131.7785329856945,139.40943025332507,89.52593154311577
2002-05-21,77.07446731435537,71.35113663106719,144.64565131504054,68.1778867217362
2002-05-22,114.39995432390158,100.5852692951829,139.25582274864746,65.68127053168057
2002-05-23,90.87341710980964,134.07030280112,91.94479939573137,132.73021497372457
2002-05-24,52.538635566034486,123.28015447662506,128.03655030068816,54.19152167162575
2002-05-25,65.61525973661904,104.22372054918483,97.63357333010988,91.91828759021213
2002-05-26,121.59722288473975,109.03476904587728,99.75398521461022,66.82036557665182
2002-05-27,115.89239419101514,100.836054691628,70.46801090572839,137.9330215678474
2002-05-28,52.70959925034835,79.75484513188206,109.11303032585164,105.70405132750352
2002-05-29,72.19721619329495,106.50219928590161,68.61358977533479,73.13806363768481
2002-05-30,73.10747965880714,118.88853020500906,83.15646990671938,100.24272871663764
2002-05-31,117.18927435987284,137.33229158608077,135.5030201619935,123.14863597031159
2002-06-01,51.97105377543642,113.62913539792481,70.70758092108552,145.8118008919434
2002-06-02,60.41085819845738,126.1121537043158,57.11582851734328,72.0446004245419
2002-06-03,129.99160853731894,66.00716349545729,56.90075926128163,138.6181772129345
2002-06-04,67.85446620543337,96.15574744197899,144.07845205031077,143.43041141674902
2002-06-05,115.27461078518748,50.93316198270933,100.69204379618347,141.64205445320664
2002-06-06,73.81827810467266,74.6678864521623,90.94120718170183,113.541435686191
2002-06-07,59.94413927593452,122.64617151130048,131.08785810079183,112.98206544347076
2002-06-08,74.3172190999454,149.18099513493632,133.58259279105158,90.32106331838227
2002-06-09,122.22669318556592,59.91780995872159,83.21910331156046,125.23978823037879
2002-06-10,135.56964681062857,90.14943158612883,119.36180574737952,103.12940183509319
2002-06-11,133.02198645669915,130.00709686991596,127.11228158518865,117.74380712282945
2002-06-12,89.71835296184548,70.40356346288988,115.46506868659546,92.84579038487954
2002-06-13,116.80851365706462,105.50849493022862,65.15950748000994,123.14964640431391
2002-06-14,70.4984295415821,123.30712960296748,137.5883083517057,132.44715176045491
2002-06-15,79.31477302610134,111.5985450260179,103.90945527360087,64.64362566028161
2002-06-16,139.63358185211197,68.80247346154161,78.24724263700037,133.2929715574228
2002-06-17,51.300192351073605,85.53845686857395,92.52281854376939,104.02965317903073
2002-06-18,58.5508530854468,128.37917844853973,53.757109039890736,134.46659090902244
2002-06-19,70.78862551460273,105.42265141320166,62.786680122241755,93.13017063410146
2002-06-20,52.65322038738197,50.522961354291276,126.55467505158609,87.9040485383035
2002-06-21,68.14354350897973,126.09907600280938,50.001163475536615,141.50607325172223
2002-06-22,108.30415609696922,53.53113549402391,91.65658284822922,75.11692675484014
2002-06-23,92.1424550592498,124.57337827312321,102.25101810855884,134.42123252861433
2002-06-24,139.2671711076975,70.24805601652375,55.46344200009723,98.4020572509404
2002-06-25,131.7443561738441,145.80734801193802,147.30781629723327,101.40954425512598
2002-06-26,84.1817351697876,86.79407513020845,72.6125331249672,80.8468281489484
2002-06-27,75.94234334312925,82.6931616338079,80.41987196362808,107.30422006190156
2002-06-28,87.96924081672668,64.88880503324447,80.39425122550273,82.52111962762113
2002-06-29,109.02949425148077,80.56042154902148,73.04166621173499,53.92694142416523
2002-06-30,76.80636408228763,137.66507618282006,50.14738220863114,77.1998605344356
2002-07-01,112.41489078491341,149.63343376272474,122.93447940879963,50.63790434065907
2002-07-02,90.94116521912404,86.83095305068483,146.68454997992853,147.83547870568566
2002-07-03,105.20471808519802,94.86106309545426,72.4293483285045,146.57472098197474
2002-07-04,93.61265291353166,122.2070938202737,116.30471918034225,89.5155297472305
2002-07-05,79.44657595419177,138.61957804650746,124.18963269587151,122.8370854339646
2002-07-06,144.84533069621568,109.30443341867841,134.84253790905245,84.5806098410425
2002-07-07,126.36057941597608,89.15256981778293,92.26291970136091,117.1093157085976
2002-07-08,64.01131757664525,91.26218408486238,80.29309056404293,130.5430043045979
2002-07-09,136.84679758979127,119.56181464968068,82.52951340230311,144.6756244692241
2002-07-10,98.74311982495136,50.32182636042787,121.26213330985128,90.02122758496719
2002-07-11,139.45522268940914,111.95893374598407,131.6779466505636,128.32979829560477
2002-07-12,129.98552559473154,85.54930104413575,68.16139677566026,76.59284506321188
2002-07-13,92.52135044692335,129.4197331277084,87.09410081577653,149.03323037936485
2002-07-14,52.24693083201174,59.299063982313214,140.194019674915,52.57695987643511
2002-07-15,76.8677359384946,108.82022669483905,130.66935196947392,110.3528806501121
2002-07-16,104.16342146608669,98.09728898861238,148.4858402762476,115.95059816513272
2002-07-17,113.34782198261473,114.23255259052274,125.42482596820807,118.80455570741289
2002-07-18,75.78876854332023,56.48535944829683,89.31952010279223,62.0387578789089
2002-07-19,63.93560740728241,107.99837874281313,109.06378339946377,143.85297834731304
2002-07-20,133.4930236799299,106.14845879595237,116.10142542473203,68.11832790500827
2002-07-21,148.44021807035523,106.0660094416171,57.84558163171239,112.27534032398411
2002-07-22,102.56901823026858,110.34876665964548,104.44969591038651,72.26760791230849
2002-07-23,67.16792858483035,117.64679372263622,120.93208284726096,80.72164170212709
2002-07-24,77.2307326519369,130.49889996807696,66.73213040010603,104.64585417281243
2002-07-25,51.83906765474667,76.98207201282143,128.0631717425557,91.71934185645765
2002-07-26,141.4298806560499,132.5049410180062,108.37727805141117,66.02256009765063
2002-07-27,61.77510828901411,99.82556822634535,145.22217856975948,67.09364024208483
2002-07-28,107.65164755142536,57.70582791343312,54.24222982068917,91.81447881627997
2002-07-29,77.4055220687206,55.85509292439792,76.53261375554669,125.72829782755008
2002-07-30,105.41780025157934,83.42383186960609,110.15538792998241,139.79646468477887
2002-07-31,115.14203883518643,128.48969771114676,79.65599122059307,58.412766225938284
2002-08-01,132.97418037072015,120.76809347409157,121.44241640712423,89.3103907559401
2002-08-02,70.64212717606031,128.86149646724064,125.9005282521931,60.02455637228766
2002-08-03,51.09958286584805,101.72690564416094,60.251596406647444,51.65924806325979
2002-08-04,63.68856300688073,94.01989979554907,101.38544642067677,116.17186826439566
2002-08-05,140.00186418481053,64.74525267062839,100.88905555910559,110.24494419665878
2002-08-06,137.38900775625154,82.81927536093116,86.92807702155412,66.30191138148862
2002-08-07,109.74131021703083,93.40193661738752,143.2924862569672,73.38128330930641
2002-08-08,110.05168604336534,58.860042967961725,132.75063198732212,52.37077536445184
2002-08-09,116.50366745462554,72.06119527112112,119.72093819096368,133.49472056944037
2002-08-10,67.53712786234496,109.82252940637389,121.43266357349975,147.46905960485515
2002-08-11,141.44119459249598,123.56631142391899,96.17161438131191,63.54595367946908
2002-08-12,91.8770524892073,149.83475113929495,142.0994521096576,73.14752137652981
2002-08-13,88.31385282494975,143.31133313435578,119.45954272532853,136.8409523946934
2002-08-14,101.89177052828376,114.25651995351916,122.89810616558164,142.6463797956185
2002-08-15,54.696596677505504,92.1248053294072,136.16909037873452,91.96273828068104
2002-08-16,66.62833687560794,113.61773647082327,77.4071589342191,55.06224722690742
2002-08-17,123.80336164263704,128.5651618080232,130.7070903866703,53.93918336928194
2002-08-18,58.27986679251265,61.833619092338736,69.5240602956492,107.39498660690104
2002-08-19,110.31521094663881,90.99048896962883,84.53419522448878,89.28951088931791
2002-08-20,74.5349109681321,133.98022856356172,83.56104542698426,52.86524275776545
2002-08-21,88.92956140419766,88.3832951933044,147.85254683891407,108.32523923125568
2002-08-22,78.86937367706999,107.18722712271865,135.65372237479266,51.13025365890225
2002-08-23,85.56727164649492,108.77693608621982,120.11698615902597,128.7371958149273
2002-08-24,121.90459051842456,68.44762531336394,122.70567616153902,80.64328227033715
2002-08-25,79.71217156231751,86.22354416522884,106.20727944025711,54.02580030092321
2002-08-26,106.64046402968972,83.45112887419322,144.7090667108519,108.83522209831534
2002-08-27,97.60504021990997,52.61967085320648,99.62587528823616,89.76844144330548
2002-08-28,116.36711653626482,52.41917638913552,88.05177098698945,147.38004133571496
2002-08-29,143.68297393247582,133.16970436757737,66.3035336931591,104.41986625037022
2002-08-30,123.25720972102503,77.30708099728125,128.62056522610578,77.52391810370082
2002-08-31,71.49403785907568,101.80787662388154,123.44439320755914,120.94388646339748
2002-09-01,53.118313506128466,79.8725573588773,88.43550385241349,77.14920025427114
2002-09-02,76.22640442998251,144.06792451153404,52.519341395922936,140.42432914075653
2002-09-03,109.50779307002549,75.92967588657737,133.89973277180107,87.47219705073763
2002-09-04,55.14258134842503,92.96568127389351,51.141798345407366,104.98685627762052
2002-09-05,99.63662472012363,137.27302504846017,120.3699779629051,55.057310382422884
2002-09-06,109.68428489168892,134.19335667918085,147.0257109726057,92.61212379522308
2002-09-07,83.42438908169609,68.61014178462773,93.76613281482034,133.2363539660995
2002-09-08,127.09122037458219,130.26433097957104,73.49734049959528,130.5648805363342
2002-09-09,60.65982531337718,95.81868867378927,120.48710100433817,72.43185588535263
2002-09-10,57.513778173580874,98.29688720853552,131.7128142015585,72.60790710105627
2002-09-11,122.81887562036033,63.34799724159438,104.64303160778474,131.73053122132367
2002-09-12,99.54913162061985,58.060151375712465,146.70352752561462,143.03984201693254
2002-09-13,118.84023964277361,122.79393069737652,55.16687216579611,59.53609212730036
2002-09-14,93.48273386037462,99.64611523552998,100.47955983045281,95.00586394262253
2002-09-15,74.64020332391068,93.68507026151795,121.845394732255,83.7454278964229
2002-09-16,131.91023176742,122.95082286523967,136.2640471149179,137.06884554574395
2002-09-17,129.94158789689794,126.55128989911097,67.925561190779,58.35249146800187
2002-09-18,119.46964708544267,65.89081676693536,130.00034817636814,71.11259425580374
2002-09-19,77.21451372299627,111.02251494776414,105.27070757185453,125.24683375864943
2002-09-20,109.0230666869087,63.535408227768556,89.65536819899631,55.12938489812156
2002-09-21,86.09738969400269,125.13750860290457,63.17150285790936,99.25353807142892
2002-09-22,59.158207332663416,115.69551562671396,136.52957589089124,94.210703467972
2002-09-23,141.73135754622427,145.6614621083458,65.72732081797153,83.44011789887486
2002-09-24,63.68186309189614,56.895801635642115,80.97878592090993,89.45723153189238
2002-09-25,145.02373538208025,55.70547211512543,79.00455319624369,102.99405869302329
2002-09-26,94.60057729579557,78.21870746932001,137.14140341908544,66.13673583883832
