Open,High,Low,Close,Volume
204.46 ,205.08 ,201.43 ,202.95 ,14631100.00 
205.24 ,205.70 ,202.10 ,203.66 ,17825500.00 
205.00 ,207.33 ,203.42 ,206.37 ,21143500.00 
199.90 ,203.18 ,198.28 ,202.74 ,23130900.00 
197.40 ,202.22 ,192.20 ,198.15 ,30181100.00 
197.00 ,199.61 ,193.61 ,197.50 ,21744400.00 
194.18 ,196.30 ,192.63 ,194.99 ,18322900.00 
195.19 ,198.53 ,193.28 ,196.62 ,19078100.00 
193.19 ,196.46 ,189.95 ,195.03 ,20219100.00 
192.65 ,196.22 ,187.41 ,192.08 ,24886300.00 
193.11 ,194.42 ,189.14 ,192.94 ,20394300.00 
196.56 ,197.00 ,192.50 ,195.58 ,19567200.00 
196.42 ,198.87 ,192.76 ,195.94 ,32382600.00 
188.82 ,195.27 ,187.42 ,194.10 ,37101700.00 
187.30 ,188.38 ,181.64 ,186.12 ,43468700.00 
179.15 ,190.42 ,178.65 ,187.80 ,74906000.00 
190.30 ,191.57 ,180.73 ,181.61 ,68822400.00 
198.12 ,198.47 ,188.59 ,189.66 ,55056400.00 
203.58 ,204.18 ,197.53 ,198.41 ,38010000.00 
204.01 ,204.61 ,201.14 ,202.50 ,29070800.00 
202.40 ,205.33 ,201.88 ,205.13 ,32198400.00 
199.63 ,200.80 ,197.54 ,200.50 ,29662400.00 
198.57 ,201.33 ,197.01 ,199.03 ,50330000.00 
208.54 ,208.75 ,203.32 ,203.72 ,41842800.00 
207.38 ,208.42 ,203.50 ,206.99 ,44670800.00 
204.40 ,205.05 ,202.88 ,204.87 ,34276400.00 
201.25 ,204.56 ,200.19 ,202.12 ,48013600.00 
199.99 ,201.63 ,198.64 ,200.02 ,32656800.00 
198.82 ,200.99 ,196.57 ,200.27 ,36763200.00 
193.61 ,200.79 ,193.19 ,199.85 ,49543600.00 
192.80 ,193.46 ,188.95 ,190.31 ,27836400.00 
192.28 ,194.20 ,190.88 ,192.05 ,32092400.00 
190.08 ,191.53 ,189.08 ,190.57 ,33235600.00 
184.71 ,189.64 ,183.86 ,188.87 ,58014400.00 
184.35 ,185.37 ,178.23 ,184.27 ,67238400.00 
187.84 ,193.75 ,185.84 ,186.39 ,96885600.00 
177.74 ,188.35 ,177.56 ,186.57 ,80965600.00 
177.91 ,179.55 ,175.85 ,178.10 ,30712400.00 
179.15 ,180.16 ,177.28 ,177.88 ,24303200.00 
179.06 ,180.40 ,176.63 ,180.19 ,32137600.00 
174.79 ,179.39 ,174.44 ,178.25 ,41630800.00 
173.50 ,174.92 ,171.76 ,174.25 ,28777200.00 
175.16 ,175.75 ,172.56 ,173.58 ,38165600.00 
175.27 ,176.21 ,172.51 ,174.57 ,32384800.00 
175.71 ,178.13 ,171.93 ,176.19 ,57575600.00 
171.13 ,176.61 ,170.96 ,175.78 ,61712000.00 
167.01 ,172.59 ,165.83 ,169.70 ,58000800.00 
162.52 ,169.19 ,162.35 ,167.78 ,59416800.00 
162.70 ,163.88 ,159.03 ,162.65 ,47280400.00 
155.01 ,162.77 ,155.01 ,162.45 ,64453600.00 
157.00 ,157.50 ,154.60 ,154.88 ,58147600.00 
157.34 ,157.94 ,155.86 ,157.00 ,37044000.00 
157.66 ,158.18 ,154.82 ,156.48 ,43540800.00 
152.13 ,157.45 ,151.76 ,156.12 ,55481600.00 
151.64 ,152.22 ,148.70 ,149.92 ,67299200.00 
143.02 ,146.84 ,142.71 ,146.13 ,32159200.00 
135.66 ,140.79 ,135.43 ,140.66 ,34400000.00 
142.67 ,144.04 ,140.04 ,140.16 ,18625600.00 
141.57 ,141.69 ,138.54 ,141.65 ,21698000.00 
138.90 ,143.28 ,137.49 ,142.43 ,25861600.00 
140.34 ,140.81 ,134.59 ,136.65 ,28540400.00 
140.10 ,142.60 ,137.09 ,137.59 ,30340800.00 
138.25 ,143.55 ,137.50 ,143.06 ,28558400.00 
147.87 ,148.06 ,142.50 ,142.66 ,26890400.00 
148.08 ,149.71 ,146.72 ,148.12 ,22932800.00 
144.95 ,145.71 ,142.18 ,145.23 ,19338000.00 
147.09 ,148.13 ,143.88 ,144.59 ,29202400.00 
146.37 ,146.38 ,140.10 ,143.51 ,40532400.00 
151.25 ,152.47 ,147.88 ,148.37 ,20391200.00 
151.74 ,153.65 ,149.97 ,150.10 ,20191200.00 
154.00 ,154.37 ,150.71 ,153.25 ,17319600.00 
153.65 ,155.32 ,152.15 ,152.77 ,20941600.00 
155.79 ,156.71 ,153.54 ,153.82 ,16457200.00 
151.85 ,154.79 ,151.25 ,154.78 ,19779600.00 
149.34 ,153.35 ,149.00 ,152.65 ,22750000.00 
153.75 ,154.38 ,147.84 ,148.50 ,27778800.00 
151.19 ,153.63 ,151.02 ,153.60 ,21677600.00 
153.23 ,154.97 ,149.63 ,151.71 ,33413200.00 
155.37 ,158.07 ,152.33 ,153.62 ,40442000.00 
160.53 ,161.66 ,158.65 ,159.13 ,33520800.00 
156.63 ,162.14 ,156.32 ,161.37 ,59848000.00 
156.25 ,157.21 ,152.27 ,152.77 ,38550000.00 
152.32 ,157.00 ,151.26 ,156.79 ,67621200.00 
142.90 ,153.52 ,141.39 ,152.09 ,86932400.00 
142.14 ,144.08 ,141.75 ,144.00 ,19517200.00 
142.53 ,144.71 ,142.49 ,143.17 ,24441600.00 
138.81 ,142.43 ,137.12 ,141.43 ,25128400.00 
140.00 ,140.54 ,137.74 ,138.62 ,19174400.00 
138.68 ,140.14 ,137.33 ,139.88 ,25567200.00 
135.72 ,138.70 ,135.11 ,138.12 ,30827600.00 
130.15 ,134.71 ,129.82 ,133.48 ,31477600.00 
128.42 ,129.75 ,127.05 ,128.72 ,20020400.00 
128.20 ,130.63 ,127.00 ,129.48 ,27352000.00 
125.54 ,128.56 ,123.74 ,128.39 ,36396800.00 
125.00 ,127.15 ,122.72 ,125.35 ,29514400.00 
131.51 ,131.59 ,126.37 ,126.43 ,24584000.00 
132.54 ,133.45 ,130.21 ,130.71 ,22204800.00 
129.13 ,133.95 ,129.07 ,131.86 ,29780400.00 
127.50 ,129.21 ,126.13 ,128.46 ,29920800.00 
131.37 ,131.84 ,127.17 ,127.22 ,29389600.00 
130.40 ,134.53 ,129.90 ,133.41 ,24386400.00 
133.57 ,135.13 ,131.17 ,132.91 ,27212800.00 
128.65 ,132.07 ,127.67 ,131.91 ,22198800.00 
126.48 ,128.89 ,125.90 ,128.56 ,24396400.00 
129.50 ,130.46 ,127.35 ,129.93 ,29991600.00 
128.40 ,129.80 ,124.57 ,124.68 ,38437600.00 
121.30 ,126.17 ,120.59 ,125.20 ,52182400.00 
124.50 ,124.71 ,115.67 ,115.93 ,54311200.00 
125.50 ,125.50 ,116.79 ,124.61 ,54284000.00 
128.01 ,129.75 ,120.84 ,123.70 ,57334400.00 
134.26 ,134.51 ,127.99 ,128.05 ,37759200.00 
139.00 ,139.21 ,133.96 ,134.06 ,26411600.00 
138.75 ,139.25 ,135.53 ,138.42 ,35318400.00 
137.52 ,138.54 ,133.61 ,137.15 ,50093200.00 
140.46 ,143.75 ,132.16 ,133.07 ,82443600.00 
141.23 ,145.07 ,137.56 ,144.99 ,44832000.00 
140.75 ,142.39 ,133.90 ,141.42 ,39178000.00 
147.75 ,151.33 ,143.25 ,143.56 ,32588400.00 
150.24 ,151.77 ,148.47 ,149.26 ,27172400.00 
147.29 ,148.73 ,145.75 ,148.29 ,23386800.00 
151.71 ,152.24 ,147.80 ,149.06 ,27475600.00 
150.64 ,153.73 ,149.50 ,153.30 ,32196000.00 
150.50 ,152.91 ,147.75 ,149.61 ,37475600.00 
149.80 ,152.72 ,149.25 ,152.51 ,45082800.00 
144.63 ,149.05 ,143.41 ,147.64 ,48535200.00 
143.41 ,145.83 ,142.23 ,142.63 ,28756000.00 
137.27 ,144.74 ,137.27 ,144.39 ,43462400.00 
137.25 ,137.37 ,135.46 ,135.91 ,16915200.00 
135.31 ,136.74 ,133.38 ,136.64 ,20134000.00 
136.36 ,139.32 ,135.16 ,135.30 ,24540800.00 
133.99 ,135.72 ,132.85 ,135.57 ,22044000.00 
130.53 ,132.71 ,129.03 ,132.37 ,21720400.00 
130.75 ,133.35 ,129.12 ,129.90 ,27155200.00 
129.96 ,133.40 ,129.60 ,130.51 ,22831600.00 
132.30 ,132.33 ,127.94 ,129.18 ,37127200.00 
135.80 ,136.45 ,133.88 ,134.35 ,16398000.00 
137.82 ,138.29 ,132.37 ,136.53 ,25111200.00 
137.40 ,138.42 ,136.27 ,137.13 ,24682000.00 
134.18 ,139.99 ,132.53 ,138.68 ,33778000.00 
131.12 ,134.30 ,130.57 ,133.66 ,25857200.00 
130.16 ,130.94 ,128.44 ,130.25 ,22618800.00 
132.28 ,133.25 ,128.49 ,128.60 ,27778000.00 
135.75 ,136.00 ,131.80 ,132.00 ,28312000.00 
134.90 ,136.25 ,133.85 ,135.32 ,21002800.00 
137.52 ,137.54 ,133.45 ,134.85 ,29147600.00 
134.19 ,139.61 ,133.63 ,136.21 ,51834400.00 
133.63 ,134.21 ,130.42 ,132.77 ,29252800.00 
129.68 ,133.78 ,128.87 ,133.44 ,46148000.00 
132.23 ,132.45 ,125.86 ,126.14 ,58042400.00 
131.00 ,134.43 ,130.87 ,134.05 ,32276000.00 
131.04 ,136.52 ,129.63 ,131.13 ,56064000.00 
131.37 ,131.51 ,129.15 ,130.55 ,19242400.00 
129.90 ,132.14 ,128.97 ,131.46 ,22539600.00 
129.25 ,130.73 ,128.42 ,129.43 ,17037200.00 
130.63 ,130.63 ,127.63 ,129.00 ,21256400.00 
130.37 ,131.32 ,129.39 ,129.94 ,9788400.00 
132.56 ,132.75 ,130.05 ,130.09 ,17914400.00 
133.19 ,133.37 ,130.54 ,132.78 ,18558000.00 
130.75 ,133.70 ,129.68 ,133.32 ,30233200.00 
133.79 ,134.05 ,130.71 ,132.72 ,34206400.00 
133.67 ,133.79 ,131.79 ,133.41 ,23138400.00 
134.23 ,134.37 ,132.13 ,132.43 ,22311600.00 
134.40 ,134.64 ,131.87 ,133.60 ,19301600.00 
130.88 ,133.89 ,130.77 ,133.09 ,27015600.00 
129.67 ,130.20 ,128.23 ,130.13 ,20926400.00 
128.69 ,130.69 ,128.49 ,129.72 ,20776400.00 
133.01 ,134.14 ,128.68 ,129.31 ,40130000.00 
135.85 ,135.99 ,132.82 ,133.50 ,27192000.00 
136.01 ,137.31 ,135.00 ,136.07 ,22324400.00 
134.49 ,135.60 ,133.89 ,135.58 ,20224400.00 
135.88 ,136.60 ,133.29 ,133.96 ,19952000.00 
133.51 ,136.74 ,132.34 ,135.45 ,28336000.00 
134.92 ,135.29 ,132.28 ,133.90 ,29694800.00 
132.65 ,134.13 ,129.72 ,134.01 ,28695200.00 
133.75 ,134.07 ,131.71 ,132.61 ,16727600.00 
130.32 ,132.70 ,130.20 ,132.35 ,25991600.00 
131.43 ,131.62 ,128.85 ,129.58 ,34650000.00 
131.71 ,133.82 ,130.15 ,131.40 ,36135600.00 
134.54 ,134.95 ,130.65 ,130.88 ,34108800.00 
132.13 ,134.88 ,131.00 ,134.40 ,56593600.00 
134.65 ,136.06 ,131.85 ,134.29 ,51092400.00 
135.52 ,135.96 ,133.04 ,134.22 ,31202800.00 
131.73 ,136.49 ,131.56 ,135.15 ,41377600.00 
136.27 ,136.69 ,130.59 ,132.97 ,34631200.00 
134.79 ,137.66 ,133.16 ,134.57 ,36581200.00 
130.54 ,134.35 ,129.48 ,134.18 ,40474400.00 
136.07 ,136.07 ,126.28 ,127.70 ,64406800.00 
145.52 ,146.91 ,136.11 ,136.31 ,58297600.00 
141.10 ,145.89 ,138.95 ,145.62 ,38334800.00 
141.63 ,143.39 ,139.91 ,141.60 ,31902800.00 
133.89 ,138.27 ,133.37 ,137.94 ,41022800.00 
127.08 ,131.05 ,126.03 ,130.20 ,27290000.00 
126.58 ,128.37 ,123.95 ,125.81 ,29965200.00 
128.50 ,129.37 ,123.00 ,125.34 ,41682000.00 
128.38 ,131.93 ,127.50 ,130.24 ,32008000.00 
131.98 ,132.60 ,126.09 ,126.27 ,37652000.00 
133.06 ,134.42 ,131.91 ,133.97 ,25052000.00 
134.27 ,136.93 ,130.38 ,131.41 ,33689600.00 
134.50 ,135.93 ,132.91 ,135.90 ,23348400.00 
135.23 ,136.12 ,132.32 ,133.61 ,29048000.00 
136.25 ,137.91 ,134.77 ,135.25 ,21959600.00 
135.84 ,138.00 ,135.07 ,136.46 ,22921200.00 
139.03 ,139.84 ,134.07 ,134.98 ,29806800.00 
140.37 ,141.21 ,137.93 ,138.12 ,24239200.00 
138.11 ,140.06 ,137.68 ,139.70 ,26722400.00 
142.90 ,143.43 ,139.60 ,140.95 ,27610000.00 
142.96 ,143.49 ,140.19 ,142.48 ,34460400.00 
139.90 ,143.47 ,139.13 ,142.26 ,43474400.00 
137.67 ,138.24 ,136.61 ,137.63 ,34689200.00 
140.75 ,140.85 ,137.58 ,138.39 ,37890000.00 
140.00 ,141.19 ,138.63 ,139.64 ,41808400.00 
138.30 ,141.42 ,136.65 ,137.37 ,78442000.00 
132.36 ,136.44 ,132.23 ,136.43 ,47982000.00 
132.25 ,135.20 ,130.51 ,130.62 ,55249600.00 
137.58 ,137.63 ,134.61 ,136.15 ,52500400.00 
131.57 ,136.23 ,131.50 ,135.30 ,68918400.00 
129.38 ,134.43 ,129.33 ,132.26 ,62146000.00 
130.40 ,130.52 ,127.50 ,130.35 ,57380800.00 
124.47 ,128.84 ,122.46 ,128.74 ,58801600.00 
120.72 ,125.70 ,120.14 ,123.48 ,73124000.00 
125.75 ,127.27 ,120.79 ,121.24 ,64701200.00 
125.75 ,126.48 ,121.56 ,126.38 ,64645200.00 
119.25 ,125.22 ,119.04 ,125.17 ,72104400.00 
125.94 ,126.32 ,119.89 ,121.89 ,69846000.00 
121.32 ,125.90 ,120.35 ,124.64 ,79251200.00 
129.57 ,130.93 ,125.14 ,125.14 ,55638400.00 
132.80 ,132.99 ,128.28 ,129.91 ,72755600.00 
130.81 ,133.15 ,126.31 ,128.72 ,120174400.00 
124.86 ,126.53 ,118.96 ,121.64 ,63692800.00 
129.89 ,130.65 ,121.67 ,123.12 ,69868400.00 
124.00 ,128.09 ,122.32 ,127.15 ,73620000.00 
117.35 ,125.50 ,117.04 ,119.13 ,79572800.00 
127.84 ,131.75 ,117.05 ,126.22 ,146368400.00 
138.29 ,138.85 ,128.79 ,130.15 ,94512800.00 
147.04 ,147.27 ,139.00 ,143.46 ,87401200.00 
134.80 ,139.94 ,134.37 ,138.21 ,51131600.00 
131.83 ,135.75 ,130.38 ,133.74 ,50084000.00 
126.75 ,131.48 ,126.43 ,131.48 ,53716000.00 
127.82 ,128.50 ,125.67 ,126.28 ,31760400.00 
127.99 ,128.68 ,126.78 ,127.73 ,32124400.00 
126.31 ,127.61 ,125.74 ,127.50 ,28907600.00 
128.84 ,129.13 ,125.07 ,127.20 ,49056400.00 
122.02 ,128.09 ,121.95 ,126.83 ,99986800.00 
119.75 ,123.75 ,118.79 ,121.41 ,92138800.00 
122.96 ,123.15 ,120.98 ,121.39 ,62262400.00 
124.50 ,124.96 ,120.86 ,122.61 ,50344800.00 
118.51 ,124.10 ,118.17 ,123.37 ,62130000.00 
115.30 ,117.05 ,114.40 ,115.64 ,36643600.00 
115.46 ,117.22 ,113.56 ,114.43 ,37446000.00 
109.91 ,114.67 ,109.58 ,114.40 ,46441200.00 
110.74 ,111.37 ,107.96 ,108.50 ,35451200.00 
113.34 ,114.08 ,108.57 ,111.65 ,42779600.00 
113.13 ,115.05 ,110.38 ,112.00 ,34251600.00 
113.50 ,113.58 ,111.79 ,113.36 ,24431600.00 
112.44 ,113.72 ,111.66 ,112.87 ,24992400.00 
110.50 ,112.28 ,109.06 ,112.28 ,31033600.00 
107.32 ,110.99 ,107.15 ,110.10 ,41272000.00 
105.63 ,107.67 ,104.33 ,106.15 ,38608000.00 
103.75 ,106.23 ,102.95 ,106.14 ,30888000.00 
103.91 ,105.16 ,103.47 ,104.65 ,28450800.00 
103.74 ,103.82 ,102.09 ,102.15 ,27163600.00 
102.32 ,104.42 ,102.18 ,104.21 ,29213200.00 
98.75 ,103.65 ,97.77 ,101.95 ,47329200.00 
104.50 ,105.47 ,100.31 ,101.30 ,41166000.00 
103.68 ,106.03 ,102.92 ,104.39 ,36729200.00 
105.13 ,105.60 ,102.87 ,103.29 ,27703600.00 
102.74 ,105.31 ,101.57 ,105.11 ,28485200.00 
102.25 ,102.49 ,100.88 ,102.01 ,26628400.00 
100.15 ,102.07 ,98.96 ,101.35 ,34496400.00 
104.14 ,104.33 ,100.56 ,102.27 ,40398400.00 
100.75 ,104.03 ,97.86 ,103.77 ,54267600.00 
105.95 ,107.92 ,100.25 ,100.52 ,45707600.00 
105.89 ,106.55 ,103.79 ,104.79 ,49767600.00 
103.80 ,105.70 ,102.33 ,105.09 ,49454800.00 
99.94 ,102.25 ,99.65 ,102.16 ,36548000.00 
99.46 ,100.70 ,98.51 ,98.72 ,35780000.00 
97.42 ,99.09 ,97.13 ,98.39 ,31589200.00 
96.39 ,97.38 ,95.78 ,96.12 ,36405600.00 
95.21 ,95.76 ,94.13 ,95.30 ,32664800.00 
93.14 ,95.26 ,92.67 ,94.98 ,36789200.00 
91.70 ,92.04 ,89.00 ,92.00 ,34224800.00 
95.00 ,95.00 ,91.25 ,91.55 ,59208400.00 
93.56 ,95.05 ,91.82 ,94.90 ,37607200.00 
94.76 ,95.57 ,91.45 ,92.36 ,44937200.00 
95.51 ,96.43 ,94.07 ,94.50 ,37510800.00 
93.00 ,95.31 ,92.73 ,95.27 ,39846800.00 
92.43 ,94.45 ,92.27 ,92.61 ,52416000.00 
92.27 ,92.82 ,91.14 ,92.18 ,25440800.00 
91.14 ,92.99 ,90.70 ,92.36 ,40830400.00 
92.25 ,92.67 ,88.39 ,90.68 ,53571600.00 
88.15 ,91.82 ,87.44 ,91.74 ,40000400.00 
91.63 ,91.87 ,87.03 ,89.32 ,57090800.00 
91.50 ,92.61 ,87.86 ,87.96 ,58365200.00 
91.68 ,95.00 ,91.54 ,93.67 ,63218000.00 
88.00 ,91.10 ,87.51 ,90.46 ,46848800.00 
88.77 ,88.90 ,86.86 ,88.05 ,38773600.00 
87.95 ,89.97 ,87.08 ,89.20 ,48174800.00 
87.28 ,89.43 ,86.78 ,87.67 ,42428000.00 
88.22 ,88.66 ,87.00 ,87.70 ,36544000.00 
87.96 ,88.37 ,86.58 ,88.25 ,39132000.00 
88.33 ,88.41 ,86.89 ,88.06 ,38987600.00 
85.54 ,88.75 ,84.85 ,88.75 ,74525600.00 
84.12 ,87.61 ,83.79 ,84.87 ,73489600.00 
86.25 ,86.33 ,79.97 ,85.25 ,117589200.00 
91.57 ,91.82 ,86.72 ,87.18 ,77078000.00 
88.25 ,90.93 ,87.13 ,90.26 ,103876400.00 
90.51 ,90.53 ,87.38 ,87.75 ,76106800.00 
89.91 ,90.43 ,88.89 ,89.70 ,58753600.00 
87.90 ,90.88 ,87.63 ,88.06 ,71732000.00 
87.61 ,89.17 ,86.81 ,87.50 ,77446000.00 
78.90 ,85.00 ,78.74 ,84.91 ,98766000.00 
78.42 ,80.36 ,76.88 ,80.31 ,60231200.00 
79.18 ,80.79 ,75.95 ,77.80 ,62585200.00 
81.24 ,81.72 ,77.93 ,78.03 ,49306000.00 
78.07 ,81.13 ,77.79 ,80.65 ,46906000.00 
76.94 ,78.19 ,76.60 ,78.13 ,33921600.00 
75.85 ,76.85 ,75.33 ,76.22 ,37373200.00 
74.23 ,75.50 ,73.85 ,74.45 ,32346400.00 
73.87 ,75.07 ,72.82 ,73.43 ,36889600.00 
70.22 ,72.96 ,70.22 ,72.82 ,31755600.00 
71.09 ,72.22 ,70.21 ,70.70 ,34209600.00 
74.07 ,74.61 ,72.93 ,73.07 ,37591600.00 
74.19 ,75.14 ,73.44 ,74.61 ,37916000.00 
75.75 ,76.05 ,72.79 ,72.84 ,44290400.00 
73.75 ,75.88 ,73.50 ,74.27 ,47938800.00 
70.90 ,72.42 ,70.15 ,72.40 ,35232800.00 
71.96 ,73.29 ,70.75 ,71.00 ,42416000.00 
69.31 ,71.97 ,68.85 ,71.54 ,48335600.00 
70.58 ,71.19 ,66.78 ,67.38 ,73516000.00 
71.81 ,73.38 ,71.32 ,71.76 ,44938800.00 
74.50 ,74.71 ,71.74 ,73.08 ,53912000.00 
71.77 ,74.75 ,71.64 ,73.68 ,74562000.00 
69.30 ,71.04 ,68.85 ,70.21 ,36614800.00 
68.75 ,71.33 ,68.47 ,70.99 ,53094800.00 
65.14 ,67.55 ,64.25 ,67.46 ,39840800.00 
68.00 ,68.23 ,65.11 ,65.74 ,52556400.00 
65.85 ,66.99 ,65.15 ,66.74 ,54244400.00 
69.32 ,69.56 ,64.32 ,64.76 ,78452000.00 
63.81 ,67.47 ,63.23 ,67.10 ,72788400.00 
63.49 ,63.91 ,59.60 ,60.98 ,66321200.00 
61.06 ,64.00 ,60.58 ,63.87 ,67576400.00 
63.91 ,65.38 ,60.32 ,60.77 ,65691200.00 
66.80 ,68.85 ,64.44 ,65.90 ,94996000.00 
63.84 ,66.49 ,63.40 ,66.40 ,60225200.00 
62.50 ,65.78 ,62.17 ,63.18 ,63882800.00 
63.49 ,65.56 ,62.50 ,64.31 ,69610800.00 
63.45 ,65.46 ,60.92 ,61.40 ,79343200.00 
57.25 ,63.17 ,57.01 ,62.29 ,110164400.00 
51.43 ,54.12 ,49.63 ,53.17 ,64387600.00 
54.75 ,57.58 ,51.28 ,51.44 ,80463600.00 
50.49 ,54.18 ,48.35 ,53.24 ,76551200.00 
50.03 ,52.49 ,45.17 ,50.71 ,87426800.00 
50.23 ,55.22 ,47.75 ,54.32 ,83363200.00 
53.10 ,56.53 ,48.50 ,49.10 ,72697200.00 
57.63 ,60.26 ,54.90 ,60.21 ,63483600.00 
56.37 ,59.03 ,53.95 ,54.08 ,81654000.00 
63.87 ,64.15 ,60.64 ,61.62 ,49996400.00 
64.14 ,65.27 ,61.50 ,65.27 ,58064800.00 
59.97 ,64.85 ,59.54 ,61.36 ,61416000.00 
66.52 ,67.10 ,64.50 ,66.51 ,51541200.00 
69.13 ,70.80 ,67.88 ,68.32 ,54032800.00 
67.55 ,71.22 ,66.80 ,71.13 ,59740800.00 
69.67 ,70.27 ,65.61 ,66.47 ,65279200.00 
69.22 ,69.40 ,65.25 ,69.11 ,89074400.00 
60.62 ,68.11 ,60.45 ,67.52 ,113325200.00 
63.72 ,66.75 ,62.22 ,63.15 ,90641600.00 
65.51 ,68.86 ,65.50 ,66.91 ,74773200.00 
69.07 ,69.70 ,64.49 ,65.51 ,105549600.00 
67.55 ,70.47 ,67.00 ,68.32 ,85691600.00 
76.05 ,76.30 ,72.67 ,73.52 ,76818000.00 
78.19 ,79.08 ,74.09 ,77.18 ,81005200.00 
75.37 ,78.85 ,75.37 ,78.68 ,69433200.00 
71.41 ,74.33 ,71.21 ,74.14 ,62016400.00 
71.82 ,73.74 ,71.50 ,72.45 ,104192400.00 
67.55 ,68.37 ,67.28 ,67.70 ,52801600.00 
67.50 ,68.20 ,67.11 ,68.14 ,37464400.00 
66.83 ,68.13 ,66.21 ,66.97 ,63855600.00 
63.13 ,65.75 ,63.08 ,65.74 ,52960800.00 
63.16 ,63.38 ,62.64 ,62.90 ,18975200.00 
63.04 ,63.56 ,62.22 ,63.56 ,21828400.00 
63.00 ,63.10 ,61.85 ,62.69 ,20822000.00 
61.51 ,61.97 ,61.01 ,61.78 ,27154400.00 
58.92 ,60.28 ,58.86 ,60.08 ,25556400.00 
60.99 ,61.11 ,58.69 ,59.11 ,37042000.00 
60.40 ,61.59 ,59.85 ,61.45 ,29050400.00 
61.85 ,62.21 ,60.99 ,61.38 ,25884800.00 
60.71 ,62.32 ,60.18 ,61.99 ,31097600.00 
59.56 ,60.56 ,58.06 ,60.05 ,47053600.00 
64.38 ,64.88 ,62.08 ,62.62 ,37351200.00 
62.93 ,63.30 ,62.04 ,63.22 ,24451600.00 
62.44 ,63.40 ,62.25 ,62.53 ,23924000.00 
61.95 ,62.32 ,61.64 ,61.99 ,21791600.00 
62.42 ,62.50 ,61.84 ,62.32 ,25379200.00 
61.93 ,62.29 ,61.70 ,62.23 ,28419200.00 
61.95 ,62.17 ,61.13 ,61.39 ,26310400.00 
62.56 ,62.82 ,61.69 ,61.82 ,35908800.00 
61.92 ,63.25 ,61.69 ,62.99 ,31984000.00 
61.83 ,62.14 ,60.94 ,61.08 ,31629600.00 
60.96 ,61.48 ,60.22 ,60.76 ,25511200.00 
59.94 ,60.51 ,59.54 ,60.10 ,27710800.00 
59.55 ,60.44 ,59.10 ,59.98 ,31485600.00 
58.08 ,59.32 ,57.82 ,59.26 ,26263600.00 
58.78 ,59.46 ,58.53 ,59.02 ,20538400.00 
59.69 ,59.98 ,59.18 ,59.98 ,23753600.00 
57.72 ,58.92 ,57.53 ,58.83 ,23100400.00 
59.00 ,59.05 ,57.76 ,58.08 ,25805600.00 
59.95 ,60.08 ,58.95 ,59.22 ,25464400.00 
59.69 ,60.08 ,59.50 ,59.80 ,18285200.00 
59.55 ,59.83 ,59.21 ,59.65 ,13886400.00 
60.13 ,60.45 ,59.60 ,59.71 ,35506000.00 
59.53 ,60.10 ,59.34 ,59.84 ,60304400.00 
57.72 ,59.00 ,57.67 ,58.87 ,44536000.00 
57.42 ,57.99 ,57.34 ,57.38 ,34354800.00 
56.47 ,57.30 ,56.38 ,57.07 ,32119600.00 
56.47 ,57.01 ,56.19 ,56.29 ,32097600.00 
56.05 ,57.24 ,55.46 ,56.00 ,45470400.00 
54.04 ,56.20 ,53.96 ,56.02 ,40434800.00 
53.60 ,54.39 ,53.58 ,54.33 ,23379600.00 
53.35 ,54.01 ,52.81 ,53.49 ,25638800.00 
52.81 ,53.59 ,52.72 ,53.04 ,21188000.00 
52.88 ,53.37 ,52.78 ,53.04 ,23223600.00 
52.58 ,52.73 ,51.88 ,52.19 ,18488400.00 
52.76 ,52.98 ,52.07 ,52.36 ,27342400.00 
50.47 ,51.96 ,50.09 ,51.92 ,46523200.00 
54.12 ,54.25 ,52.16 ,52.31 ,37203600.00 
54.25 ,54.54 ,53.95 ,54.19 ,14155600.00 
54.67 ,55.01 ,54.29 ,54.56 ,21578400.00 
55.13 ,55.17 ,54.19 ,54.25 ,38524400.00 
54.01 ,55.35 ,53.88 ,55.30 ,50647600.00 
52.77 ,53.24 ,52.49 ,52.72 ,22410000.00 
52.75 ,53.31 ,52.33 ,52.54 ,28838800.00 
51.77 ,53.64 ,51.64 ,52.79 ,47258800.00 
52.76 ,52.99 ,51.41 ,52.00 ,41456400.00 
50.97 ,53.34 ,50.94 ,53.07 ,57458800.00 
52.42 ,52.95 ,50.16 ,51.05 ,105362800.00 
52.23 ,52.47 ,51.63 ,52.45 ,51808000.00 
52.09 ,52.37 ,51.47 ,52.14 ,30018800.00 
52.43 ,52.97 ,52.08 ,52.40 ,28350400.00 
51.94 ,52.28 ,51.07 ,52.04 ,24343600.00 
51.92 ,52.26 ,51.54 ,51.95 ,18910000.00 
52.78 ,52.92 ,51.63 ,52.08 ,28034000.00 
52.16 ,52.42 ,51.03 ,51.91 ,26901200.00 
52.62 ,52.88 ,51.92 ,52.40 ,30086800.00 
51.46 ,52.75 ,51.23 ,52.63 ,37671600.00 
49.90 ,50.97 ,49.65 ,50.65 ,28364000.00 
50.54 ,50.75 ,49.45 ,50.26 ,20973200.00 
51.00 ,51.06 ,50.06 ,50.75 ,20596000.00 
51.56 ,51.62 ,50.54 ,50.73 ,21123600.00 
51.58 ,52.22 ,51.28 ,51.70 ,33079200.00 
50.03 ,51.35 ,49.95 ,51.13 ,42309200.00 
49.19 ,49.55 ,48.85 ,49.22 ,23202000.00 
48.08 ,48.92 ,47.76 ,48.77 ,27991600.00 
49.58 ,50.63 ,48.83 ,48.90 ,32872000.00 
48.24 ,49.14 ,48.05 ,49.00 ,26186800.00 
48.58 ,48.90 ,46.88 ,47.62 ,30744000.00 
49.00 ,49.45 ,48.03 ,48.57 ,26343600.00 
48.75 ,49.81 ,48.44 ,48.55 ,42894400.00 
47.54 ,49.82 ,47.40 ,49.09 ,66412400.00 
46.41 ,46.84 ,46.10 ,46.63 ,20004000.00 
46.60 ,47.33 ,46.41 ,46.50 ,44640400.00 
45.15 ,46.27 ,45.10 ,45.76 ,30912400.00 
45.08 ,45.67 ,44.79 ,45.18 ,29241200.00 
45.16 ,45.16 ,44.13 ,44.31 ,44443600.00 
46.15 ,47.08 ,46.06 ,46.08 ,48098400.00 
45.35 ,45.79 ,44.70 ,45.49 ,26552400.00 
43.31 ,45.39 ,43.00 ,45.33 ,45058800.00 
43.28 ,43.40 ,42.53 ,43.26 ,29337200.00 
43.75 ,45.25 ,43.45 ,43.50 ,36600800.00 
43.20 ,43.62 ,42.88 ,43.52 ,18618400.00 
43.92 ,44.42 ,42.33 ,42.94 ,36205600.00 
44.46 ,44.55 ,43.82 ,44.33 ,23456400.00 
43.13 ,44.76 ,42.68 ,44.56 ,30843200.00 
44.03 ,44.32 ,42.78 ,43.13 ,31726800.00 
43.17 ,44.17 ,43.14 ,43.71 ,24971200.00 
44.22 ,44.46 ,43.07 ,43.17 ,35024400.00 
45.06 ,45.24 ,44.13 ,44.24 ,24547600.00 
45.20 ,45.36 ,44.13 ,44.99 ,25815200.00 
45.12 ,45.31 ,44.65 ,45.27 ,22304800.00 
44.73 ,45.40 ,44.63 ,45.05 ,23183200.00 
45.40 ,45.77 ,45.04 ,45.49 ,32459200.00 
46.55 ,47.10 ,45.99 ,46.07 ,32784000.00 
45.94 ,46.57 ,45.65 ,46.08 ,36151200.00 
44.79 ,46.06 ,44.70 ,45.79 ,35281200.00 
44.97 ,45.99 ,44.96 ,45.13 ,41752400.00 
44.70 ,45.27 ,44.28 ,44.66 ,37697600.00 
43.22 ,45.00 ,43.20 ,44.94 ,69567600.00 
41.65 ,42.26 ,41.65 ,42.19 ,22772800.00 
41.15 ,41.48 ,40.81 ,41.04 ,29614000.00 
42.22 ,42.72 ,41.70 ,41.88 ,29061600.00 
41.22 ,42.08 ,41.19 ,41.75 ,35797600.00 
40.15 ,40.83 ,39.75 ,40.31 ,25561200.00 
41.75 ,41.78 ,40.15 ,40.45 ,29096800.00 
41.40 ,41.65 ,40.98 ,41.36 ,31820800.00 
42.10 ,42.65 ,40.41 ,40.61 ,56805600.00 
42.90 ,43.33 ,42.47 ,42.87 ,30348800.00 
42.63 ,43.36 ,42.42 ,42.81 ,42724400.00 
42.64 ,42.65 ,41.76 ,41.97 ,46318800.00 
41.03 ,42.86 ,40.87 ,42.70 ,81511200.00 
39.84 ,40.38 ,39.22 ,39.89 ,100796000.00 
37.71 ,37.91 ,36.85 ,37.19 ,47720000.00 
38.13 ,38.24 ,37.08 ,37.52 ,41988000.00 
37.85 ,39.47 ,37.46 ,39.01 ,35195600.00 
38.02 ,38.54 ,37.64 ,37.86 ,27920000.00 
39.15 ,39.19 ,38.04 ,38.54 ,34181600.00 
39.05 ,39.58 ,38.47 ,39.56 ,30930000.00 
37.47 ,38.59 ,37.30 ,38.47 ,37256000.00 
38.45 ,38.91 ,37.61 ,38.09 ,36127200.00 
38.45 ,38.46 ,37.22 ,37.70 ,58915600.00 
40.30 ,40.99 ,39.82 ,40.30 ,42834800.00 
42.29 ,43.20 ,40.71 ,41.23 ,42121200.00 
43.54 ,43.56 ,41.76 ,42.18 ,35941600.00 
43.24 ,43.99 ,43.09 ,43.86 ,19777200.00 
43.70 ,43.87 ,42.82 ,43.71 ,24816000.00 
43.62 ,44.24 ,43.62 ,43.77 ,27416000.00 
44.25 ,44.38 ,43.11 ,43.35 ,39270000.00 
44.35 ,44.72 ,43.58 ,44.67 ,36623600.00 
43.22 ,43.94 ,43.07 ,43.92 ,42817600.00 
42.33 ,42.96 ,42.25 ,42.83 ,31594000.00 
42.93 ,42.99 ,42.05 ,42.11 ,34489600.00 
42.53 ,43.18 ,41.96 ,42.54 ,44219200.00 
41.79 ,42.50 ,41.49 ,42.43 ,34820400.00 
41.67 ,42.04 ,41.21 ,41.77 ,34144400.00 
42.12 ,42.28 ,41.53 ,41.82 ,28984000.00 
41.85 ,42.62 ,41.85 ,41.90 ,50639200.00 
40.75 ,41.98 ,40.38 ,41.57 ,68256000.00 
39.76 ,40.59 ,39.63 ,40.01 ,45207600.00 
38.88 ,39.61 ,38.75 ,39.33 ,34286000.00 
39.46 ,39.65 ,39.00 ,39.30 ,32978800.00 
40.10 ,40.15 ,39.42 ,40.06 ,39655200.00 
40.79 ,40.85 ,40.08 ,40.69 ,24663600.00 
41.38 ,41.59 ,40.42 ,40.56 ,40022800.00 
43.14 ,43.49 ,41.17 ,41.54 ,70975600.00 
41.25 ,41.34 ,40.59 ,41.06 ,39766800.00 
40.68 ,41.00 ,40.31 ,40.81 ,44544000.00 
39.15 ,40.43 ,39.02 ,39.81 ,58407200.00 
38.22 ,38.97 ,37.84 ,37.87 ,31186800.00 
38.15 ,38.46 ,37.68 ,38.17 ,28294800.00 
38.38 ,38.87 ,37.88 ,37.94 ,43442800.00 
39.19 ,39.33 ,38.38 ,38.53 ,35016800.00 
38.58 ,38.69 ,38.02 ,38.28 ,33164400.00 
36.88 ,38.78 ,36.76 ,38.22 ,58192000.00 
36.14 ,36.63 ,35.91 ,36.26 ,27604000.00 
36.13 ,36.37 ,35.71 ,36.16 ,39442800.00 
36.77 ,37.25 ,36.60 ,37.06 ,30808000.00 
37.25 ,37.31 ,36.40 ,36.55 ,35889200.00 
37.71 ,38.09 ,37.29 ,37.69 ,38387200.00 
36.94 ,37.80 ,36.94 ,37.11 ,40278000.00 
36.01 ,36.72 ,35.81 ,36.38 ,34885600.00 
35.36 ,36.19 ,35.34 ,35.95 ,40814000.00 
36.49 ,36.55 ,34.96 ,35.32 ,51161600.00 
34.09 ,35.80 ,33.87 ,35.75 ,64183600.00 
33.98 ,34.37 ,33.15 ,33.45 ,47864400.00 
34.29 ,34.96 ,33.85 ,33.87 ,38972000.00 
35.08 ,35.44 ,34.39 ,34.78 ,39430000.00 
35.35 ,35.71 ,34.74 ,35.08 ,55980000.00 
36.47 ,36.79 ,35.81 ,35.83 ,42835600.00 
37.02 ,37.38 ,36.22 ,36.29 ,35758400.00 
37.42 ,37.42 ,36.23 ,36.83 ,59184400.00 
38.38 ,38.64 ,37.94 ,38.05 ,32586800.00 
38.55 ,38.92 ,38.16 ,38.76 ,36184800.00 
38.14 ,38.69 ,37.69 ,37.94 ,57206400.00 
39.63 ,40.93 ,38.74 ,39.13 ,102206800.00 
39.84 ,40.48 ,39.41 ,40.05 ,78108800.00 
39.95 ,40.26 ,39.35 ,39.90 ,50232000.00 
40.01 ,40.87 ,39.62 ,40.51 ,52488000.00 
40.88 ,41.11 ,39.45 ,39.61 ,65691200.00 
42.24 ,42.90 ,41.00 ,42.21 ,56950000.00 
42.79 ,42.88 ,41.35 ,42.55 ,66024800.00 
43.00 ,44.29 ,42.88 ,43.48 ,41916800.00 
44.47 ,44.47 ,42.79 ,43.28 ,55522000.00 
43.88 ,45.08 ,43.50 ,44.96 ,42217600.00 
45.88 ,45.98 ,45.13 ,45.75 ,33682400.00 
45.22 ,46.22 ,44.78 ,45.80 ,39468400.00 
45.78 ,46.20 ,45.12 ,45.12 ,35428000.00 
44.51 ,45.51 ,44.31 ,45.25 ,36292000.00 
44.60 ,45.11 ,43.88 ,44.83 ,39192000.00 
45.18 ,45.22 ,43.33 ,44.52 ,86898800.00 
47.39 ,47.61 ,45.92 ,46.73 ,49929600.00 
47.77 ,48.20 ,47.16 ,47.79 ,31820400.00 
47.25 ,47.98 ,47.15 ,47.67 ,34685600.00 
46.34 ,47.28 ,46.02 ,47.12 ,27993600.00 
46.89 ,47.23 ,46.29 ,46.58 ,38098800.00 
47.40 ,47.62 ,46.60 ,46.82 ,35100400.00 
46.57 ,47.24 ,46.24 ,47.05 ,39496400.00 
47.42 ,47.47 ,45.78 ,46.17 ,44009200.00 
48.28 ,48.31 ,47.42 ,47.50 ,47170800.00 
48.05 ,48.37 ,47.39 ,47.88 ,37460000.00 
47.31 ,48.29 ,47.26 ,48.03 ,44477200.00 
47.61 ,47.72 ,46.89 ,47.31 ,43997200.00 
47.43 ,48.20 ,47.19 ,47.95 ,42419200.00 
47.50 ,47.91 ,47.13 ,47.74 ,48174400.00 
47.00 ,47.49 ,46.43 ,47.06 ,45737600.00 
46.25 ,47.75 ,46.20 ,47.15 ,78350400.00 
45.81 ,46.20 ,45.38 ,45.75 ,44092000.00 
45.81 ,45.88 ,45.09 ,45.57 ,48382400.00 
44.99 ,45.13 ,44.48 ,44.89 ,45689600.00 
44.39 ,44.97 ,43.78 ,44.31 ,48026400.00 
44.47 ,44.94 ,43.42 ,44.13 ,47437200.00 
44.87 ,45.44 ,43.65 ,44.22 ,70350800.00 
43.97 ,44.61 ,42.78 ,43.45 ,52521200.00 
45.71 ,46.20 ,44.24 ,44.38 ,74764400.00 
43.83 ,46.25 ,43.78 ,45.99 ,82431200.00 
44.22 ,44.76 ,43.25 ,43.60 ,71914800.00 
43.19 ,44.38 ,43.02 ,43.93 ,85497200.00 
42.77 ,43.31 ,41.97 ,42.24 ,48699200.00 
41.83 ,42.88 ,41.79 ,42.45 ,66148400.00 
42.25 ,42.37 ,41.31 ,41.39 ,51938400.00 
41.01 ,42.45 ,40.93 ,42.15 ,76890000.00 
40.56 ,41.10 ,39.80 ,40.63 ,57957600.00 
37.90 ,40.51 ,37.42 ,40.29 ,85972800.00 
36.42 ,37.77 ,36.20 ,37.66 ,42241600.00 
37.78 ,37.87 ,36.85 ,37.31 ,45010400.00 
39.04 ,39.13 ,37.99 ,38.01 ,40352400.00 
39.04 ,39.51 ,38.49 ,39.13 ,36292400.00 
39.50 ,39.73 ,38.63 ,39.20 ,40999200.00 
39.07 ,39.54 ,38.48 ,39.11 ,35718800.00 
38.75 ,38.97 ,38.34 ,38.56 ,32494400.00 
39.13 ,39.40 ,38.28 ,38.85 ,50025600.00 
39.63 ,40.19 ,38.94 ,39.28 ,48846400.00 
40.64 ,41.32 ,39.58 ,39.67 ,65602000.00 
39.47 ,39.99 ,39.33 ,39.80 ,40174000.00 
39.76 ,40.01 ,38.79 ,38.94 ,44854800.00 
39.46 ,40.31 ,39.34 ,39.64 ,54098800.00 
39.23 ,39.97 ,39.04 ,39.16 ,55189200.00 
40.74 ,40.97 ,39.11 ,39.33 ,151674800.00 
38.21 ,38.92 ,37.78 ,38.63 ,82726400.00 
38.09 ,38.96 ,37.95 ,38.22 ,60537200.00 
37.00 ,37.95 ,36.86 ,37.79 ,59106000.00 
36.60 ,37.15 ,36.13 ,36.61 ,49518000.00 
36.18 ,37.15 ,36.03 ,37.04 ,46160400.00 
37.78 ,37.81 ,36.42 ,36.86 ,63712000.00 
37.82 ,38.90 ,37.77 ,38.25 ,70246400.00 
37.42 ,37.86 ,37.08 ,37.49 ,54242400.00 
36.34 ,37.67 ,36.12 ,37.29 ,52859200.00 
36.13 ,36.70 ,35.65 ,36.18 ,62504800.00 
34.31 ,36.30 ,34.10 ,35.94 ,84285200.00 
33.67 ,34.49 ,32.87 ,34.35 ,97422800.00 
34.04 ,34.53 ,32.75 ,32.90 ,115393200.00 
34.14 ,35.41 ,32.75 ,34.50 ,251152800.00 
38.86 ,40.22 ,37.83 ,40.04 ,115457200.00 
38.17 ,39.64 ,38.13 ,39.46 ,70897200.00 
37.75 ,38.65 ,37.01 ,37.32 ,59102000.00 
38.93 ,39.04 ,36.89 ,37.19 ,66155200.00 
38.43 ,39.49 ,37.91 ,39.23 ,65133600.00 
36.88 ,38.33 ,36.60 ,37.93 ,49343600.00 
37.74 ,38.08 ,37.15 ,37.21 ,47010400.00 
37.94 ,38.34 ,37.28 ,37.47 ,61701200.00 
36.68 ,37.87 ,36.44 ,37.61 ,73016800.00 
36.08 ,37.44 ,35.80 ,37.21 ,87476400.00 
35.45 ,36.40 ,34.84 ,36.31 ,52315600.00 
35.47 ,36.12 ,34.97 ,35.65 ,61726000.00 
36.67 ,36.70 ,34.22 ,34.96 ,78601600.00 
34.63 ,36.22 ,34.11 ,35.85 ,70916000.00 
32.74 ,34.43 ,32.42 ,34.05 ,58562000.00 
33.45 ,33.79 ,31.92 ,32.00 ,70555200.00 
32.66 ,34.62 ,32.51 ,34.06 ,50875200.00 
33.85 ,34.18 ,33.06 ,33.38 ,46514000.00 
33.00 ,34.35 ,32.58 ,33.41 ,62872800.00 
32.75 ,33.10 ,31.30 ,32.79 ,63704400.00 
32.24 ,33.29 ,31.12 ,33.28 ,69510000.00 
31.62 ,32.49 ,31.13 ,31.77 ,46384000.00 
34.04 ,34.38 ,32.12 ,32.39 ,86374000.00 
34.54 ,35.45 ,33.17 ,33.78 ,74958800.00 
36.40 ,36.94 ,34.11 ,34.63 ,74536400.00 
36.34 ,37.58 ,36.06 ,36.74 ,56437200.00 
36.31 ,37.04 ,35.31 ,35.90 ,66286800.00 
36.80 ,37.65 ,36.38 ,36.61 ,47182000.00 
37.70 ,38.35 ,36.86 ,37.22 ,47138400.00 
37.11 ,38.20 ,36.21 ,37.22 ,65413600.00 
38.89 ,38.97 ,36.25 ,37.05 ,67191200.00 
36.45 ,38.22 ,36.41 ,37.97 ,62947200.00 
39.62 ,39.72 ,36.40 ,36.90 ,68167600.00 
37.86 ,39.62 ,37.70 ,39.57 ,69230800.00 
42.06 ,42.11 ,39.13 ,39.28 ,81211200.00 
43.15 ,43.67 ,41.83 ,42.51 ,89080400.00 
39.44 ,40.97 ,38.93 ,40.86 ,72956400.00 
40.00 ,40.38 ,39.04 ,39.34 ,54917200.00 
39.62 ,40.07 ,38.28 ,40.02 ,80452400.00 
38.00 ,39.25 ,37.64 ,38.43 ,73806000.00 
37.47 ,38.37 ,36.64 ,38.26 ,81483200.00 
35.83 ,37.40 ,35.70 ,36.25 ,41196800.00 
38.65 ,38.83 ,35.90 ,36.18 ,102549600.00 
33.51 ,38.56 ,33.33 ,37.27 ,169203200.00 
40.45 ,40.46 ,36.16 ,36.17 ,169782000.00 
40.83 ,42.67 ,40.40 ,41.11 ,196352000.00 
49.24 ,51.33 ,48.88 ,50.60 ,84070800.00 
51.58 ,51.72 ,48.21 ,49.30 ,52658000.00 
48.37 ,51.05 ,48.31 ,49.83 ,64471200.00 
50.49 ,50.72 ,47.17 ,47.38 ,61711600.00 
50.60 ,52.33 ,50.26 ,51.42 ,41324000.00 
52.85 ,52.86 ,50.96 ,51.50 ,51135200.00 
53.44 ,54.35 ,52.79 ,53.45 ,48381200.00 
52.86 ,53.71 ,52.39 ,52.76 ,29901200.00 
53.60 ,53.83 ,51.32 ,52.94 ,37933200.00 
54.43 ,55.50 ,52.55 ,53.73 ,45296000.00 
53.08 ,54.62 ,51.80 ,54.53 ,56652800.00 
52.41 ,53.15 ,51.00 ,52.71 ,74577200.00 
46.64 ,50.85 ,46.40 ,50.75 ,80719200.00 
51.00 ,51.03 ,44.00 ,46.40 ,75801600.00 
49.58 ,51.21 ,48.28 ,49.57 ,66478400.00 
48.87 ,52.44 ,48.42 ,51.96 ,95172000.00 
54.88 ,55.35 ,49.71 ,49.85 ,88428800.00 
55.11 ,56.05 ,54.18 ,55.26 ,62643600.00 
57.82 ,58.83 ,56.77 ,57.81 ,36884400.00 
60.44 ,60.64 ,56.92 ,57.29 ,61360800.00 
61.47 ,61.85 ,59.27 ,59.88 ,52402000.00 
62.08 ,62.47 ,60.27 ,60.76 ,32966800.00 
59.98 ,61.57 ,59.49 ,61.46 ,40871200.00 
61.50 ,61.50 ,58.83 ,58.85 ,44976000.00 
61.38 ,62.38 ,59.91 ,61.63 ,60823600.00 
60.54 ,61.89 ,58.56 ,58.78 ,72543600.00 
65.32 ,65.78 ,61.40 ,61.42 ,68494000.00 
66.24 ,67.19 ,65.70 ,66.39 ,27350000.00 
66.63 ,67.79 ,65.02 ,66.44 ,40861200.00 
69.57 ,70.20 ,66.89 ,67.46 ,42663600.00 
71.32 ,71.56 ,69.04 ,69.82 ,39122000.00 
72.33 ,72.40 ,70.63 ,71.68 ,32055200.00 
72.06 ,73.19 ,71.39 ,71.62 ,38396400.00 
71.04 ,73.01 ,70.65 ,72.34 ,62206000.00 
68.18 ,70.48 ,67.90 ,70.25 ,70939600.00 
67.08 ,67.30 ,66.53 ,66.85 ,21442800.00 
67.15 ,67.56 ,66.57 ,66.73 ,26854800.00 
67.09 ,67.36 ,66.23 ,67.10 ,28038800.00 
65.55 ,66.46 ,64.67 ,66.43 ,29391200.00 
66.69 ,67.15 ,65.53 ,65.86 ,43512800.00 
66.76 ,67.19 ,66.03 ,66.57 ,43058400.00 
67.57 ,68.18 ,67.06 ,68.00 ,22486000.00 
68.52 ,69.56 ,67.69 ,67.75 ,29952000.00 
68.85 ,69.35 ,68.29 ,68.48 ,20552800.00 
68.75 ,69.78 ,68.38 ,69.11 ,38693600.00 
67.71 ,68.75 ,67.54 ,67.83 ,30553600.00 
67.80 ,68.00 ,65.48 ,67.05 ,41909200.00 
68.21 ,69.10 ,68.00 ,68.20 ,24311200.00 
68.19 ,68.98 ,67.75 ,68.68 ,22014000.00 
67.25 ,69.23 ,66.80 ,67.96 ,29542000.00 
69.44 ,69.46 ,67.85 ,68.18 ,32279600.00 
70.75 ,71.11 ,68.79 ,69.61 ,39315600.00 
70.04 ,71.31 ,69.75 ,70.93 ,39172000.00 
69.25 ,70.30 ,69.15 ,70.17 ,30659200.00 
69.31 ,70.43 ,69.08 ,69.45 ,34660800.00 
68.48 ,69.88 ,68.27 ,69.62 ,42010800.00 
68.92 ,69.14 ,67.38 ,68.60 ,47538400.00 
68.36 ,69.72 ,68.04 ,68.97 ,50577600.00 
66.79 ,68.20 ,66.75 ,68.06 ,53151200.00 
65.32 ,67.37 ,65.18 ,66.71 ,72068400.00 
63.00 ,65.75 ,62.97 ,65.71 ,74985600.00 
62.13 ,63.38 ,61.92 ,63.33 ,67398800.00 
60.79 ,63.30 ,59.68 ,61.96 ,85438800.00 
63.24 ,63.24 ,60.93 ,61.21 ,114318800.00 
65.47 ,65.50 ,63.75 ,64.36 ,80126000.00 
65.57 ,65.91 ,63.97 ,64.77 ,59113600.00 
65.10 ,65.50 ,64.25 ,65.36 ,46622000.00 
63.79 ,65.25 ,63.77 ,64.03 ,37520800.00 
63.29 ,64.03 ,63.17 ,63.70 ,25639600.00 
64.79 ,64.81 ,64.04 ,64.11 ,20428000.00 
64.25 ,65.06 ,63.90 ,64.61 ,26210000.00 
64.00 ,64.43 ,63.73 ,64.24 ,25813200.00 
62.90 ,63.54 ,62.43 ,63.51 ,20750800.00 
62.90 ,63.26 ,62.73 ,63.03 ,21428800.00 
60.90 ,62.70 ,60.30 ,62.65 ,26966800.00 
61.53 ,62.09 ,60.97 ,61.62 ,28355600.00 
60.93 ,61.97 ,60.54 ,61.22 ,28398800.00 
63.15 ,63.21 ,60.68 ,61.03 ,34034000.00 
64.08 ,64.15 ,62.46 ,63.01 ,29542000.00 
62.76 ,64.08 ,62.60 ,63.71 ,32512400.00 
62.27 ,63.10 ,61.69 ,62.97 ,31911200.00 
62.84 ,63.71 ,62.00 ,62.18 ,35462000.00 
62.46 ,62.47 ,60.82 ,62.35 ,30158400.00 
62.98 ,63.38 ,62.61 ,62.72 ,22235200.00 
62.74 ,63.35 ,62.58 ,63.01 ,23575200.00 
63.35 ,63.49 ,62.41 ,62.92 ,27764000.00 
61.55 ,63.58 ,61.29 ,63.42 ,36213600.00 
62.05 ,62.58 ,61.92 ,62.05 ,19703600.00 
62.99 ,62.99 ,61.90 ,62.33 ,24698800.00 
62.34 ,63.29 ,62.24 ,62.81 ,34550800.00 
62.38 ,62.72 ,61.78 ,61.88 ,36750800.00 
62.44 ,63.54 ,62.03 ,63.31 ,36001600.00 
62.58 ,62.68 ,61.52 ,62.31 ,30388000.00 
60.44 ,61.92 ,60.22 ,61.83 ,29635200.00 
59.77 ,60.73 ,59.38 ,60.68 ,30621600.00 
60.91 ,60.97 ,59.13 ,59.21 ,22273200.00 
58.52 ,60.60 ,58.31 ,60.56 ,35757200.00 
60.87 ,61.00 ,59.21 ,59.22 ,39230000.00 
58.83 ,60.33 ,58.75 ,60.22 ,33801200.00 
60.94 ,61.61 ,58.88 ,58.93 ,45389200.00 
60.92 ,61.41 ,59.98 ,60.50 ,47888400.00 
61.66 ,61.70 ,58.88 ,59.78 ,66581600.00 
64.49 ,64.62 ,62.58 ,62.74 ,43416000.00 
65.90 ,66.08 ,64.20 ,64.28 ,35951600.00 
65.46 ,66.11 ,65.07 ,65.58 ,36978000.00 
65.23 ,65.91 ,63.76 ,65.04 ,59493200.00 
65.87 ,66.45 ,65.60 ,66.27 ,35626800.00 
66.15 ,66.87 ,65.84 ,66.32 ,43226000.00 
66.06 ,67.30 ,65.90 ,66.73 ,43001600.00 
65.66 ,66.42 ,65.51 ,65.60 ,33820800.00 
65.42 ,65.77 ,64.92 ,65.64 ,31916000.00 
65.44 ,65.86 ,65.03 ,65.15 ,26537200.00 
64.99 ,66.00 ,64.80 ,65.57 ,36045600.00 
66.25 ,66.37 ,64.81 ,65.72 ,36944800.00 
65.36 ,66.32 ,65.19 ,66.29 ,37135600.00 
66.25 ,66.65 ,65.79 ,66.27 ,39171200.00 
64.75 ,66.43 ,64.43 ,66.21 ,64202400.00 
63.50 ,64.47 ,63.41 ,64.40 ,42196800.00 
62.92 ,63.80 ,62.82 ,63.05 ,49386800.00 
62.49 ,63.33 ,62.24 ,63.25 ,39099600.00 
62.14 ,62.83 ,61.67 ,62.15 ,35268400.00 
62.05 ,62.49 ,61.69 ,62.32 ,29211200.00 
61.85 ,62.35 ,61.31 ,61.92 ,43737200.00 
60.07 ,61.90 ,60.06 ,61.88 ,44295600.00 
61.20 ,61.45 ,60.06 ,60.67 ,51826400.00 
62.47 ,62.51 ,60.12 ,61.06 ,64062400.00 
62.45 ,63.09 ,61.44 ,61.49 ,48371600.00 
61.52 ,62.88 ,61.36 ,61.93 ,51978400.00 
61.00 ,62.13 ,60.63 ,61.50 ,55382800.00 
63.20 ,63.22 ,60.38 ,61.39 ,96352800.00 
64.02 ,64.62 ,63.60 ,63.84 ,52314000.00 
63.20 ,64.95 ,62.63 ,63.63 ,121445600.00 
64.48 ,65.13 ,64.30 ,65.03 ,99408000.00 
62.80 ,63.97 ,62.53 ,63.95 ,59676000.00 
62.17 ,62.63 ,61.68 ,62.60 ,50661600.00 
60.82 ,62.75 ,60.72 ,62.17 ,68761600.00 
57.96 ,59.80 ,57.78 ,59.76 ,40066000.00 
56.90 ,58.51 ,56.44 ,58.25 ,44314400.00 
56.75 ,57.20 ,56.31 ,56.58 ,26824800.00 
56.14 ,56.81 ,55.55 ,56.79 ,25378800.00 
56.75 ,57.25 ,56.03 ,56.22 ,32784400.00 
57.38 ,57.58 ,56.15 ,56.58 ,40084800.00 
55.80 ,56.39 ,55.13 ,56.31 ,37582400.00 
55.00 ,55.40 ,52.58 ,54.17 ,58849200.00 
56.23 ,57.20 ,54.64 ,55.30 ,41459600.00 
57.36 ,57.88 ,55.71 ,55.97 ,42750800.00 
57.17 ,58.03 ,56.86 ,57.18 ,38620000.00 
57.94 ,58.28 ,56.70 ,57.26 ,47199600.00 
58.88 ,59.81 ,58.19 ,59.09 ,39136400.00 
58.40 ,59.60 ,57.84 ,59.38 ,44722400.00 
57.94 ,58.21 ,56.92 ,57.87 ,35079200.00 
59.29 ,59.38 ,57.39 ,57.88 ,50303600.00 
57.50 ,58.83 ,57.05 ,58.65 ,59392000.00 
56.83 ,57.24 ,56.23 ,56.56 ,46024400.00 
56.18 ,57.25 ,55.60 ,56.98 ,76167600.00 
54.20 ,55.49 ,53.65 ,53.85 ,49952400.00 
54.31 ,55.40 ,53.27 ,53.56 ,66298800.00 
57.15 ,57.28 ,54.62 ,55.35 ,70124000.00 
53.75 ,56.67 ,53.50 ,56.56 ,78916800.00 
56.95 ,57.59 ,55.34 ,56.34 ,66743200.00 
57.19 ,58.66 ,54.38 ,55.26 ,92209200.00 
56.03 ,58.88 ,55.17 ,57.90 ,91662800.00 
56.03 ,57.35 ,54.25 ,55.34 ,94590400.00 
61.94 ,62.50 ,54.96 ,56.38 ,140900000.00 
59.50 ,61.13 ,58.97 ,61.12 ,61142400.00 
60.60 ,60.63 ,58.13 ,58.24 ,73562000.00 
61.50 ,61.97 ,60.08 ,60.46 ,55119600.00 
62.33 ,63.00 ,61.83 ,62.14 ,43868800.00 
60.28 ,62.79 ,60.28 ,62.40 ,55469600.00 
62.04 ,62.34 ,59.25 ,60.25 ,71377200.00 
62.50 ,62.81 ,62.12 ,62.62 ,39945600.00 
62.32 ,63.15 ,61.91 ,62.33 ,40195200.00 
62.36 ,62.64 ,61.56 ,62.19 ,50549600.00 
62.87 ,63.63 ,61.51 ,61.93 ,61977200.00 
61.75 ,63.25 ,61.67 ,62.44 ,60506000.00 
60.78 ,61.46 ,60.61 ,61.33 ,50552400.00 
60.74 ,60.74 ,59.85 ,60.29 ,41191200.00 
59.50 ,60.99 ,59.49 ,60.46 ,58120800.00 
59.78 ,60.74 ,59.34 ,60.54 ,63680800.00 
58.63 ,59.31 ,57.38 ,58.91 ,62077600.00 
56.97 ,59.20 ,55.46 ,59.13 ,91342800.00 
60.48 ,61.02 ,57.03 ,58.05 ,104012000.00 
61.63 ,62.03 ,60.38 ,60.50 ,52311600.00 
61.38 ,62.23 ,61.28 ,61.51 ,45543600.00 
61.95 ,61.99 ,61.01 ,61.65 ,46931200.00 
61.14 ,61.48 ,60.63 ,61.48 ,41530000.00 
60.68 ,61.41 ,59.88 ,60.54 ,53436400.00 
62.92 ,62.99 ,60.34 ,60.38 ,89229200.00 
61.19 ,62.97 ,61.15 ,62.27 ,68624000.00 
61.35 ,62.50 ,60.87 ,60.96 ,63765600.00 
61.20 ,62.09 ,60.38 ,61.63 ,69890000.00 
57.75 ,60.65 ,57.64 ,60.36 ,74498800.00 
56.64 ,58.63 ,56.31 ,58.16 ,62552400.00 
58.84 ,58.87 ,56.26 ,57.01 ,109317200.00 
59.56 ,59.72 ,54.38 ,58.02 ,167460400.00 
58.47 ,58.81 ,54.38 ,54.38 ,114400000.00 
57.40 ,58.74 ,56.67 ,57.20 ,80293200.00 
51.10 ,56.42 ,51.00 ,56.40 ,111480000.00 
56.75 ,58.31 ,51.25 ,53.42 ,116520400.00 
59.25 ,59.49 ,57.79 ,58.38 ,71846400.00 
59.63 ,61.72 ,59.51 ,60.13 ,51922400.00 
61.44 ,62.32 ,61.11 ,61.45 ,47857600.00 
60.28 ,61.61 ,59.60 ,60.68 ,57083200.00 
60.69 ,62.03 ,60.15 ,61.71 ,45511600.00 
59.53 ,60.83 ,59.40 ,60.83 ,51635600.00 
59.50 ,59.94 ,58.94 ,59.09 ,40988400.00 
59.76 ,60.12 ,58.39 ,58.95 ,57997200.00 
58.96 ,59.96 ,58.78 ,59.73 ,47522800.00 
57.61 ,58.44 ,57.03 ,58.42 ,55094400.00 
57.02 ,57.77 ,56.75 ,57.53 ,60938000.00 
55.99 ,56.66 ,55.67 ,56.11 ,40863200.00 
55.17 ,56.28 ,54.22 ,56.18 ,53840800.00 
56.01 ,56.88 ,54.17 ,55.03 ,70234800.00 
55.90 ,56.25 ,55.33 ,55.74 ,35991600.00 
56.25 ,56.57 ,55.80 ,56.02 ,40603200.00 
54.55 ,55.96 ,54.00 ,55.92 ,58266400.00 
55.56 ,55.96 ,54.66 ,55.49 ,49700000.00 
55.10 ,56.25 ,54.65 ,55.50 ,88121600.00 
53.55 ,54.23 ,52.77 ,53.85 ,58012400.00 
53.94 ,54.51 ,53.17 ,53.40 ,58326800.00 
51.03 ,53.42 ,50.94 ,53.12 ,91470400.00 
48.95 ,49.88 ,48.63 ,49.84 ,35561600.00 
49.62 ,49.62 ,48.38 ,48.38 ,27996400.00 
49.53 ,49.85 ,49.29 ,49.35 ,24024800.00 
49.22 ,49.99 ,49.08 ,49.29 ,32948800.00 
48.26 ,49.44 ,47.96 ,49.36 ,35508000.00 
48.60 ,48.91 ,47.81 ,48.82 ,46627600.00 
49.24 ,49.49 ,48.89 ,48.97 ,30090400.00 
49.42 ,49.52 ,48.64 ,49.20 ,28882000.00 
49.38 ,49.43 ,48.74 ,49.03 ,37310000.00 
48.30 ,49.51 ,48.00 ,49.47 ,47770400.00 
47.06 ,48.10 ,46.40 ,47.89 ,67003600.00 
46.48 ,47.33 ,46.15 ,46.62 ,43816400.00 
48.13 ,48.14 ,46.47 ,46.54 ,55428000.00 
48.22 ,48.46 ,47.47 ,47.71 ,45501600.00 
48.01 ,48.70 ,47.86 ,48.67 ,37274800.00 
48.50 ,48.70 ,47.79 ,47.87 ,46687600.00 
47.99 ,48.40 ,47.53 ,48.00 ,54260000.00 
46.42 ,47.54 ,46.21 ,47.31 ,46703200.00 
45.60 ,48.17 ,45.15 ,46.94 ,98148800.00 
50.01 ,50.08 ,46.13 ,46.67 ,124084400.00 
49.83 ,50.03 ,48.12 ,49.42 ,81154800.00 
49.80 ,50.67 ,49.16 ,50.18 ,82376800.00 
52.50 ,52.53 ,47.81 ,49.11 ,139678800.00 
53.59 ,53.68 ,52.06 ,52.68 ,51275200.00 
54.33 ,54.34 ,53.50 ,53.54 ,42289600.00 
53.90 ,54.25 ,53.65 ,54.24 ,18075200.00 
54.25 ,54.25 ,53.40 ,53.73 ,35664000.00 
53.92 ,54.13 ,53.60 ,54.01 ,39917600.00 
53.00 ,53.64 ,52.63 ,53.52 ,39610000.00 
53.48 ,53.84 ,52.69 ,52.84 ,51566400.00 
53.24 ,53.55 ,52.81 ,52.90 ,44176800.00 
52.99 ,53.00 ,51.95 ,52.49 ,50194800.00 
53.25 ,53.70 ,52.81 ,53.54 ,52929200.00 
54.04 ,54.29 ,53.00 ,53.16 ,58237600.00 
53.27 ,54.67 ,52.91 ,54.04 ,125325600.00 
51.32 ,51.58 ,50.09 ,51.33 ,97856400.00 
52.96 ,53.00 ,51.81 ,52.29 ,52298800.00 
52.64 ,53.22 ,52.51 ,53.01 ,42770000.00 
51.80 ,52.49 ,51.67 ,52.41 ,38994400.00 
51.80 ,52.17 ,51.33 ,52.17 ,35364000.00 
51.50 ,51.95 ,50.91 ,51.49 ,34230800.00 
52.34 ,52.49 ,51.15 ,51.80 ,50257600.00 
51.28 ,51.97 ,51.22 ,51.70 ,41190800.00 
50.47 ,51.52 ,50.31 ,50.96 ,50405600.00 
49.45 ,50.47 ,49.19 ,50.47 ,57219200.00 
48.70 ,49.04 ,48.45 ,48.92 ,32274400.00 
49.27 ,49.81 ,47.79 ,48.42 ,82816000.00 
49.25 ,49.69 ,48.99 ,49.67 ,40724400.00 
49.45 ,49.71 ,48.95 ,49.15 ,42869600.00 
49.62 ,49.90 ,49.13 ,49.22 ,45162000.00 
48.61 ,49.50 ,48.11 ,49.45 ,57077200.00 
49.53 ,49.54 ,48.33 ,49.40 ,56731600.00 
49.27 ,49.72 ,49.09 ,49.44 ,47859600.00 
48.95 ,49.51 ,48.31 ,49.48 ,57664000.00 
48.39 ,48.75 ,47.91 ,48.65 ,62872800.00 
47.77 ,48.27 ,47.48 ,47.76 ,52829200.00 
47.40 ,47.75 ,46.94 ,47.74 ,52950800.00 
47.86 ,48.24 ,46.81 ,47.23 ,97487600.00 
45.70 ,46.68 ,45.51 ,46.35 ,56349200.00 
44.91 ,45.46 ,44.75 ,45.33 ,31880000.00 
45.47 ,45.50 ,44.89 ,45.19 ,43736400.00 
44.90 ,45.44 ,44.54 ,45.22 ,42784800.00 
44.81 ,45.15 ,44.40 ,44.84 ,39033200.00 
45.20 ,45.49 ,44.25 ,44.75 ,50348000.00 
44.77 ,44.93 ,44.31 ,44.69 ,61909200.00 
44.01 ,44.04 ,43.44 ,43.92 ,43524400.00 
43.90 ,44.07 ,43.19 ,43.93 ,71372000.00 
44.11 ,44.67 ,42.59 ,42.99 ,112562000.00 
44.44 ,44.45 ,42.54 ,42.75 ,87458000.00 
45.08 ,45.58 ,44.65 ,44.75 ,49123200.00 
45.41 ,45.67 ,44.40 ,45.19 ,107560000.00 
46.88 ,47.36 ,46.05 ,46.46 ,72492000.00 
46.38 ,47.46 ,46.15 ,46.84 ,87428000.00 
46.29 ,47.80 ,46.22 ,46.89 ,168446000.00 
43.22 ,45.03 ,43.16 ,45.03 ,136479200.00 
42.20 ,43.14 ,41.95 ,42.35 ,51371200.00 
42.15 ,42.88 ,41.82 ,42.59 ,58096000.00 
42.50 ,42.50 ,41.74 ,42.40 ,41148800.00 
41.38 ,42.36 ,41.33 ,42.25 ,56744400.00 
41.53 ,41.68 ,40.68 ,40.92 ,49885600.00 
41.62 ,41.97 ,41.24 ,41.65 ,35286800.00 
41.81 ,41.95 ,41.10 ,41.45 ,39767200.00 
42.10 ,42.15 ,40.89 ,41.48 ,69536400.00 
42.49 ,42.97 ,42.40 ,42.62 ,44543200.00 
41.63 ,42.40 ,41.55 ,42.36 ,61268400.00 
41.38 ,41.53 ,41.07 ,41.42 ,38440000.00 
40.65 ,41.40 ,40.56 ,41.17 ,32409600.00 
41.15 ,41.28 ,40.58 ,41.24 ,38949600.00 
41.54 ,41.65 ,40.89 ,40.95 ,35720000.00 
41.78 ,41.82 ,41.03 ,41.30 ,46970000.00 
40.30 ,41.56 ,40.21 ,41.45 ,57952000.00 
40.12 ,40.70 ,39.93 ,40.64 ,45045600.00 
40.62 ,40.74 ,39.34 ,39.79 ,62367200.00 
40.92 ,41.09 ,39.91 ,40.38 ,60120400.00 
41.20 ,41.38 ,40.35 ,40.37 ,52544400.00 
41.90 ,42.13 ,40.96 ,41.29 ,59663200.00 
42.15 ,42.42 ,41.40 ,41.74 ,76453200.00 
39.92 ,42.14 ,39.80 ,42.10 ,127902000.00 
39.29 ,39.75 ,38.23 ,38.99 ,149719600.00 
43.04 ,43.17 ,41.08 ,41.19 ,132808800.00 
42.11 ,43.05 ,41.92 ,43.03 ,53078400.00 
43.47 ,43.64 ,42.18 ,42.58 ,75533600.00 
42.10 ,43.09 ,42.00 ,43.09 ,71741200.00 
41.85 ,42.52 ,41.62 ,41.80 ,58909600.00 
41.09 ,41.66 ,40.92 ,41.62 ,44242000.00 
41.44 ,41.48 ,40.32 ,41.10 ,47844400.00 
40.53 ,41.14 ,40.25 ,41.12 ,43138400.00 
41.24 ,41.60 ,40.15 ,40.63 ,55967200.00 
40.07 ,41.35 ,39.82 ,41.10 ,51334800.00 
42.07 ,42.19 ,39.39 ,40.44 ,78285600.00 
41.92 ,42.48 ,41.46 ,41.81 ,64040400.00 
41.31 ,41.48 ,40.90 ,41.34 ,49655600.00 
42.10 ,42.20 ,41.43 ,41.54 ,65252400.00 
41.67 ,42.33 ,41.52 ,42.03 ,64833200.00 
41.48 ,41.88 ,40.98 ,41.88 ,69959600.00 
41.58 ,41.85 ,41.15 ,41.28 ,68704400.00 
40.45 ,41.64 ,40.33 ,41.49 ,77664000.00 
41.58 ,41.88 ,40.44 ,41.06 ,93079200.00 
40.32 ,41.25 ,40.25 ,41.24 ,94194800.00 
40.75 ,41.58 ,39.69 ,40.16 ,136913200.00 
39.58 ,40.75 ,39.14 ,40.63 ,114520800.00 
38.46 ,39.05 ,38.04 ,38.97 ,75795600.00 
37.44 ,38.50 ,37.17 ,38.42 ,95849200.00 
36.45 ,36.88 ,36.21 ,36.69 ,65497200.00 
35.47 ,36.35 ,34.94 ,35.87 ,74628400.00 
35.47 ,36.06 ,35.28 ,35.76 ,82018800.00 
36.26 ,36.41 ,34.65 ,34.83 ,70907200.00 
36.85 ,36.98 ,35.88 ,36.14 ,73106000.00 
37.65 ,37.68 ,36.02 ,36.67 ,106442400.00 
37.33 ,37.99 ,36.44 ,37.94 ,99494800.00 
37.86 ,37.95 ,36.59 ,36.65 ,99949200.00 
38.79 ,39.15 ,37.08 ,38.04 ,106396000.00 
39.67 ,39.83 ,38.31 ,38.46 ,108858800.00 
39.95 ,40.08 ,39.35 ,39.59 ,46913200.00 
39.55 ,39.90 ,38.92 ,39.87 ,68265200.00 
39.76 ,40.44 ,39.23 ,39.27 ,109544400.00 
38.35 ,39.38 ,38.31 ,39.33 ,77817600.00 
38.19 ,38.67 ,37.56 ,37.90 ,92496000.00 
36.74 ,38.40 ,36.63 ,38.09 ,96382400.00 
37.88 ,38.51 ,37.13 ,37.93 ,118464000.00 
38.60 ,38.69 ,36.41 ,37.85 ,167250400.00 
36.47 ,37.92 ,35.53 ,37.49 ,169753200.00 
41.19 ,42.13 ,35.69 ,37.40 ,369292800.00 
38.37 ,40.00 ,37.95 ,39.99 ,116174400.00 
37.08 ,37.47 ,36.92 ,37.28 ,61261200.00 
36.96 ,37.42 ,36.70 ,36.83 ,75872800.00 
35.74 ,37.13 ,35.63 ,37.00 ,81737600.00 
36.06 ,36.33 ,35.85 ,35.91 ,48745600.00 
36.25 ,36.26 ,35.63 ,36.09 ,50334000.00 
36.67 ,36.75 ,35.51 ,36.09 ,88731600.00 
35.92 ,36.57 ,35.76 ,36.22 ,98965200.00 
34.48 ,36.32 ,34.28 ,35.46 ,77914000.00 
35.00 ,35.01 ,34.11 ,34.56 ,60822800.00 
35.24 ,35.27 ,34.52 ,34.64 ,81599600.00 
34.92 ,34.95 ,33.93 ,34.26 ,68124800.00 
34.44 ,34.87 ,34.33 ,34.72 ,83660800.00 
34.26 ,34.56 ,33.81 ,34.00 ,101837200.00 
32.38 ,33.36 ,31.76 ,33.27 ,115603200.00 
33.53 ,33.72 ,31.89 ,31.93 ,127136800.00 
34.10 ,34.36 ,33.34 ,34.20 ,112070000.00 
32.39 ,33.60 ,32.35 ,33.58 ,108754000.00 
31.66 ,32.40 ,31.45 ,31.97 ,96262000.00 
30.01 ,32.61 ,29.98 ,31.63 ,193979200.00 
28.57 ,30.46 ,28.50 ,30.32 ,212909600.00 
25.75 ,26.23 ,25.67 ,25.74 ,84767200.00 
26.08 ,26.10 ,25.58 ,25.69 ,36524000.00 
25.84 ,26.04 ,25.69 ,25.97 ,22842800.00 
26.13 ,26.24 ,25.88 ,25.96 ,20978800.00 
25.80 ,26.16 ,25.65 ,26.06 ,33690400.00 
26.39 ,26.40 ,25.64 ,25.87 ,62997200.00 
26.18 ,26.71 ,26.11 ,26.66 ,30773200.00 
26.34 ,26.41 ,26.02 ,26.08 ,34824800.00 
26.08 ,26.50 ,25.90 ,26.41 ,31970000.00 
26.32 ,26.35 ,25.99 ,26.00 ,32700400.00 
25.89 ,26.33 ,25.67 ,26.18 ,38844000.00 
25.74 ,25.87 ,25.53 ,25.74 ,37182000.00 
25.21 ,25.45 ,25.09 ,25.42 ,34189600.00 
25.07 ,25.36 ,24.85 ,25.32 ,40401600.00 
25.00 ,25.25 ,24.85 ,24.92 ,38082800.00 
24.66 ,24.89 ,24.40 ,24.82 ,37011600.00 
24.00 ,24.81 ,23.95 ,24.81 ,49729200.00 
24.08 ,24.30 ,23.87 ,23.87 ,50689200.00 
24.53 ,24.67 ,24.28 ,24.33 ,41409200.00 
24.14 ,24.73 ,24.09 ,24.53 ,61814800.00 
25.09 ,25.16 ,24.40 ,24.44 ,75633200.00 
25.25 ,25.43 ,24.93 ,25.08 ,42906800.00 
25.06 ,25.31 ,24.60 ,25.19 ,63512000.00 
25.00 ,25.59 ,24.88 ,25.01 ,74704800.00 
25.85 ,26.11 ,25.08 ,25.20 ,127128000.00 
27.24 ,27.41 ,26.86 ,27.09 ,44523200.00 
27.25 ,27.47 ,27.10 ,27.23 ,44080800.00 
26.91 ,27.50 ,26.85 ,27.35 ,52553200.00 
27.00 ,27.12 ,26.81 ,26.83 ,34999200.00 
27.08 ,27.22 ,26.82 ,26.92 ,43244400.00 
26.40 ,27.10 ,25.90 ,27.06 ,50664400.00 
27.24 ,27.32 ,26.61 ,26.87 ,43950000.00 
26.94 ,27.14 ,26.67 ,26.77 ,53394000.00 
26.37 ,27.07 ,26.33 ,27.02 ,61676400.00 
27.19 ,27.49 ,26.40 ,26.48 ,91348400.00 
26.70 ,27.40 ,26.53 ,27.36 ,74856800.00 
26.13 ,26.53 ,25.95 ,26.52 ,111968800.00 
25.75 ,25.96 ,25.60 ,25.95 ,52310000.00 
25.56 ,25.75 ,25.08 ,25.64 ,61503600.00 
25.59 ,25.69 ,25.12 ,25.45 ,52201600.00 
24.89 ,25.56 ,24.88 ,25.46 ,77413600.00 
24.90 ,25.02 ,24.59 ,24.78 ,49974000.00 
24.48 ,24.86 ,24.35 ,24.64 ,47806000.00 
25.17 ,25.33 ,24.62 ,24.64 ,63871200.00 
24.42 ,24.88 ,24.29 ,24.68 ,60340000.00 
24.24 ,24.53 ,23.79 ,24.42 ,88356800.00 
24.64 ,24.69 ,24.06 ,24.61 ,86469200.00 
25.57 ,25.71 ,24.72 ,24.75 ,75433200.00 
25.95 ,26.09 ,25.28 ,25.70 ,50480400.00 
26.20 ,26.30 ,25.20 ,25.37 ,62536000.00 
25.55 ,26.25 ,25.39 ,26.10 ,71540000.00 
24.27 ,25.50 ,23.92 ,25.37 ,102990400.00 
26.38 ,26.60 ,24.92 ,25.12 ,159288800.00 
27.86 ,27.95 ,27.50 ,27.69 ,43377200.00 
27.06 ,27.81 ,27.06 ,27.77 ,55195200.00 
26.67 ,26.85 ,26.20 ,26.81 ,56374000.00 
27.35 ,27.36 ,26.42 ,26.81 ,64717600.00 
27.23 ,27.45 ,26.94 ,27.25 ,37302000.00 
27.00 ,27.54 ,26.57 ,27.20 ,85063200.00 
28.35 ,28.50 ,27.05 ,27.09 ,118072400.00 
29.98 ,30.17 ,28.15 ,28.41 ,165109200.00 
29.72 ,29.76 ,28.90 ,29.09 ,84256800.00 
29.60 ,29.83 ,29.09 ,29.65 ,44958000.00 
29.67 ,30.23 ,29.48 ,29.78 ,74622400.00 
28.50 ,29.33 ,28.50 ,29.33 ,50676800.00 
28.86 ,28.98 ,28.48 ,28.59 ,37274400.00 
28.33 ,28.93 ,28.01 ,28.85 ,48324000.00 
27.65 ,28.53 ,27.47 ,28.49 ,59000400.00 
27.24 ,27.51 ,27.05 ,27.30 ,36275600.00 
27.73 ,27.75 ,26.98 ,27.50 ,49600400.00 
27.48 ,27.97 ,27.21 ,27.94 ,47199600.00 
26.98 ,27.49 ,26.67 ,27.41 ,45880000.00 
27.26 ,27.33 ,26.58 ,26.95 ,52276000.00 
26.38 ,26.90 ,26.23 ,26.83 ,42805200.00 
25.95 ,26.48 ,25.92 ,26.27 ,36990400.00 
26.52 ,26.70 ,25.78 ,26.00 ,49202400.00 
25.77 ,26.62 ,25.75 ,26.29 ,64487200.00 
25.06 ,25.81 ,24.78 ,25.74 ,65442400.00 
25.75 ,25.80 ,25.14 ,25.28 ,58061200.00 
25.90 ,26.25 ,25.76 ,25.86 ,45782000.00 
26.06 ,26.17 ,25.41 ,25.86 ,62561600.00 
26.50 ,26.55 ,26.04 ,26.29 ,52566400.00 
26.95 ,27.30 ,26.41 ,26.62 ,88092000.00 
25.88 ,27.00 ,25.88 ,26.82 ,91624800.00 
25.71 ,26.06 ,25.30 ,25.78 ,82285600.00 
26.13 ,26.46 ,25.26 ,25.43 ,98429600.00 
25.85 ,26.38 ,25.38 ,26.10 ,119922000.00 
26.10 ,26.59 ,24.84 ,25.50 ,150199600.00 
27.84 ,27.98 ,26.58 ,26.68 ,121293200.00 
26.23 ,27.87 ,25.70 ,27.86 ,217536800.00 
29.90 ,29.98 ,27.17 ,27.31 ,229576400.00 
28.01 ,29.34 ,27.81 ,29.33 ,119427200.00 
26.59 ,27.46 ,26.57 ,27.45 ,64769200.00 
26.71 ,27.22 ,26.63 ,26.78 ,71861200.00 
26.41 ,26.49 ,25.93 ,26.46 ,57613600.00 
26.15 ,26.53 ,26.03 ,26.29 ,84805600.00 
24.92 ,25.61 ,24.75 ,25.41 ,74465600.00 
24.96 ,25.17 ,24.43 ,25.10 ,108952800.00 
24.23 ,24.99 ,24.15 ,24.68 ,74654800.00 
23.14 ,24.28 ,22.89 ,24.11 ,98398000.00 
22.52 ,23.07 ,22.51 ,22.79 ,38779600.00 
22.46 ,22.49 ,21.89 ,22.40 ,60133200.00 
23.55 ,23.57 ,22.68 ,22.96 ,38231200.00 
23.80 ,24.16 ,23.26 ,23.37 ,38154400.00 
23.21 ,23.83 ,23.03 ,23.77 ,48080400.00 
23.05 ,23.43 ,22.89 ,23.35 ,49879600.00 
22.50 ,23.15 ,22.25 ,22.97 ,60228400.00 
21.56 ,22.20 ,21.28 ,22.11 ,47829200.00 
23.03 ,23.04 ,21.19 ,21.91 ,103552400.00 
23.40 ,23.54 ,23.03 ,23.05 ,44050000.00 
23.50 ,23.61 ,23.13 ,23.31 ,44456800.00 
23.47 ,23.68 ,23.40 ,23.53 ,27873600.00 
23.61 ,23.78 ,23.35 ,23.54 ,19556400.00 
23.43 ,23.81 ,23.19 ,23.49 ,44323600.00 
23.33 ,23.43 ,23.09 ,23.41 ,33036800.00 
23.52 ,23.59 ,23.10 ,23.25 ,43643600.00 
23.10 ,23.58 ,22.95 ,23.34 ,57606000.00 
23.08 ,23.70 ,22.66 ,23.10 ,83298800.00 
21.83 ,23.14 ,21.59 ,22.91 ,98798400.00 
21.07 ,21.86 ,20.98 ,21.55 ,62609200.00 
22.02 ,22.05 ,20.91 ,20.91 ,134879600.00 
19.88 ,22.19 ,19.63 ,21.99 ,217534400.00 
17.87 ,17.88 ,16.69 ,16.94 ,86928000.00 
17.31 ,17.73 ,17.18 ,17.49 ,45653200.00 
17.89 ,17.94 ,17.63 ,17.79 ,42988400.00 
17.39 ,17.93 ,17.38 ,17.82 ,48758000.00 
16.88 ,17.18 ,16.65 ,16.89 ,32878000.00 
17.27 ,17.29 ,16.66 ,16.99 ,30966400.00 
17.40 ,17.63 ,17.16 ,17.19 ,29584800.00 
17.86 ,17.95 ,17.07 ,17.26 ,47322400.00 
17.70 ,17.91 ,17.69 ,17.79 ,25238800.00 
17.75 ,18.03 ,17.61 ,17.64 ,29085600.00 
18.18 ,18.21 ,17.60 ,17.67 ,38866400.00 
17.82 ,18.24 ,17.80 ,18.04 ,33379200.00 
17.65 ,18.08 ,17.56 ,17.97 ,39746000.00 
17.00 ,17.70 ,17.00 ,17.68 ,33983600.00 
16.87 ,16.92 ,16.73 ,16.89 ,27950800.00 
16.81 ,16.99 ,16.58 ,16.93 ,31208400.00 
16.54 ,16.70 ,16.46 ,16.62 ,19906000.00 
16.63 ,16.75 ,16.56 ,16.65 ,26937200.00 
16.50 ,16.65 ,16.38 ,16.40 ,19532800.00 
16.54 ,16.65 ,16.40 ,16.50 ,33063600.00 
16.41 ,16.45 ,15.93 ,16.34 ,39011600.00 
16.47 ,16.70 ,16.33 ,16.61 ,41992000.00 
16.72 ,16.75 ,16.41 ,16.53 ,38854000.00 
16.80 ,16.89 ,16.62 ,16.78 ,28787600.00 
16.95 ,16.99 ,16.67 ,16.71 ,28626000.00 
16.85 ,16.96 ,16.57 ,16.83 ,36021200.00 
17.22 ,17.40 ,17.00 ,17.06 ,30544000.00 
17.14 ,17.42 ,16.95 ,17.08 ,28162400.00 
17.13 ,17.38 ,17.08 ,17.11 ,24259600.00 
16.94 ,17.30 ,16.84 ,17.13 ,42993200.00 
16.67 ,16.90 ,16.51 ,16.85 ,33668400.00 
16.66 ,16.71 ,16.48 ,16.70 ,31978800.00 
16.02 ,16.66 ,16.01 ,16.64 ,40275200.00 
16.05 ,16.15 ,15.88 ,16.08 ,23004000.00 
16.28 ,16.32 ,16.17 ,16.24 ,27613200.00 
16.31 ,16.36 ,16.16 ,16.25 ,30873200.00 
15.82 ,16.25 ,15.82 ,16.22 ,33621200.00 
16.10 ,16.10 ,15.69 ,15.77 ,33111200.00 
15.88 ,16.32 ,15.80 ,15.92 ,41712800.00 
15.73 ,15.81 ,15.53 ,15.71 ,90244400.00 
15.13 ,15.69 ,15.09 ,15.67 ,51521200.00 
15.00 ,15.15 ,14.88 ,15.10 ,31904800.00 
15.15 ,15.33 ,14.88 ,14.97 ,47176800.00 
14.68 ,15.22 ,14.33 ,15.19 ,59826000.00 
15.49 ,15.58 ,14.75 ,14.88 ,69776000.00 
15.53 ,15.69 ,15.36 ,15.66 ,31580800.00 
15.73 ,15.81 ,15.46 ,15.55 ,39798800.00 
15.69 ,15.78 ,15.61 ,15.78 ,30681200.00 
15.82 ,15.84 ,15.46 ,15.63 ,32314800.00 
15.35 ,15.85 ,15.34 ,15.79 ,42849200.00 
15.44 ,15.48 ,15.29 ,15.34 ,38854400.00 
15.48 ,15.56 ,15.37 ,15.41 ,28554400.00 
15.57 ,15.63 ,15.47 ,15.50 ,27465200.00 
15.42 ,15.60 ,15.30 ,15.51 ,30002400.00 
15.49 ,15.50 ,15.19 ,15.38 ,40603200.00 
15.78 ,15.79 ,15.41 ,15.49 ,29844800.00 
15.76 ,15.83 ,15.68 ,15.73 ,33976400.00 
15.61 ,15.65 ,15.43 ,15.63 ,24474800.00 
15.52 ,15.68 ,15.45 ,15.57 ,29156000.00 
15.27 ,15.55 ,15.21 ,15.53 ,33168400.00 
15.65 ,15.69 ,15.17 ,15.29 ,59521200.00 
15.72 ,15.75 ,15.60 ,15.65 ,28765200.00 
15.78 ,15.88 ,15.53 ,15.75 ,57330400.00 
15.48 ,15.85 ,15.16 ,15.76 ,142574400.00 
14.71 ,14.99 ,14.68 ,14.93 ,68106400.00 
14.85 ,14.88 ,14.58 ,14.63 ,37574000.00 
14.76 ,14.87 ,14.69 ,14.72 ,37234400.00 
