Date,Location,Square_Feet,Bedrooms,Bathrooms,Age_of_Property,Nearby_Schools,Crime_Rate,Average_Income,Interest_Rate,Real_Estate_Price
2024-07-25 04:54:55.161224,Location_C,3824,5,2,48,3,33.362839583686565,77578.80517833418,2.499299697399991,1705241.7622799661
2024-07-24 04:54:55.161237,Location_A,4985,5,3,20,2,79.155820259137,33967.630251608476,3.485322496622829,783383.5663238288
2024-07-23 04:54:55.161240,Location_C,755,4,1,67,4,45.12941130292549,32427.089295824648,3.8748724530488095,1405745.2525752976
2024-07-22 04:54:55.161242,Location_C,2338,2,2,44,3,18.34421964034345,57433.73940607363,1.4424143954926434,694384.9752960181
2024-07-21 04:54:55.161244,Location_A,2444,5,2,33,4,85.49740195614743,78801.45844965863,1.1423609232259055,215720.53214684717
2024-07-20 04:54:55.161247,Location_A,509,3,3,73,3,88.25598767723473,43540.47400695378,4.9773212107428595,1432974.0046455904
2024-07-19 04:54:55.161249,Location_C,3371,1,1,61,2,46.63097561401701,74905.31368793763,1.9309133956622073,118672.3498825969
2024-07-18 04:54:55.161253,Location_B,1297,1,2,9,0,7.569972730978747,48187.96965582096,1.2153220996338363,877446.9161711283
2024-07-17 04:54:55.161256,Location_C,1515,1,3,68,2,38.782608991693124,92026.02761694614,1.75950131638368,725820.6116739439
2024-07-16 04:54:55.161258,Location_C,2324,2,2,35,0,80.35376594626034,92698.29609866315,1.1558313853938569,1417417.3231858197
2024-07-15 04:54:55.161261,Location_C,4969,4,3,81,0,90.17740285462287,50810.10429969286,2.5672435784686867,1555866.39824472
2024-07-14 04:54:55.161263,Location_C,3636,5,1,98,4,20.347274249759582,46099.562777426836,4.209607137805297,677779.8083454393
2024-07-13 04:54:55.161265,Location_A,2693,3,1,88,2,6.697361202527152,58791.27804463619,2.3649777990308825,1642091.3274452216
2024-07-12 04:54:55.161268,Location_C,723,3,1,96,3,87.73504531328386,46837.21096261041,2.776733627513466,658441.8449593742
2024-07-11 04:54:55.161270,Location_B,4658,2,1,65,2,38.94049389788753,77066.86903041926,3.702347094269755,948020.0839744663
2024-07-10 04:54:55.161272,Location_A,4425,1,2,8,4,54.176096426756324,87824.52791837999,3.0355762802795208,1481335.2013268545
2024-07-09 04:54:55.161274,Location_B,4500,2,2,45,0,96.80658120507589,77116.44916378519,4.445782744085297,1416548.4355270984
2024-07-08 04:54:55.161276,Location_B,2133,4,1,87,4,6.656472791422285,87704.53130745445,4.464142700183026,1976000.09739318
2024-07-07 04:54:55.161279,Location_B,2652,4,1,47,1,64.83180074520956,57789.45135452319,1.0396427819646146,527805.9460102706
2024-07-06 04:54:55.161281,Location_B,1010,5,1,40,1,7.410542257486707,40942.18794962026,4.112185225932796,1358404.0357252064
2024-07-05 04:54:55.161283,Location_A,884,5,2,76,3,37.54689284665004,81656.56631783146,2.8429344009666955,1258395.625723977
2024-07-04 04:54:55.161286,Location_A,904,4,1,54,4,80.38145451934467,55233.215359908776,4.955362165214652,1838687.0635310567
2024-07-03 04:54:55.161288,Location_B,2500,4,1,76,3,43.34722327556344,76988.95776603927,2.9329283035017406,397088.0691252626
2024-07-02 04:54:55.161290,Location_B,3256,4,1,46,3,99.71823539029504,48945.075938723596,4.94758378155319,1528416.5108151727
2024-07-01 04:54:55.161292,Location_A,2168,2,3,47,1,55.905928494660216,35686.07443646708,4.018277444822946,1179710.37091066
2024-06-30 04:54:55.161294,Location_A,1960,4,1,15,3,32.11621526359535,99480.72568414344,1.9944195384532253,621865.1525970203
2024-06-29 04:54:55.161297,Location_A,4136,3,3,19,1,22.011132590475313,40934.10555514195,3.1535799171478307,1001426.3368796308
2024-06-28 04:54:55.161299,Location_C,3224,1,3,26,0,35.05205342861618,99189.46957744367,4.968542557914331,734175.5344326159
2024-06-27 04:54:55.161302,Location_C,4678,4,1,52,4,37.25332737595508,98409.59527965132,4.430122431007694,1200695.4652980757
2024-06-26 04:54:55.161305,Location_C,2548,1,3,93,3,6.8713677723960975,85567.26727356279,1.3894675751648844,1789101.160547865
2024-06-25 04:54:55.161307,Location_B,4646,2,1,22,1,36.95741994267732,76159.60734573983,3.8254879872399843,1181679.4703831838
2024-06-24 04:54:55.161309,Location_C,1216,1,2,21,2,46.423851973922496,70446.49351757593,2.382318343483252,1300272.5948205097
2024-06-23 04:54:55.161311,Location_B,2323,2,2,51,3,72.27377522388046,90627.10817644843,1.0279290475213925,1085620.909517948
2024-06-22 04:54:55.161314,Location_B,2581,3,2,38,0,65.6729484721608,50260.76651336416,2.6139238761079984,197214.4622464042
2024-06-21 04:54:55.161317,Location_C,3919,2,2,20,0,70.87656552291543,62737.6848739414,1.9390176868998852,542431.258064579
2024-06-20 04:54:55.161319,Location_B,2074,2,3,29,2,0.8363681876857099,73357.29785565514,4.275477082081887,1034803.2859209572
2024-06-19 04:54:55.161321,Location_C,749,5,1,51,1,21.766739958053606,58783.33331086437,2.349322435383062,689447.039114939
2024-06-18 04:54:55.161323,Location_C,1173,4,1,4,3,66.16842883998565,59924.051786318756,4.310094775815268,445350.83574626903
2024-06-17 04:54:55.161326,Location_A,2665,4,1,55,1,48.398936817974715,53119.92672514591,1.0023917553391812,1057852.3996450328
2024-06-16 04:54:55.161328,Location_C,1270,3,2,71,0,0.5313475668345946,69496.22716791753,2.2312766001044766,713338.6075509156
2024-06-15 04:54:55.161330,Location_A,4462,3,2,92,1,80.44946424318223,89540.21696105812,1.9646608572310478,590404.522029488
2024-06-14 04:54:55.161333,Location_C,4863,4,1,28,0,77.28095732903374,44106.9864604419,1.934269444274444,981572.2931367236
2024-06-13 04:54:55.161335,Location_C,2484,5,2,4,1,54.841916299356264,95410.31271274091,1.2727464790618508,353240.090356129
2024-06-12 04:54:55.161337,Location_A,1577,4,1,22,2,6.646332577627212,78236.13576237607,1.748497081642007,1862716.892843274
2024-06-11 04:54:55.161339,Location_A,735,5,1,76,4,76.65150495325847,87629.12488760211,3.2221982795424795,1748633.986046554
2024-06-10 04:54:55.161342,Location_C,888,3,1,45,2,58.37135877313639,68933.34848410082,2.165444291350978,1444479.112907017
2024-06-09 04:54:55.161344,Location_B,3537,1,1,67,2,78.19599771579591,84566.16909968444,2.669579129316592,301806.2724180668
2024-06-08 04:54:55.161346,Location_A,2348,3,1,86,4,75.17469923958404,31134.027813762703,2.507467521388754,1574166.7834924168
2024-06-07 04:54:55.161348,Location_B,3314,3,1,66,4,80.30020719578371,87286.62973456745,4.503619699999579,1635118.923407136
2024-06-06 04:54:55.161351,Location_B,3874,2,1,88,3,51.80080664046248,32809.72013597566,4.621195996042061,1558752.7736572416
2024-06-05 04:54:55.161353,Location_B,3778,2,2,34,3,14.032451819351499,92293.93634540038,2.97182788662344,316535.1855265582
2024-06-04 04:54:55.161355,Location_A,1752,2,1,91,2,67.11574733796887,99437.39230670503,2.3206238012624176,1323425.118428753
2024-06-03 04:54:55.161357,Location_B,4481,2,1,55,2,62.04737850519706,50584.72235237445,1.4272028160094545,1685217.1119238574
2024-06-02 04:54:55.161360,Location_A,2622,5,2,1,0,74.22531871990871,44722.29894000555,4.81361151752838,1196971.4623173687
2024-06-01 04:54:55.161362,Location_B,2650,4,2,72,0,16.98810060507353,83575.43547006285,1.2409077796011898,1328174.012933369
2024-05-31 04:54:55.161364,Location_C,1829,1,2,87,3,19.497519990028923,47711.84386441772,2.1906011102731218,970890.6109099818
2024-05-30 04:54:55.161366,Location_C,1858,3,1,38,3,89.04095172193284,90589.36682205425,2.1922648046800166,1104543.9077797001
2024-05-29 04:54:55.161369,Location_A,2982,5,3,6,0,74.99777984520708,37198.98145102337,2.2816051445608596,165316.0308682779
2024-05-28 04:54:55.161371,Location_C,2517,1,3,86,0,90.82284887003229,38816.86374655508,1.657147373089637,1314029.7417492408
2024-05-27 04:54:55.161373,Location_C,1831,5,2,25,1,75.87153211639207,98540.60885704309,4.132645723694789,254749.70449320247
2024-05-26 04:54:55.161376,Location_B,4844,5,3,82,1,59.71553059903019,77168.72287890033,1.4899914478639569,926527.7292464244
2024-05-25 04:54:55.161395,Location_A,4761,3,2,17,0,65.41327370278736,89282.10571002669,3.539626636612651,656044.6855680748
2024-05-24 04:54:55.161398,Location_B,1858,4,1,61,1,88.91279239400099,52703.05641460626,1.4953841068232698,1136313.105402255
2024-05-23 04:54:55.161400,Location_B,3677,2,3,12,4,57.88067545119405,77353.86246644231,1.2821425503718262,353491.03749409347
2024-05-22 04:54:55.161402,Location_B,2628,4,1,6,3,63.239132432838744,71596.92791160182,4.6377180147435055,1414122.4637493046
2024-05-21 04:54:55.161405,Location_B,2680,3,3,90,3,15.647671600360058,72220.50840860629,1.7605150652748227,1610521.9201640936
2024-05-20 04:54:55.161407,Location_B,637,3,1,27,0,47.39212201161027,77777.2721676405,4.285000618238817,410373.45451199735
2024-05-19 04:54:55.161410,Location_B,3972,3,3,8,2,71.6397111958099,70275.1421190369,3.1785234844285433,298194.8659685761
2024-05-18 04:54:55.161412,Location_B,3332,1,1,83,0,27.09426983163654,60034.365851186616,1.3114260784350784,376479.41729598236
2024-05-17 04:54:55.161414,Location_A,4079,4,1,65,1,20.22541805245349,49314.58860663828,4.82179276575227,1766542.3676071533
2024-05-16 04:54:55.161416,Location_C,3531,4,3,57,2,31.382680822441557,83800.69316392415,1.98784466796757,1103559.5973370767
2024-05-15 04:54:55.161418,Location_B,4664,5,1,93,1,24.150062799283344,45839.070100223034,4.438581381410426,987795.892414255
2024-05-14 04:54:55.161420,Location_B,3093,5,1,99,4,21.491263703639586,78464.80143080899,1.6752400231382567,302752.45629447314
2024-05-13 04:54:55.161422,Location_B,4800,5,1,40,1,42.48508428680869,46333.29758545286,4.4157715285674115,1334156.4128382273
2024-05-12 04:54:55.161424,Location_B,4318,3,3,14,4,90.78385138835341,73773.11189681178,1.052915251621176,1749199.2246006709
2024-05-11 04:54:55.161425,Location_B,4638,4,3,35,4,50.705964673871826,82295.47869903201,3.0471218262779227,1673553.1517145606
2024-05-10 04:54:55.161427,Location_B,4323,3,1,48,1,18.792038081532304,45309.97222345774,4.077770317686227,1289503.9470635224
2024-05-09 04:54:55.161429,Location_C,4542,1,1,84,1,7.697166938087408,34196.03106029158,4.739182069971133,243029.5616381799
2024-05-08 04:54:55.161431,Location_C,2406,5,3,56,4,69.61561451379252,39168.16200959218,4.636808544825948,313554.35163442465
2024-05-07 04:54:55.161433,Location_B,1260,3,3,49,2,38.279876443638784,72419.78770897178,4.27849947819058,193687.07550866687
2024-05-06 04:54:55.161435,Location_C,3945,3,1,13,4,82.18309465853592,89461.24843580148,4.552765398645216,589210.5113356917
2024-05-05 04:54:55.161437,Location_A,1399,1,1,61,3,65.95107686407702,33149.7774864797,1.796878743348306,357756.7876047177
2024-05-04 04:54:55.161439,Location_B,4955,2,1,49,4,79.62414505413685,81390.58813291523,2.136737182846915,594091.2764796244
2024-05-03 04:54:55.161441,Location_A,3447,4,2,46,2,27.194603941844875,53892.30521650365,2.155874099684234,831610.3058660271
2024-05-02 04:54:55.161443,Location_A,2219,2,3,62,3,69.2358922461058,63496.985894366575,2.5082157240067953,1891667.2897351577
2024-05-01 04:54:55.161445,Location_B,780,5,2,8,0,26.406198469371876,95020.16848918959,2.573282681540755,1259714.513585215
2024-04-30 04:54:55.161447,Location_C,3766,3,3,43,0,93.90684794502916,53238.00533150918,3.178221298618702,1686450.1927976285
2024-04-29 04:54:55.161449,Location_A,2387,1,3,20,2,63.63742815333744,62573.58537576403,1.6395190534657655,1449667.8513534311
2024-04-28 04:54:55.161451,Location_B,3766,1,3,97,4,32.451180017534206,30957.769033247678,3.7649866551439573,313755.9480006003
2024-04-27 04:54:55.161453,Location_A,1166,4,3,90,1,26.951186229227265,35711.91040033869,1.670266157218026,1498248.7721105027
2024-04-26 04:54:55.161455,Location_A,4688,2,3,39,2,19.09265850716435,48101.41137943488,2.24123392841819,622687.8749623364
2024-04-25 04:54:55.161457,Location_A,1171,4,3,85,3,69.46409588937279,31949.65685747521,3.013380522424616,1314304.9092899421
2024-04-24 04:54:55.161459,Location_A,2469,3,3,49,3,21.87156129979273,74196.27282337757,4.185762246093909,747827.7499216782
2024-04-23 04:54:55.161461,Location_C,4656,4,2,64,0,59.53032659274891,59847.88497611358,3.957876932954909,1995577.3002028523
2024-04-22 04:54:55.161463,Location_A,3622,1,1,62,3,26.463502692535734,68370.16419096154,3.582137425642089,600747.8110438779
2024-04-21 04:54:55.161464,Location_A,4400,1,1,54,2,66.19689447938686,42225.30301274307,1.6230930423206806,630347.8944711124
2024-04-20 04:54:55.161466,Location_A,1023,5,2,9,3,81.49397285405392,50715.24206056313,3.188181382462311,1868277.2855685567
2024-04-19 04:54:55.161468,Location_C,2893,5,2,88,2,77.80252431446532,76467.71323969075,1.3497860071995418,146824.36880901307
2024-04-18 04:54:55.161470,Location_A,3617,3,2,37,1,76.08513309307817,97571.19065412799,2.509452707186603,1423709.076959074
2024-04-17 04:54:55.161472,Location_A,3093,2,2,49,0,18.772240569225207,33529.17415215464,2.6540661211598366,1478120.1423981683
2024-04-16 04:54:55.161474,Location_C,2468,4,3,41,3,8.838494698451871,92326.90245986862,1.1592457577830153,1689119.2970797587
2024-04-15 04:54:55.161475,Location_C,2253,3,1,17,2,69.89488284873856,70381.68409178458,2.0959523978798873,1951434.690213103
2024-04-14 04:54:55.161477,Location_C,2796,5,3,88,4,36.83472137943513,69474.36967289366,4.822597869065957,1953643.6463976395
2024-04-13 04:54:55.161479,Location_A,2761,4,1,21,0,43.23462264033473,65019.49746454322,4.814530431318758,224025.8393762814
2024-04-12 04:54:55.161481,Location_C,2786,5,1,51,1,3.1149092793391064,34857.586013292836,2.409308217010157,1661494.7132305147
2024-04-11 04:54:55.161483,Location_C,4702,4,2,59,2,25.95764492750492,36291.37962153125,1.1724004357932962,1327988.8739490246
2024-04-10 04:54:55.161485,Location_A,3378,2,3,39,1,3.3676403874464023,72063.84039613602,1.7163797573127262,1329950.0553088733
2024-04-09 04:54:55.161487,Location_C,4643,3,2,55,1,87.91857726012476,53867.10000048908,2.5688711737341605,343864.86056792014
2024-04-08 04:54:55.161489,Location_A,4144,4,3,41,3,24.339668321853047,94208.76466043765,4.791118791876919,1335355.6162467413
2024-04-07 04:54:55.161491,Location_B,4932,1,1,39,3,55.73371695730081,58461.33761516306,1.5647962541487397,1966716.9031423707
2024-04-06 04:54:55.161493,Location_C,2555,1,2,13,2,3.897932066113041,40029.70210918487,4.0540633746728485,1832455.2821249492
2024-04-05 04:54:55.161495,Location_B,1776,4,2,64,4,66.6847391305658,80030.31834514253,1.4347301574987683,934348.255529216
2024-04-04 04:54:55.161497,Location_A,3266,4,1,11,2,32.30273457540939,50534.73950087069,4.925030309565107,175901.14924357925
2024-04-03 04:54:55.161499,Location_C,802,4,1,19,4,89.79191869576658,66782.92151491252,2.52646599643654,788357.6310003892
2024-04-02 04:54:55.161501,Location_A,1138,1,1,11,1,88.81181889340358,78848.29498536189,4.100938155596224,1670141.592041055
2024-04-01 04:54:55.161502,Location_B,555,1,2,77,0,32.529061836174776,93018.48778414493,2.3703643312445273,1432848.2927838154
2024-03-31 04:54:55.161504,Location_A,1025,4,3,46,2,90.09608956904678,85453.38363611733,3.510675508635235,972752.9456285172
2024-03-30 04:54:55.161506,Location_C,4623,5,2,45,2,99.61576734987788,77345.27475109068,1.768064338960147,204692.91680177907
2024-03-29 04:54:55.161508,Location_C,2625,5,3,1,4,82.5415664123948,77574.32276766005,1.5840840771878502,911099.982864275
2024-03-28 04:54:55.161510,Location_B,3787,2,2,40,1,84.4871347755229,96214.72508224606,4.752256558272525,991147.3854639786
2024-03-27 04:54:55.161512,Location_A,864,3,2,19,1,24.90087361090899,50707.68682475752,4.670589111617733,1864255.5124988584
2024-03-26 04:54:55.161514,Location_C,2146,5,1,76,4,57.67023988577563,30077.84659373312,4.5498757608515294,1318063.596806103
2024-03-25 04:54:55.161516,Location_B,1418,1,3,72,1,6.725591396736785,49036.819157873906,3.501733800666374,692140.5416438329
2024-03-24 04:54:55.161518,Location_C,3297,5,2,72,3,9.491793682166971,45252.39657387208,4.233072844865113,1098104.7024563705
2024-03-23 04:54:55.161520,Location_C,2031,2,2,61,0,99.88926120332906,76328.42095797986,1.2761477476454997,225505.08486210415
2024-03-22 04:54:55.161522,Location_A,3845,2,1,12,2,32.663924942591095,74359.81198358703,2.3391561675627166,1947879.6477345
2024-03-21 04:54:55.161524,Location_C,2406,3,1,61,0,74.81839120488463,71542.29678933066,2.254812499028625,784113.8136683794
2024-03-20 04:54:55.161526,Location_A,3586,5,3,33,2,80.66650530268164,31137.041024661758,3.542581287810453,1007947.974334958
2024-03-19 04:54:55.161528,Location_C,2575,1,2,45,3,85.80232710072292,81014.46381154531,2.423831093882562,775039.551050153
2024-03-18 04:54:55.161535,Location_B,1213,1,3,90,1,99.76282974021565,52647.1288739844,1.5940271265747232,1396772.2872207803
2024-03-17 04:54:55.161537,Location_C,1562,4,2,92,4,24.149648525686786,76553.91923046418,3.385868301654175,1358241.1008262269
2024-03-16 04:54:55.161539,Location_A,2476,1,3,69,3,4.035082685969971,68960.48999515074,4.257535682676326,1459112.3900053578
2024-03-15 04:54:55.161541,Location_A,1796,3,1,8,0,41.1191517994586,53991.1647799535,2.5284939778398927,609472.1362626496
2024-03-14 04:54:55.161543,Location_B,625,3,2,25,4,13.008066982894695,39420.338697287545,1.5290748603939268,699770.1142117254
2024-03-13 04:54:55.161544,Location_C,4096,1,3,91,1,2.2425889162055124,36609.32283623367,1.7867527892512922,337977.3390827951
2024-03-12 04:54:55.161546,Location_C,3783,1,1,46,3,36.04268271414861,88206.28331785565,1.949933220677536,1345468.9465076139
2024-03-11 04:54:55.161548,Location_B,2103,4,1,87,4,78.37382510752364,94287.82794570905,2.199590371978145,175614.54193773985
2024-03-10 04:54:55.161550,Location_C,566,1,3,30,3,56.61806912250709,75485.16327350098,3.5711802820252365,1235596.4374945723
2024-03-09 04:54:55.161552,Location_C,732,4,2,47,3,31.277798921035405,37240.38804023384,3.403781938150876,1752422.1812181042
2024-03-08 04:54:55.161554,Location_A,2656,4,2,87,1,65.43420054927196,58141.90518217685,3.7843194462681566,1792581.0817503037
2024-03-07 04:54:55.161556,Location_C,1669,1,1,49,2,23.20181803088107,81025.744007361,2.4500079381260527,953171.7447029272
2024-03-06 04:54:55.161558,Location_C,2658,2,2,47,4,1.4381446072085025,84587.46188070477,4.295990607519913,972677.0076048402
2024-03-05 04:54:55.161560,Location_B,4706,2,2,84,1,76.43533864364274,38275.303560376204,1.816350644623041,246241.447715233
2024-03-04 04:54:55.161562,Location_B,1993,4,2,82,3,62.374308486400906,30002.15031917677,2.8761629900726158,1374453.5483417679
2024-03-03 04:54:55.161564,Location_A,4507,1,1,18,1,76.23026245009599,79849.59321164235,4.203754886165721,1660392.8987084064
2024-03-02 04:54:55.161566,Location_C,2972,2,3,66,2,3.893801668766561,54961.732319034396,1.720634590930477,564844.6037489548
2024-03-01 04:54:55.161568,Location_C,3160,1,2,68,4,83.71196278306522,47813.69321327822,1.4394524549631318,900471.6751033928
2024-02-29 04:54:55.161570,Location_C,3239,1,1,94,2,61.95262000363033,30902.82288526678,4.534735870751959,1693794.7398540135
2024-02-28 04:54:55.161572,Location_A,2261,1,1,33,0,56.33953507126401,67820.95847330499,2.3717186510367836,1766528.8885583472
2024-02-27 04:54:55.161575,Location_A,4014,5,3,36,4,62.46140481145316,89580.55147981872,3.735480499636128,562041.9625020293
2024-02-26 04:54:55.161577,Location_B,2475,1,2,82,2,86.4433246868364,97034.21523908115,1.101394417055754,1146084.205628592
2024-02-25 04:54:55.161579,Location_A,2862,5,2,19,3,58.69365065589071,69602.14654293025,3.7601875536377984,465736.9862080714
2024-02-24 04:54:55.161581,Location_C,1376,4,3,28,4,58.095037988817936,66012.29294179259,2.264405246187882,293569.6518651574
2024-02-23 04:54:55.161583,Location_C,4312,2,3,40,4,99.06791570657658,35953.946984246875,1.222963414349767,1831128.9526447193
2024-02-22 04:54:55.161585,Location_A,3948,2,1,84,1,75.6730167068568,68421.09610798198,3.439251046192468,1658964.2580410074
2024-02-21 04:54:55.161587,Location_C,1812,2,1,97,3,44.22938054511353,56598.535527577624,1.963215264292693,1544066.3134260303
2024-02-20 04:54:55.161589,Location_C,1960,2,3,76,0,70.73970000329277,72499.4696618504,2.54722896820752,192656.0057449668
2024-02-19 04:54:55.161591,Location_A,3209,2,2,15,2,38.92304716917885,57210.84435135827,1.3223232491460544,1703084.7061494892
2024-02-18 04:54:55.161593,Location_A,2824,2,1,41,1,22.8875462483499,46820.938641525674,1.5886530043797813,932283.7442202291
2024-02-17 04:54:55.161595,Location_C,2233,2,1,39,2,59.68518768877594,36647.569265986356,2.191908941983375,750550.7342621334
2024-02-16 04:54:55.161598,Location_C,2105,4,2,2,0,92.81820981139515,52044.291121222705,1.3590380022406285,1138305.0859482153
2024-02-15 04:54:55.161600,Location_C,3063,1,1,63,0,92.91395200154628,36765.13840014266,4.643305058745261,273571.16117475607
2024-02-14 04:54:55.161602,Location_B,3921,3,2,29,4,34.19052781054903,42382.786557678875,1.0241881727359137,1537628.4437695579
2024-02-13 04:54:55.161604,Location_B,4017,5,2,74,0,52.7677466221695,99113.53110056822,2.9354408754572456,1206626.6460877622
2024-02-12 04:54:55.161606,Location_B,2897,3,2,66,2,21.16358985698612,61087.2489834633,1.4929898325302058,454521.18405901827
2024-02-11 04:54:55.161608,Location_A,4235,3,3,51,3,99.56311094988834,67231.02365535116,2.230716357911794,457641.17956118664
2024-02-10 04:54:55.161610,Location_B,3370,1,3,75,3,98.11179078679358,91153.29701160507,4.704238239273062,450072.437988081
2024-02-09 04:54:55.161614,Location_A,1660,1,3,77,4,64.95089297074473,99689.82303434814,1.6467782130959474,208304.53634867456
2024-02-08 04:54:55.161616,Location_A,742,1,2,10,2,80.44140596774734,70790.0114541277,4.86332927887333,1216817.053806201
2024-02-07 04:54:55.161618,Location_B,3090,2,2,14,2,71.51001612837,86873.167473092,1.8231775079576868,1696661.5374181655
2024-02-06 04:54:55.161620,Location_B,1563,4,3,82,0,59.31582190394682,52885.87170356727,3.9662644338673183,133246.60657603835
2024-02-05 04:54:55.161622,Location_B,4824,2,1,51,2,5.3347996988897695,51402.07702131038,3.186709059589247,193108.82544541976
2024-02-04 04:54:55.161624,Location_C,3095,4,2,73,1,45.476434255266106,58189.260469619214,4.537914910387037,1188263.5257051971
2024-02-03 04:54:55.161626,Location_B,1419,4,1,39,0,67.47863021674105,77075.50838715544,3.2159730220125238,1657041.8022334995
2024-02-02 04:54:55.161628,Location_C,505,3,1,28,1,67.75316138836847,77753.41824785691,3.1382368766252347,720803.8920804039
2024-02-01 04:54:55.161630,Location_A,967,3,2,3,4,37.31226184223836,52066.76042546156,1.7818320014735995,764267.3577346721
2024-01-31 04:54:55.161632,Location_C,4670,4,2,84,3,94.16919866580305,39324.69468956401,1.664917448206635,1233058.3452438742
2024-01-30 04:54:55.161634,Location_B,503,4,1,70,4,16.7357032236781,74267.7379525856,4.665956604462057,621004.4893358792
2024-01-29 04:54:55.161636,Location_A,1145,2,1,27,3,50.03594462155606,38982.810353213514,2.3113527954001363,150555.89554759985
2024-01-28 04:54:55.161638,Location_A,617,2,3,2,4,69.08839765508228,70494.47557605311,2.4883290198515837,1496934.1843930325
2024-01-27 04:54:55.161640,Location_A,3428,3,3,93,2,69.71358058918092,78539.54896394163,4.039294633713554,1288734.834588761
2024-01-26 04:54:55.161642,Location_C,3051,1,2,38,1,64.86389567688155,79042.8047476116,2.3552939296912294,1203436.3982057523
2024-01-25 04:54:55.161644,Location_B,4789,4,3,3,3,27.528821345186017,82743.04774617177,4.808249786556011,1509199.845084464
2024-01-24 04:54:55.161646,Location_A,1346,2,3,16,0,15.620656868662197,91100.15950959652,3.951711075995201,1382938.5913678713
2024-01-23 04:54:55.161648,Location_A,3262,3,3,94,1,63.594032682671084,64997.12943753519,3.38971697029368,491175.7775388102
2024-01-22 04:54:55.161650,Location_A,1641,2,3,40,0,59.930211613943776,81117.44326706999,4.5235806421790095,769713.9891923672
2024-01-21 04:54:55.161652,Location_C,2310,4,1,2,1,17.935601028924097,73342.09147560857,1.198423633397931,339609.2691893875
2024-01-20 04:54:55.161654,Location_C,1223,4,2,81,1,70.51391455705634,43064.79578583778,2.028250768756835,346728.3254939739
2024-01-19 04:54:55.161655,Location_B,724,5,3,41,4,45.51719917336564,31798.275140858572,2.86014533688364,1384771.9180774246
2024-01-18 04:54:55.161657,Location_C,4708,1,1,12,3,66.7760591603153,49917.89699738537,1.907914157886084,1731340.2032667466
2024-01-17 04:54:55.161659,Location_A,2548,5,1,35,3,83.73670797701507,61012.35944363336,3.9756207492086078,1929191.9093361641
2024-01-16 04:54:55.161661,Location_B,4915,3,1,65,1,16.972842857692317,73197.41611000594,4.676832124214901,1293859.5233439442
2024-01-15 04:54:55.161663,Location_A,2073,2,3,55,2,1.9144867996836679,89497.15313522438,2.6950804797236936,449792.5143858183
2024-01-14 04:54:55.161665,Location_A,2328,3,3,45,2,77.91025863957867,43737.2001694316,2.36853040044758,300735.6563529683
2024-01-13 04:54:55.161667,Location_C,2417,4,2,79,0,60.96974251526159,38788.4852928934,4.846202928550265,1644416.8459198398
2024-01-12 04:54:55.161669,Location_B,4734,5,3,90,0,69.96395696221217,97443.59632320293,2.7794097313101633,1199637.3050839987
2024-01-11 04:54:55.161671,Location_C,2526,5,3,85,4,83.81549749886426,37563.1191563485,2.956193601797133,1274741.5399260677
2024-01-10 04:54:55.161673,Location_C,4244,5,1,62,1,80.28109348245005,63494.37490750324,2.4065994893676215,1584777.9686339477
2024-01-09 04:54:55.161675,Location_B,1401,3,2,49,0,96.09201469288247,70989.46101553112,4.6381938920485535,1436226.732691658
2024-01-08 04:54:55.161677,Location_A,2539,4,3,95,0,53.59350788521182,67896.20946352067,3.275821933127403,1685470.6804265836
2024-01-07 04:54:55.161679,Location_A,509,2,3,25,1,48.84956326599054,36022.25099230603,4.048698348726578,206806.42037376913
2024-01-06 04:54:55.161682,Location_B,760,2,1,23,4,40.18871998907301,33991.883980253355,4.247226873403545,1520289.2098183592
2024-01-05 04:54:55.161684,Location_A,2173,3,1,24,0,15.369104284420454,37383.8399222725,2.3673961676690327,1716620.2389119812
2024-01-04 04:54:55.161686,Location_B,2719,5,3,38,4,57.26072328820224,70991.13787108287,2.73477732528152,643656.5806707973
2024-01-03 04:54:55.161688,Location_B,2560,1,2,28,3,27.70125243259788,68104.14213440247,4.393887097625059,1316849.8205871803
2024-01-02 04:54:55.161862,Location_C,4213,3,2,21,4,92.13075122129754,46361.855442572094,2.453021406703241,696907.921290247
2024-01-01 04:54:55.161870,Location_B,2119,3,1,54,2,58.31908042770976,74644.1899291914,4.175740533807405,1920145.0263166626
2023-12-31 04:54:55.161873,Location_C,820,4,1,18,2,59.284018050811014,87404.72514389546,4.763969290297748,163504.78762745715
2023-12-30 04:54:55.161875,Location_A,1842,2,3,36,4,35.492466087701004,32910.527189261564,3.492841492272028,1201606.4032826147
2023-12-29 04:54:55.161877,Location_A,2876,3,1,99,2,5.198935197770749,64869.09604836297,3.9665091498075555,416356.7393940787
2023-12-28 04:54:55.161879,Location_A,3332,3,3,45,3,3.174376537298862,78251.72884718832,4.2203892481645395,1453218.3898366014
2023-12-27 04:54:55.161882,Location_A,3324,5,2,73,1,42.33351441531975,47661.83489487809,4.38015859558657,434191.53849545796
2023-12-26 04:54:55.161884,Location_C,2494,5,2,53,2,8.456537809723786,51543.96337052043,2.580213351427184,547228.1976068794
2023-12-25 04:54:55.161886,Location_A,3458,1,3,30,2,60.68469555401391,72954.65320925687,1.2050538367039927,1039304.5409869404
2023-12-24 04:54:55.161888,Location_B,2538,4,1,60,4,88.09730056396575,92855.47054106159,2.607505084946958,1838186.4049940684
2023-12-23 04:54:55.161890,Location_B,3990,1,2,98,3,88.29148165187222,86694.70942120295,3.695024919136359,502257.3070811446
2023-12-22 04:54:55.161893,Location_B,4177,5,1,32,1,65.90454101322324,70819.11533697085,2.801401543123171,374056.0401243967
2023-12-21 04:54:55.161895,Location_C,1618,2,2,67,4,21.1231831472931,81115.52024300744,3.995852603441594,1542055.9805226582
2023-12-20 04:54:55.161897,Location_A,2104,5,3,67,4,86.29968313588721,55537.572914545904,2.4279297178746555,1051177.111434469
2023-12-19 04:54:55.161900,Location_A,4527,4,3,28,3,88.60934353132082,74867.58696691305,3.538976564416118,1832391.7135253656
2023-12-18 04:54:55.161902,Location_A,735,5,3,44,1,19.66535849529587,62632.71137892899,1.7456792194158983,378567.65860370034
2023-12-17 04:54:55.161904,Location_C,2469,4,2,79,3,73.74260857706773,43295.529552029264,3.9974777465798277,1327262.9967437747
2023-12-16 04:54:55.161906,Location_B,4929,4,1,41,1,28.651954892712293,79121.679171408,3.1827838752521034,542470.3776884486
2023-12-15 04:54:55.161908,Location_B,2408,4,1,63,3,80.26403123529296,68952.52461441755,1.8162575541864023,397844.8144381147
2023-12-14 04:54:55.161911,Location_A,875,4,1,23,4,99.72378999036027,55103.5107367514,2.167644693991229,1398515.888798814
2023-12-13 04:54:55.161913,Location_B,4030,4,2,75,4,3.0026005329392813,93793.74330550415,3.9944348343273295,1228000.777826593
2023-12-12 04:54:55.161915,Location_B,3135,2,2,48,0,89.73658657909318,31465.388247871328,2.9304049426460828,1534172.1708884293
2023-12-11 04:54:55.161917,Location_C,2070,1,2,32,2,62.26305335986581,52104.12058746472,1.8641257615722888,687978.8952477465
2023-12-10 04:54:55.161919,Location_C,3060,3,2,57,3,97.33826191648211,33981.69784443526,4.86908476148119,951146.1471261609
2023-12-09 04:54:55.161923,Location_C,3891,1,2,33,0,46.50095175264276,83656.9121355139,3.8605000792675517,870396.1850277951
2023-12-08 04:54:55.161926,Location_C,3465,4,1,24,2,84.73879305713737,79147.52178796548,4.828539330159185,1969769.981536377
2023-12-07 04:54:55.161928,Location_A,4143,2,2,39,3,6.239406859827723,53194.65531154219,2.708420181441373,655273.017804837
2023-12-06 04:54:55.161930,Location_C,4350,5,2,34,1,33.527905007829574,77296.40315449511,2.900401362766882,660152.752858857
2023-12-05 04:54:55.161934,Location_B,1372,2,1,56,2,6.701653775120997,57715.60583371649,4.591820864740077,773641.596774354
2023-12-04 04:54:55.161936,Location_A,1752,4,2,28,4,97.53431334790706,82937.7653995704,3.1001973609815385,1172728.7544516108
2023-12-03 04:54:55.161938,Location_B,1814,2,1,37,0,81.69739072718367,61792.856391569425,3.8291156476226687,579413.2141011159
2023-12-02 04:54:55.161940,Location_B,3398,2,1,7,2,85.25474212459704,58859.58094821659,2.00869150998212,1839050.8867206203
2023-12-01 04:54:55.161942,Location_B,577,4,3,68,2,93.79652314338942,95431.09408418107,2.786905874810562,604802.5732459007
2023-11-30 04:54:55.161944,Location_C,3121,2,3,37,4,8.510348611978536,47561.536992349014,1.4937994632414204,1802049.8899643698
2023-11-29 04:54:55.161947,Location_C,4727,3,3,56,3,38.55975925133334,38431.31379975958,1.8239201435078467,296602.62092851085
2023-11-28 04:54:55.161949,Location_A,1100,3,3,65,1,7.103488904400212,70918.01792816207,1.0037736610705243,1347469.1345593394
2023-11-27 04:54:55.161951,Location_A,1565,2,2,65,4,21.07931015500286,97852.52685989252,1.157060206594641,1823272.485032663
2023-11-26 04:54:55.161953,Location_C,2636,5,3,47,1,22.936577703767234,56448.74496090307,4.909135292707717,420623.9329566361
2023-11-25 04:54:55.161956,Location_B,2949,4,1,20,3,46.91072110475787,34342.57345401471,1.9694147805470492,1939821.2241885846
2023-11-24 04:54:55.161958,Location_A,2843,3,2,19,2,26.856216745364257,53751.368711669726,3.653242838016008,960478.3847894722
2023-11-23 04:54:55.161960,Location_C,2363,5,3,29,1,10.09781068177611,65415.21580236909,4.356398795198446,1896858.7060379465
2023-11-22 04:54:55.161962,Location_C,1818,2,1,74,0,16.749108909410772,41334.61046425496,3.202641836946257,1385958.0828970892
2023-11-21 04:54:55.161964,Location_C,4097,5,2,60,0,14.727556355209092,76067.15526395445,1.6125780003358248,673015.052759748
2023-11-20 04:54:55.161966,Location_B,4262,1,2,18,4,97.30767979122983,99842.45723071405,3.9124657493446655,457774.7973425022
2023-11-19 04:54:55.161969,Location_C,2690,3,3,92,3,75.92925069184736,61621.763318701065,3.401005640398332,677096.5878276889
2023-11-18 04:54:55.161971,Location_C,1492,2,2,35,4,96.7761465269562,54830.99897111488,3.9250023573895003,276733.0775990825
2023-11-17 04:54:55.161973,Location_C,3212,4,1,43,4,43.974048650790856,58049.291678412665,4.078986491428349,373349.13605232653
2023-11-16 04:54:55.161975,Location_C,2692,2,2,95,4,27.83684816626566,38060.23248766408,4.90164147073898,298854.83665831416
2023-11-15 04:54:55.161978,Location_A,1748,4,1,91,0,79.82931972091866,91829.15209983566,3.29425312010684,903592.7331089597
2023-11-14 04:54:55.161980,Location_A,3554,2,2,11,0,32.62539180411468,59037.79588649464,2.3665644507624073,1611598.9148894143
2023-11-13 04:54:55.161983,Location_C,4533,5,3,49,4,29.93833737053483,57109.20879973889,3.5938582276009483,368628.7530110464
2023-11-12 04:54:55.161985,Location_B,2497,5,1,38,0,23.25059922078312,76178.31910513321,1.2737628369705045,347608.82302743813
2023-11-11 04:54:55.161988,Location_A,4187,5,2,64,3,12.967897822423534,60942.33946517865,4.589589273286345,1322515.0040829284
2023-11-10 04:54:55.162001,Location_C,2651,1,2,69,4,25.646306101676597,75376.34281654922,1.4775240453527871,474647.6657393259
2023-11-09 04:54:55.162003,Location_A,4518,4,2,8,0,35.53197484738877,34301.240309155124,2.311371351543273,285459.07240708405
2023-11-08 04:54:55.162006,Location_A,3610,5,1,34,1,67.39942081457303,86960.63406055592,4.262981522504484,417012.2985905975
2023-11-07 04:54:55.162008,Location_B,2470,1,1,48,4,6.256484221945158,95835.27670155818,3.3892495133228473,1855089.6521658746
2023-11-06 04:54:55.162010,Location_C,697,4,1,56,4,21.050693966534297,75413.57703115701,2.5745420811097683,1660795.3802747626
2023-11-05 04:54:55.162013,Location_C,3126,2,3,76,3,80.90236402916764,96819.61502011675,2.8937426375000856,772722.6684746788
2023-11-04 04:54:55.162015,Location_B,1702,1,3,65,2,14.692192358377076,40600.26200589743,4.418189572808721,1346059.4579220463
2023-11-03 04:54:55.162017,Location_B,2535,3,1,31,2,34.26451465225215,63419.13326362476,2.3600175442395686,1120823.7799692722
2023-11-02 04:54:55.162019,Location_C,977,1,2,4,3,86.46589218581401,72126.47137618132,4.478598739248685,1386536.1006168714
2023-11-01 04:54:55.162021,Location_C,1754,1,3,50,3,15.492531114344265,70721.56531948307,1.352537723906766,1397075.1896792427
2023-10-31 04:54:55.162023,Location_B,1422,4,1,69,3,8.27368356181899,58102.32453623303,4.107193748834523,1294594.6286139865
2023-10-30 04:54:55.162026,Location_A,919,2,2,30,2,48.45379950800108,53665.9086556383,4.390190532218945,605592.6002208863
2023-10-29 04:54:55.162029,Location_A,2704,3,3,88,3,30.24195112785364,38877.681578529315,1.727270611349355,174112.19944935443
2023-10-28 04:54:55.162031,Location_B,3097,5,2,59,0,56.34083644838541,57421.971539359474,2.7213861294888018,965576.8857812068
2023-10-27 04:54:55.162033,Location_A,1620,5,2,67,4,80.38048904834751,41386.25705738396,1.6619990986546225,1792850.3809123372
2023-10-26 04:54:55.162035,Location_B,3568,1,2,75,4,13.714848815274316,81405.5973544553,3.826416515976871,1182044.7911852943
2023-10-25 04:54:55.162038,Location_A,1450,4,2,45,1,58.0699084554285,44618.1654846213,3.141391072246627,1681542.979233625
2023-10-24 04:54:55.162040,Location_A,2836,4,3,4,1,50.550876038986395,34099.57136991737,3.541293386833284,1984086.2516263335
2023-10-23 04:54:55.162043,Location_C,2743,5,3,26,4,14.407878601319958,68665.6296472064,1.7859478678248446,410870.7878627249
2023-10-22 04:54:55.162045,Location_C,3145,3,3,27,0,62.39984855289824,71666.08129035811,1.846983448209678,1414377.5143697665
2023-10-21 04:54:55.162047,Location_A,2357,2,1,46,2,27.364041786077166,91033.91428963539,1.1659893020396255,1381157.7900300468
2023-10-20 04:54:55.162049,Location_A,2365,3,3,64,2,48.78343185440125,70388.71286923773,2.288270140782919,1961915.349980729
2023-10-19 04:54:55.162052,Location_C,3412,2,2,91,0,8.227232427706188,54183.659760641196,3.2389786453347,1972641.3945103206
2023-10-18 04:54:55.162054,Location_C,3353,5,3,51,2,45.958405721362304,86210.83170684244,4.431739655989315,1404689.362275846
2023-10-17 04:54:55.162056,Location_C,3728,2,2,50,3,30.646346804282032,67819.52252311946,3.667709789834723,562868.1047661691
2023-10-16 04:54:55.162059,Location_B,4219,4,1,6,4,82.23812111853543,35549.619924183426,2.7415852935990057,1617256.0924481382
2023-10-15 04:54:55.162061,Location_A,3728,1,2,59,4,5.697872699736828,69609.53922192726,4.812480457576552,303355.3550009724
2023-10-14 04:54:55.162063,Location_C,2871,1,2,15,0,41.860727491832996,93561.29817951637,3.8769808023033274,1583328.6779260945
2023-10-13 04:54:55.162066,Location_A,3391,5,2,30,2,45.8431424131438,57741.883784875434,4.7206608114502,1829372.635874923
2023-10-12 04:54:55.162068,Location_B,4256,4,1,42,1,72.50060762991187,50742.80613298601,3.1103518930886627,827383.450060027
2023-10-11 04:54:55.162070,Location_B,4725,3,3,37,1,57.428757509021096,40042.8619912614,2.0356170991725584,1298207.060467853
2023-10-10 04:54:55.162073,Location_C,594,4,3,42,2,66.72123371941811,40601.18653547501,1.211306745458888,917271.19098397
2023-10-09 04:54:55.162080,Location_B,3174,1,1,35,1,77.7049285651756,60294.003903927325,3.904339405935402,931753.6044774441
2023-10-08 04:54:55.162083,Location_A,2455,1,2,87,0,86.22029736581888,71697.58769130707,1.4852119920221365,689704.6893054281
2023-10-07 04:54:55.162085,Location_C,1293,4,3,6,0,31.38754967224705,35643.078361872125,2.2111005130878687,1548046.2788556167
2023-10-06 04:54:55.162087,Location_A,2334,4,1,68,2,53.802270536390296,95769.8012317616,3.1298836315355896,1878735.4719163598
2023-10-05 04:54:55.162090,Location_A,2616,1,3,18,1,84.01080784391999,82859.3532211637,3.2576663511189907,1887426.632545476
2023-10-04 04:54:55.162092,Location_B,4606,3,1,73,0,98.94511309650565,71063.67427985638,3.402332787948544,432084.4412623743
2023-10-03 04:54:55.162095,Location_B,3825,5,2,29,0,88.95193110437631,87990.70696572936,1.6650213213988025,1762012.9343474754
2023-10-02 04:54:55.162097,Location_B,3419,5,3,77,3,37.14672626243768,35613.07297684793,2.518949619286595,1501119.738711532
2023-10-01 04:54:55.162100,Location_B,3097,4,1,59,3,19.516651721865042,63378.72144131871,3.468776908467867,580391.0613115495
2023-09-30 04:54:55.162102,Location_B,3705,5,3,47,0,48.93925374065887,74106.51888031643,4.8792754585351386,227840.76455087765
2023-09-29 04:54:55.162104,Location_C,1314,1,3,17,2,74.16414518360422,88005.70342828025,3.9105245507987547,609194.8070803182
2023-09-28 04:54:55.162107,Location_A,845,1,3,96,4,49.25690707532976,84842.86920344873,4.690415028375831,1833195.6498848987
2023-09-27 04:54:55.162109,Location_A,2849,4,3,22,4,48.31808633136685,49394.84747993798,4.048848233256708,1303039.4823019675
2023-09-26 04:54:55.162127,Location_A,862,4,1,68,0,83.82304210818006,95861.6118691443,3.3668678755696018,1470003.8557059565
2023-09-25 04:54:55.162129,Location_A,2943,4,2,69,0,36.14037790671863,38704.20890016093,1.7680934765453782,588589.467107282
2023-09-24 04:54:55.162132,Location_B,2765,3,1,37,0,85.97946748116456,91259.35330348065,3.666742607570052,1466837.4955921585
2023-09-23 04:54:55.162134,Location_A,2688,5,1,49,2,40.680480095172356,97965.8174723233,3.4935182638396283,153430.86192805515
2023-09-22 04:54:55.162136,Location_C,3505,4,1,13,3,32.82331056783394,42400.74662558379,3.409876681829066,813110.5569687262
2023-09-21 04:54:55.162139,Location_C,3781,2,2,34,0,45.3989911199699,80544.62449426498,2.959143471952963,1290831.3622304294
2023-09-20 04:54:55.162143,Location_A,1484,2,3,86,0,76.24469586748684,32819.98631445989,3.1146264159571024,377583.47452850844
2023-09-19 04:54:55.162145,Location_A,2139,1,3,53,1,12.600202786399429,58379.59775974085,2.3377701084724163,1663706.791449176
2023-09-18 04:54:55.162147,Location_C,1327,5,3,87,2,19.64192158720174,66139.83094383718,3.0772507705692127,546559.4677426454
2023-09-17 04:54:55.162150,Location_C,3230,4,2,51,0,95.1444825663092,70645.1658136744,1.790223622713913,1339334.114355048
2023-09-16 04:54:55.162152,Location_B,4031,2,3,3,1,17.54916273813574,95515.60737739917,4.220697589441507,869874.5708931264
2023-09-15 04:54:55.162154,Location_C,4951,5,2,42,4,56.77273179310546,77057.54811059363,1.7431078187948312,1232482.8314075295
2023-09-14 04:54:55.162157,Location_B,3435,1,3,98,0,57.931446666193786,63689.45658534659,1.3398651595578657,304156.04999492544
2023-09-13 04:54:55.162159,Location_B,4376,3,3,32,0,48.96244620502448,86677.25253861226,2.7449841054286295,132134.3198510539
2023-09-12 04:54:55.162161,Location_B,626,5,1,51,1,64.47452485768186,96537.29746680862,3.6332297580242474,1828172.4120225722
2023-09-11 04:54:55.162163,Location_B,3677,5,2,85,2,22.982672579761843,31544.63040776036,2.7508672997341654,612297.0166576473
2023-09-10 04:54:55.162166,Location_B,3556,3,1,46,0,55.266226777674824,98776.4890579227,2.1070165278052344,1657386.3052828722
2023-09-09 04:54:55.162168,Location_A,1103,5,1,21,4,37.21732552468971,36029.249734457626,3.232684735561763,1998765.5708971804
2023-09-08 04:54:55.162170,Location_C,3949,1,1,44,0,66.1667259629189,87007.0745488133,2.3880093416487997,501719.3901979312
2023-09-07 04:54:55.162173,Location_B,4646,1,2,11,4,14.122354337314945,49623.432678598874,4.731470760506532,603824.4082483756
2023-09-06 04:54:55.162175,Location_C,4033,3,2,68,3,57.08774168394763,39252.57604277102,4.690580558414288,1359433.5965058648
2023-09-05 04:54:55.162177,Location_C,3867,4,3,1,3,18.52703553833237,60789.89477996844,3.009487279888382,1934352.4057411803
2023-09-04 04:54:55.162180,Location_B,3868,2,1,92,4,27.86430631150364,75076.96056133295,2.311535976073034,1840047.2615624135
2023-09-03 04:54:55.162182,Location_A,4297,4,3,63,2,21.87098003235832,56666.629151643254,3.9485296558265564,1055463.4881246113
2023-09-02 04:54:55.162184,Location_B,2292,5,1,24,0,18.28377798688171,33819.578579788926,1.1468517739322666,1610709.5368007768
2023-09-01 04:54:55.162187,Location_A,3361,2,2,99,0,82.5710951560667,71962.27977611017,2.899076024174605,357917.120889812
2023-08-31 04:54:55.162190,Location_C,3976,3,2,13,3,28.570756766089033,93168.22932774722,2.345293577081334,1957132.5499876235
2023-08-30 04:54:55.162192,Location_A,3917,3,2,98,4,92.71237818644494,56825.075616307615,4.682143540410219,1932271.1446683744
2023-08-29 04:54:55.162195,Location_A,2145,2,1,11,0,96.99265253451908,45143.29443415789,1.0480121090907302,411085.0199704248
2023-08-28 04:54:55.162197,Location_A,1705,1,2,51,0,57.126046993709735,60980.414215297074,3.2112595028733963,668903.9371259026
2023-08-27 04:54:55.162199,Location_C,3530,2,1,17,2,14.30011226657264,33385.38977341466,3.962654324266504,290294.4952628572
2023-08-26 04:54:55.162202,Location_C,3372,5,3,99,1,37.45482433795813,87434.13091361924,2.940071950096165,616263.4379065414
2023-08-25 04:54:55.162204,Location_A,3572,1,1,82,3,79.7732263348214,87843.85676651307,1.3416121206508866,1650315.9998888925
2023-08-24 04:54:55.162206,Location_A,2354,3,3,86,3,36.739072869707044,71160.03244007399,4.889845560111609,818799.653613993
2023-08-23 04:54:55.162209,Location_B,4521,2,1,24,1,8.701721830278874,54717.20222568726,3.0720417255043917,267954.2375788409
2023-08-22 04:54:55.162211,Location_A,3208,4,3,19,0,55.678491092818795,85984.83551120484,3.4567449772760455,750228.4970799186
2023-08-21 04:54:55.162213,Location_B,4002,4,2,37,2,84.51208514960348,68828.0917351857,1.9464391308300293,1964628.3350584323
2023-08-20 04:54:55.162216,Location_A,1832,5,3,85,2,79.59263871435024,87815.26159850114,2.9339923404272152,1296398.8309924856
2023-08-19 04:54:55.162218,Location_B,701,4,2,8,3,17.512314013035322,74202.11548081145,2.7165979678332874,890705.7981716997
2023-08-18 04:54:55.162220,Location_C,4007,2,2,28,2,67.27646144124667,84908.3831248958,1.299583368007935,416423.175644813
2023-08-17 04:54:55.162223,Location_A,4712,2,3,5,1,22.05042634356471,71899.40952524319,1.424641414189869,1973735.91483902
2023-08-16 04:54:55.162225,Location_A,1074,4,1,17,0,21.820753455217222,58989.874775096636,4.349890078475099,1659613.1175999446
2023-08-15 04:54:55.162227,Location_A,1036,2,1,36,1,87.40717733051852,97056.21019482963,1.959279808826361,634806.8746567469
2023-08-14 04:54:55.162230,Location_A,2125,5,1,19,4,24.966895274023017,67877.96774151913,1.7798330859945222,233130.52187025995
2023-08-13 04:54:55.162232,Location_B,2622,1,1,64,3,26.32473465180112,72356.26629783769,3.019645805000557,207588.55901736027
2023-08-12 04:54:55.162234,Location_A,885,5,1,91,2,0.06533907612995549,45434.134759032444,4.074988525450052,328718.48406051425
2023-08-11 04:54:55.162237,Location_C,3781,5,2,98,4,87.06690341255177,73795.55525990935,1.2477860743159517,1203460.3088674012
2023-08-10 04:54:55.162253,Location_C,974,2,1,11,2,79.25948132091347,70012.53546380607,3.3072316785530234,1864650.5002904355
2023-08-09 04:54:55.162256,Location_A,917,1,2,54,0,62.7328935090678,42938.68785629175,1.4768417713622934,1043812.5132113706
2023-08-08 04:54:55.162258,Location_C,4100,2,2,45,0,75.02657639388423,34171.09681472006,1.1458442033024738,1701596.4166667745
2023-08-07 04:54:55.162262,Location_A,1454,3,2,47,0,15.20485674244918,72305.15238003398,1.2109758086488696,947184.5777336349
2023-08-06 04:54:55.162264,Location_A,1705,2,3,12,2,45.832359458757544,83458.45885452244,4.336656432833765,1446308.7369588679
2023-08-05 04:54:55.162266,Location_C,4620,2,3,21,4,35.121938734878086,66638.09596454058,1.4718899345122463,1490558.2008443517
2023-08-04 04:54:55.162269,Location_A,2490,2,2,11,0,9.37765262570165,45874.0837723752,1.1806054576491678,430531.0412163434
2023-08-03 04:54:55.162271,Location_C,4072,1,3,92,4,48.61304852149241,76656.53836851244,2.751599548571649,786310.5120540423
2023-08-02 04:54:55.162274,Location_B,4880,2,1,5,2,92.07396503426354,35607.400862672155,4.375973887768099,1310874.0974222454
2023-08-01 04:54:55.162276,Location_A,4658,1,1,81,4,4.005911905069448,60928.359336136826,2.0496335059572077,234323.55555029574
2023-07-31 04:54:55.162278,Location_B,3213,4,2,56,2,29.14609134937939,41435.673087889416,2.6868504701036655,786926.3567496175
2023-07-30 04:54:55.162281,Location_C,2703,3,1,20,2,20.754093620570345,42912.13357419184,1.159690130255005,1116118.9859342657
2023-07-29 04:54:55.162283,Location_B,3620,1,2,41,3,23.81466536656963,44160.576441074256,2.7963140565395035,1992826.5367848135
2023-07-28 04:54:55.162285,Location_B,1466,4,2,46,2,90.84345518793752,57069.49399307845,3.3104523225485347,1001613.7689826374
2023-07-27 04:54:55.162288,Location_C,3932,1,1,12,2,46.806905423429015,33580.51439342783,3.283628215008579,1650507.8385172149
2023-07-26 04:54:55.162290,Location_B,1188,1,3,70,1,46.62994129398188,57845.54086503688,2.3297067686974606,920927.8416265737
2023-07-25 04:54:55.162292,Location_B,4743,3,1,17,0,76.05756424552823,65819.52129802905,2.262132722652542,1613142.372977447
2023-07-24 04:54:55.162295,Location_C,4201,5,1,19,3,15.44922040049258,63830.59994764277,1.4264944757463915,1231288.1230782059
2023-07-23 04:54:55.162297,Location_B,841,5,2,26,3,48.72653541000508,56794.88702821284,2.4671932825850735,1784531.338854557
2023-07-22 04:54:55.162299,Location_C,2224,1,2,48,3,42.99852141210597,88740.26256495267,1.3979786754918586,880790.8494652088
2023-07-21 04:54:55.162302,Location_B,4922,2,2,52,1,59.69106905466561,40172.868469435285,4.0663837788482065,1248178.3976608098
2023-07-20 04:54:55.162304,Location_C,2292,4,2,96,2,99.95577032504386,65398.772064696175,4.865097190992744,1297035.493175772
2023-07-19 04:54:55.162306,Location_C,2259,2,3,70,0,76.9448894082047,34342.8991869588,4.880297826666828,893027.5894208993
2023-07-18 04:54:55.162308,Location_B,3712,2,3,55,4,39.78657030174272,34980.897521453684,4.460284397501575,374192.88300621486
2023-07-17 04:54:55.162311,Location_B,1489,1,3,75,2,82.75530522740469,70170.60947739673,3.4031685973584764,277762.8731334376
2023-07-16 04:54:55.162319,Location_B,2762,1,2,33,1,17.070836331248017,69621.28974214746,3.8034627889755197,131675.9461393029
2023-07-15 04:54:55.162321,Location_A,2982,1,2,62,2,3.0463686308960125,91462.34589911198,2.1408232107216563,1759715.1020659078
2023-07-14 04:54:55.162324,Location_A,1451,1,2,88,2,20.444837246427305,69051.15729620511,3.5230816806904826,549302.3332535196
2023-07-13 04:54:55.162326,Location_A,1222,5,3,23,1,34.041155611425964,97185.37142833951,2.82259819775951,501862.8236353593
2023-07-12 04:54:55.162328,Location_C,3889,1,2,15,3,51.05807574595599,33408.639387995085,2.92806935910773,1498467.2608095245
2023-07-11 04:54:55.162331,Location_B,2579,5,1,27,3,61.51291405411998,36860.537934651875,4.031106241500632,708030.6148660444
2023-07-10 04:54:55.162333,Location_C,3217,5,1,75,0,91.06057172144217,33084.6103099267,2.1276734223890066,1061484.9155824895
2023-07-09 04:54:55.162335,Location_A,2832,1,2,64,0,50.98540095504577,42969.3795233478,2.2721584467780795,408771.02406516694
2023-07-08 04:54:55.162338,Location_B,3876,3,1,81,3,50.127564462572934,67888.90776591747,4.698567164514547,1923516.8707777415
2023-07-07 04:54:55.162340,Location_C,2000,4,1,51,4,5.024300982298213,75190.05269991996,1.224897179403889,1718004.660032751
2023-07-06 04:54:55.162342,Location_B,785,2,3,53,2,3.491155265622381,33190.96105640681,2.9425371936533615,1741200.2836335062
2023-07-05 04:54:55.162345,Location_C,3995,5,2,78,4,55.11599619163721,96217.96228919196,4.651203201631446,872870.12228681
2023-07-04 04:54:55.162347,Location_B,2565,4,2,91,2,43.81786132483445,88951.57636552668,3.441452031272628,1548486.3060436284
2023-07-03 04:54:55.162349,Location_A,1268,3,3,82,3,83.91803949802986,50762.873750996514,3.1856282968485283,373364.6952405823
2023-07-02 04:54:55.162352,Location_A,3557,2,1,92,0,16.067958471184518,35403.12711585276,1.9989767169174208,116376.10492438253
2023-07-01 04:54:55.162354,Location_B,4789,2,1,51,0,2.49716621170496,41892.09512533401,2.373101956257793,137948.57189825343
2023-06-30 04:54:55.162356,Location_C,2661,5,2,47,4,44.903876793012586,38886.108962848084,4.408193663218771,1214543.3010686648
2023-06-29 04:54:55.162359,Location_A,3793,1,1,4,0,23.74785567522575,38629.86455092628,3.2368725270738326,965250.3199710875
2023-06-28 04:54:55.162361,Location_A,1446,3,3,7,3,4.961437333883745,66299.31820660137,3.0589687750271195,1084229.1629261875
2023-06-27 04:54:55.162364,Location_A,3835,5,3,35,4,72.4598286847629,47209.320974538015,1.3983188541601157,114179.96679271686
2023-06-26 04:54:55.162366,Location_B,4650,3,2,48,2,11.159299995724748,55069.780157040106,1.0641126258204925,903104.5773491089
2023-06-25 04:54:55.162368,Location_B,1981,1,3,73,0,60.83195000077717,99265.37333690257,4.854740754748196,1464329.5062816355
2023-06-24 04:54:55.162371,Location_C,2401,1,3,72,1,28.104975016688915,77901.99742477413,2.5079446691473666,941118.0337381281
2023-06-23 04:54:55.162373,Location_C,3951,5,2,45,0,17.3496050355022,96428.6466932901,3.4128522483980173,1491216.4919932224
2023-06-22 04:54:55.162375,Location_C,4564,1,3,81,2,37.97515229193175,39978.958852318094,1.31886029274914,542736.032353986
2023-06-21 04:54:55.162377,Location_B,554,4,3,81,4,80.14457762229537,56749.76323827985,3.732457142892186,1644969.8085152784
2023-06-20 04:54:55.162388,Location_B,2323,2,3,97,2,39.20935769045727,68831.2262297648,4.730266834823844,1218019.3568615594
2023-06-19 04:54:55.162390,Location_C,3962,5,1,96,1,75.07696492110557,35373.06433221166,3.3026610119896787,500449.88891682186
2023-06-18 04:54:55.162392,Location_C,3579,3,2,72,3,12.548629679915068,30293.12105395705,1.5044612895016423,549768.9041222825
2023-06-17 04:54:55.162395,Location_B,1332,4,2,19,0,77.27714196650791,76930.40336578424,3.326886109893907,1293257.8826821204
2023-06-16 04:54:55.162397,Location_C,4908,5,2,63,4,23.693332490664865,74927.36617610048,4.065388852418609,1676885.2271036424
2023-06-15 04:54:55.162399,Location_A,3306,1,1,38,3,67.73931298888728,58755.21669997282,2.6256661462960746,889692.7858553948
2023-06-14 04:54:55.162402,Location_B,2990,1,1,67,2,56.57815548409963,64275.08532224228,4.519350991765871,590770.8153424251
2023-06-13 04:54:55.162404,Location_C,827,1,2,59,4,92.91447172116874,59081.01004144627,3.594731813429458,1747322.0531301408
2023-06-12 04:54:55.162406,Location_B,3810,1,1,69,3,38.732251797531404,31680.35313914222,4.59699567315681,1371609.7543265864
2023-06-11 04:54:55.162408,Location_A,3800,3,2,13,4,6.616518883444044,53476.012435222365,3.494021244989349,951362.4258378454
2023-06-10 04:54:55.162410,Location_B,4175,4,1,47,1,1.9155485551252904,42395.75787781029,1.525151888019297,1027010.3710306735
2023-06-09 04:54:55.162412,Location_B,3554,2,3,61,1,82.6858560972753,36889.69323709581,2.2387668444207565,488087.28907915315
2023-06-08 04:54:55.162414,Location_B,2643,3,3,31,0,52.473563766143215,96970.43037225449,1.8071797930098277,1290924.9971232035
2023-06-07 04:54:55.162416,Location_B,1811,3,2,80,0,77.52440518349492,71955.1807529516,4.635305990867449,781610.7700314884
2023-06-06 04:54:55.162418,Location_A,3691,2,1,96,1,23.44256000115147,81005.9398965622,4.041600269149931,1991725.8356812636
2023-06-05 04:54:55.162420,Location_B,3038,2,1,22,4,34.50837455132337,52075.46202862823,3.705593475640024,1012348.678997587
2023-06-04 04:54:55.162422,Location_B,4483,1,3,93,1,3.010387221131894,57520.299064581064,2.2038652785264867,1023182.651760265
2023-06-03 04:54:55.162424,Location_C,664,3,3,86,0,96.14923245741122,46584.67957277065,1.736179088200854,1175118.3960802765
2023-06-02 04:54:55.162426,Location_B,4777,5,1,43,1,66.78679067008134,36787.59696757973,4.025804351955648,1841836.4059256187
2023-06-01 04:54:55.162428,Location_C,1322,2,1,67,1,93.32050877593062,42532.21462091086,2.8966317835163187,1621554.3897335255
2023-05-31 04:54:55.162430,Location_A,1443,2,1,54,4,26.549640742907233,85825.98317075401,1.9031582086025165,957147.1326158987
2023-05-30 04:54:55.162432,Location_A,4925,4,1,10,3,61.146361122566084,77428.20636286431,3.4664879126611003,1465528.6053483123
2023-05-29 04:54:55.162434,Location_A,1274,5,1,42,0,67.84999682926379,68285.02131898337,1.161335408553808,1213847.447683447
2023-05-28 04:54:55.162436,Location_A,2698,5,1,64,4,31.754970025758844,63256.29110067376,2.304681016513014,1035497.392532373
2023-05-27 04:54:55.162437,Location_C,3656,2,2,21,1,84.81092350156301,94570.39985592871,2.8742279783645386,465399.968290266
2023-05-26 04:54:55.162439,Location_B,4742,1,1,80,1,94.71614629002478,35091.44634450679,1.5918333364376234,981478.9005642928
2023-05-25 04:54:55.162441,Location_A,4195,4,3,76,3,88.48551176960044,49642.05692665411,4.938617910363359,567055.3153428918
2023-05-24 04:54:55.162443,Location_B,3952,5,2,66,0,73.90669759393725,54495.64974994998,1.836389458358457,1838200.0847181438
2023-05-23 04:54:55.162447,Location_C,1414,2,1,41,0,27.746467972495402,84769.80685489514,1.5214125201730622,737272.9456430592
2023-05-22 04:54:55.162449,Location_C,1808,5,3,24,2,28.161604210563173,99476.023411338,1.8141394955475856,1909301.6276134073
2023-05-21 04:54:55.162452,Location_C,4677,4,2,35,0,96.3360320446038,46846.93603300072,4.076244532638897,1112805.0511799513
2023-05-20 04:54:55.162454,Location_A,1013,4,3,56,3,1.0284495935692028,91201.51338959564,2.7020226370873712,1299934.3194847046
2023-05-19 04:54:55.162456,Location_B,2420,3,1,30,2,71.60499732421445,88143.5932302254,3.261663759010152,1131586.8445297228
2023-05-18 04:54:55.162459,Location_B,4094,2,1,57,2,70.62461625552622,45726.01783492367,1.084036627945443,345823.1722367317
2023-05-17 04:54:55.162461,Location_B,1909,4,1,94,1,62.26895409497975,57953.28061394558,1.1377252342932582,814060.3161150878
2023-05-16 04:54:55.162463,Location_C,3690,3,1,47,1,99.01088460868658,58677.10085047634,2.7833021993080647,288377.6133274855
2023-05-15 04:54:55.162466,Location_A,4991,3,2,35,0,31.187943576372522,98475.44679685908,4.2666209728064945,1283612.6839484253
2023-05-14 04:54:55.162478,Location_C,2055,5,2,19,2,33.997186379324816,42662.43309652288,4.5409555148302605,949060.9708808339
2023-05-13 04:54:55.162481,Location_C,1304,5,3,8,1,7.893940294655555,85941.05797733474,1.3468262703825609,1578171.4459847799
2023-05-12 04:54:55.162483,Location_B,1779,3,1,26,3,44.27981365437375,53393.4899921177,3.153452408404091,518893.9138988027
2023-05-11 04:54:55.162486,Location_C,4077,5,3,71,1,26.10485262348481,81160.92420433123,4.652918745117082,412675.5110157363
2023-05-10 04:54:55.162488,Location_B,3401,4,2,30,1,34.338670217764424,59400.7703006964,2.5518910175915455,872031.2388311588
2023-05-09 04:54:55.162490,Location_A,1887,1,1,7,2,83.45717902556277,70485.1834181578,4.318263325713474,1860512.2281149242
2023-05-08 04:54:55.162492,Location_B,3261,4,1,67,2,93.54845135274957,88282.82413282918,1.5347826175977448,1449801.4485235824
2023-05-07 04:54:55.162495,Location_A,3179,3,2,65,4,18.573307200518563,86291.58954887188,4.741577958671195,895954.8871065455
2023-05-06 04:54:55.162497,Location_B,2606,3,2,36,3,37.25089315534659,90649.62284777901,4.00569327012521,1082817.12253319
2023-05-05 04:54:55.162499,Location_C,4723,4,2,25,2,92.8630562115394,34173.212774126136,4.765337571147606,260004.72123648686
2023-05-04 04:54:55.162502,Location_C,3268,5,2,37,0,6.180846068922263,78443.53871278215,3.706468934210026,1970694.2031146148
2023-05-03 04:54:55.162504,Location_A,4453,5,2,1,3,9.236052811137851,39799.1163705234,2.453615727997708,1366173.878920346
2023-05-02 04:54:55.162506,Location_A,3686,3,1,15,3,16.279098920622936,59107.29976128877,4.75272469009889,642267.7300805027
2023-05-01 04:54:55.162509,Location_A,3780,2,2,37,2,59.521283412687474,68401.18905382819,2.102267105236714,1213035.9490089642
2023-04-30 04:54:55.162511,Location_B,3073,5,1,13,3,15.047227100599747,58191.76393227815,2.32869008824693,308016.49553108856
2023-04-29 04:54:55.162513,Location_B,3099,4,1,8,2,96.80763814507335,66372.81730621052,3.8032336720069613,1935089.6707344088
2023-04-28 04:54:55.162516,Location_A,4533,5,2,5,1,44.671452725852035,99756.84161590334,4.061265198101545,432091.4769783953
2023-04-27 04:54:55.162518,Location_C,736,4,2,60,4,50.15179603501664,39465.21195989983,4.717613935396615,1331257.604304907
2023-04-26 04:54:55.162520,Location_B,1804,3,1,73,1,24.66586158054065,77281.92317354979,1.819209636224838,566363.4788239679
2023-04-25 04:54:55.162525,Location_B,3930,5,2,1,2,47.09602524347335,57720.06764699306,4.191992140876896,1463366.627032218
2023-04-24 04:54:55.162527,Location_B,1801,4,2,36,2,66.19136326370115,39310.68592351301,3.9541842135878538,1575960.597756534
2023-04-23 04:54:55.162530,Location_A,3041,3,2,35,1,75.11771369540428,41111.57343620167,1.2551782250143915,1379497.484931722
2023-04-22 04:54:55.162532,Location_A,2551,2,3,66,0,75.3868082709913,96449.11743719318,2.548892564840828,1267548.9744848658
2023-04-21 04:54:55.162534,Location_A,941,4,1,63,0,57.789111269408835,91572.10476982335,2.1310618282403944,1795691.2785088222
2023-04-20 04:54:55.162537,Location_A,2576,2,3,23,0,90.43597749938573,93492.93722905153,2.2179616974161216,249390.7508805403
2023-04-19 04:54:55.162539,Location_A,3680,2,2,9,2,81.74078473061094,99407.29430791705,4.931787518218803,728738.0549823708
2023-04-18 04:54:55.162541,Location_C,3157,1,3,34,3,75.70481146986255,44582.077300596255,3.5711096539197116,571746.2112986073
2023-04-17 04:54:55.162544,Location_C,4298,5,2,46,2,5.560552168046062,54880.753615484326,3.8707046311739983,1977226.527924301
2023-04-16 04:54:55.162546,Location_A,1304,4,3,78,3,0.6877962219649314,76845.33209474068,4.906470549260037,839840.5813670596
2023-04-15 04:54:55.162548,Location_B,574,2,2,4,1,21.244727719547296,63866.17779024531,2.5088071298305548,1491964.1285567577
2023-04-14 04:54:55.162551,Location_A,2675,1,3,30,4,66.35235939134523,59287.267336483346,4.207360673811223,1400977.8113739088
2023-04-13 04:54:55.162553,Location_C,4424,3,3,95,3,41.119748888254584,55046.78745349152,2.7381238532179815,502954.35120701767
2023-04-12 04:54:55.162555,Location_C,2589,4,3,75,0,40.24062592993117,71564.64423604165,4.478134687259919,554095.5924019476
2023-04-11 04:54:55.162557,Location_B,540,2,1,99,2,88.45868882296138,70291.54000480575,1.7226301652452127,634440.6707507648
2023-04-10 04:54:55.162560,Location_C,2581,5,3,72,1,89.55628481318388,41302.048384496804,4.790744708257119,881141.8286928205
2023-04-09 04:54:55.162562,Location_A,2122,1,1,3,0,90.91752640535857,63021.788626290734,1.8750868336435187,545217.6247360009
2023-04-08 04:54:55.162564,Location_B,841,2,2,14,1,31.38780765150273,68743.02433468949,2.304882027923726,137337.81721901082
2023-04-07 04:54:55.162567,Location_A,4552,5,3,60,4,69.10558127392618,69920.08571119733,4.024768936427122,1770846.8079336714
2023-04-06 04:54:55.162569,Location_A,2574,2,2,77,2,27.163318127436963,44707.503503864624,2.575020566261627,1934658.6796236797
2023-04-05 04:54:55.162571,Location_B,1145,4,2,45,2,19.060983307444978,81958.99745766007,3.4328455070657866,748983.7353599791
2023-04-04 04:54:55.162574,Location_A,4763,4,3,96,4,18.463245734736923,31763.936637474875,2.778294004277714,743163.0709083985
2023-04-03 04:54:55.162576,Location_C,1109,4,1,34,2,34.2107620863594,54838.229888021386,3.9694797483591273,113474.44427130488
2023-04-02 04:54:55.162578,Location_A,954,1,3,45,3,42.99576197798217,84614.88539749435,1.9133250094744434,1392476.3078277106
2023-04-01 04:54:55.162581,Location_B,3453,4,2,61,1,83.09491710550684,69472.50447387816,1.233831948947508,1668335.8019223947
2023-03-31 04:54:55.162583,Location_B,2208,5,2,83,0,11.98910934727121,48281.370275760215,2.199717589892265,378555.770684006
2023-03-30 04:54:55.162585,Location_B,3972,2,3,16,4,73.49258473948942,78646.71835401334,2.897234659473721,403366.0637975864
2023-03-29 04:54:55.162588,Location_A,3469,3,1,66,3,53.14549141893053,69717.36609092513,1.6720802087707143,1601158.1749457316
2023-03-28 04:54:55.162590,Location_B,3528,5,1,40,0,28.794534267599246,85737.05266194709,2.4191891586255547,1270952.421872875
2023-03-27 04:54:55.162592,Location_B,3181,5,2,17,0,49.281958453282456,81451.76303328763,2.599932073174274,185235.05949266232
2023-03-26 04:54:55.162594,Location_A,4129,4,2,34,4,29.994206977702266,72707.55454253643,1.2295673747530942,1282839.2818783352
2023-03-25 04:54:55.162597,Location_C,4725,1,1,16,3,59.608195523830595,64172.43727175698,3.333228992736818,686943.6734031555
2023-03-24 04:54:55.162599,Location_A,3567,2,3,60,0,43.38439228552442,39322.748796726635,4.5373737118851505,800577.7953946072
2023-03-23 04:54:55.162601,Location_B,1886,1,2,66,0,16.440552907887874,48293.31125197686,1.6069716518122097,1562489.6947640723
2023-03-22 04:54:55.162604,Location_B,4276,2,1,66,3,11.658307455569672,59336.963104195966,3.391232053606056,1640776.8660779602
2023-03-21 04:54:55.162606,Location_A,3366,2,2,90,2,54.66956820721302,71950.95009044721,3.658956819643385,860677.5909956782
2023-03-20 04:54:55.162608,Location_C,3863,1,3,13,0,90.24130332861034,65959.54986507134,2.6773387216771534,1899590.5784120741
2023-03-19 04:54:55.162611,Location_B,4624,5,1,56,1,34.395768655768556,50172.91681716706,3.80439034945708,872279.1641089373
2023-03-18 04:54:55.162613,Location_B,648,2,2,31,3,73.30001072226231,30452.505045279737,2.642926173964048,1566488.4669372088
2023-03-17 04:54:55.162615,Location_B,4350,1,3,34,0,65.8661354939767,64736.74553305697,3.0185491519097396,1019366.8026720922
2023-03-16 04:54:55.162618,Location_A,2558,2,2,39,4,93.1554914309481,49993.819199357014,1.029412178217708,1805311.4203919596
2023-03-15 04:54:55.162620,Location_B,1636,3,3,67,1,82.09810172991409,81422.58104973746,3.7668804565387553,1824746.3629353393
2023-03-14 04:54:55.162622,Location_C,686,5,3,8,0,56.660525890546296,31676.238568933844,3.6453707157788977,266091.9349550593
2023-03-13 04:54:55.162625,Location_B,3354,4,1,87,1,65.70304982341074,70937.94679140535,1.1536035093053782,1879337.3294894288
2023-03-12 04:54:55.162627,Location_B,1750,2,3,78,1,89.83864665840349,95903.19662542458,2.4730004295805323,1668516.1988887899
2023-03-11 04:54:55.162629,Location_C,1833,3,2,55,2,39.95187845869348,42208.648697804965,4.9161273631666695,1603490.357194067
2023-03-10 04:54:55.162632,Location_B,4693,4,3,27,1,32.679470585777736,63015.464352541676,2.682946250274467,481731.54540249263
2023-03-09 04:54:55.162634,Location_A,4650,4,3,93,2,1.081108363519634,36399.53942719967,3.007781620527367,1629726.4966338633
2023-03-08 04:54:55.162636,Location_A,3211,2,1,53,3,82.65510741914642,73797.73385829468,4.639720632638874,1715252.19590157
2023-03-07 04:54:55.162639,Location_A,2285,1,3,39,2,80.0980700403365,68537.2176417358,3.8690475034630256,649385.6354628868
2023-03-06 04:54:55.162641,Location_C,1250,2,3,65,4,10.445451810015138,58515.586694898266,3.3282805244968943,1909294.1488884152
2023-03-05 04:54:55.162643,Location_B,2262,3,2,17,0,57.68573811327003,66496.39150316188,4.1912187253642905,194734.27815841208
2023-03-04 04:54:55.162646,Location_A,4420,4,1,30,3,46.398169816688736,92760.22609283071,4.457465065823893,384827.5811695654
2023-03-03 04:54:55.162648,Location_C,4960,2,1,53,3,11.870909550911147,43740.60116177469,2.8275522869490675,1121404.162297877
2023-03-02 04:54:55.162650,Location_B,981,1,1,13,4,98.05682270607235,31579.515819374305,2.9004334597273416,1194005.6951323885
2023-03-01 04:54:55.162653,Location_C,653,2,3,21,2,21.469588746335543,90316.54192893708,2.544203742607343,1325785.1582717164
2023-02-28 04:54:55.162655,Location_A,2024,5,1,19,0,6.723418009056115,70398.19576715346,4.866824560073843,132241.34569938626
2023-02-27 04:54:55.162657,Location_A,2620,1,3,53,2,59.48473795019096,92346.09188232897,3.7886650171614016,1924696.8717820474
2023-02-26 04:54:55.162660,Location_A,2843,3,3,19,1,73.88666771330327,71786.16563892207,1.3328922648322892,184717.3761948736
2023-02-25 04:54:55.162662,Location_C,1740,4,2,57,2,3.2443446047186963,86711.27629717917,4.451838493252074,371817.7101744645
2023-02-24 04:54:55.162664,Location_C,560,2,2,25,3,65.87176387270222,60077.135434860356,2.9222397633450723,126627.58329950826
2023-02-23 04:54:55.162667,Location_A,1438,1,2,86,0,53.22918759514545,82490.19519017881,1.2750156256899499,1177031.02325878
2023-02-22 04:54:55.162669,Location_C,2139,5,2,31,2,10.326500887504842,93912.90268228992,3.198869020653244,1871307.0794498473
2023-02-21 04:54:55.162671,Location_A,4620,1,2,81,0,17.252387694636205,70048.60746055444,2.6686571159028083,1365299.615552882
2023-02-20 04:54:55.162674,Location_A,4726,5,3,55,0,56.79742973160805,42654.96053936657,4.5109976194504995,1663049.190112812
2023-02-19 04:54:55.162676,Location_B,4069,3,3,23,1,29.63576135132884,48815.83305211387,1.8159784144375495,125234.28657130216
2023-02-18 04:54:55.162679,Location_C,1752,4,1,32,1,93.8315728651316,43905.12038281841,4.305858437968732,1129829.0671114796
2023-02-17 04:54:55.162681,Location_A,4703,3,3,62,3,81.87402294840508,47279.991931701305,3.230754764741811,973169.6572604916
2023-02-16 04:54:55.162683,Location_A,671,2,3,74,4,98.3567206513663,51449.081454572544,1.2184412128538762,1048039.0940195068
2023-02-15 04:54:55.162686,Location_C,1958,1,2,10,0,25.967083895041398,68859.36507272319,4.8873812053019385,237205.0521368571
2023-02-14 04:54:55.162688,Location_B,4049,5,3,72,4,96.9723632797977,71159.41406246829,3.0504609764127997,1400427.1860316843
2023-02-13 04:54:55.162691,Location_B,4697,5,2,54,3,43.12338697915579,59854.98230693028,2.16350741692633,1056118.7882314054
2023-02-12 04:54:55.162694,Location_A,2822,1,1,52,0,34.751879531375465,73079.45458745849,2.8776273679570323,1553782.8147364014
2023-02-11 04:54:55.162696,Location_C,2136,1,1,20,0,5.034952696935324,35710.24479279562,4.431431134069956,1022052.2047172592
2023-02-10 04:54:55.162698,Location_B,3615,2,3,32,4,5.276525785960262,36145.1765940712,2.219612497540254,383825.10883022094
2023-02-09 04:54:55.162701,Location_C,4590,3,1,14,2,69.20112559466547,42028.06222503609,1.7707055859468013,1331688.2127478619
2023-02-08 04:54:55.162703,Location_C,3504,5,3,50,1,45.79289944340279,66265.42486282413,1.5162849877235258,427534.0879998158
2023-02-07 04:54:55.162705,Location_A,829,2,1,28,2,22.65216260361057,44979.62750888195,2.191437593560845,1757549.6703741483
2023-02-06 04:54:55.162708,Location_B,4140,3,2,53,4,61.39703063252326,49829.90824448041,4.120192348160174,1264920.854231559
2023-02-05 04:54:55.162710,Location_A,4394,2,2,24,1,25.285811825011116,58021.89853210958,2.8865054607810468,398687.3787582131
2023-02-04 04:54:55.162712,Location_B,4607,5,2,79,2,57.76317543444226,86830.62868072659,1.90992641477416,1928442.309214293
2023-02-03 04:54:55.162715,Location_B,1841,1,2,22,1,35.92087469826903,30970.349513900208,1.6647399984389968,1084894.3803371093
2023-02-02 04:54:55.162717,Location_B,4163,1,3,30,0,82.3552226611819,75456.51741656357,2.3309179060415164,238507.0585561445
2023-02-01 04:54:55.162719,Location_B,715,3,1,63,2,82.06961607667793,76821.35717284797,4.759697491542836,1290982.5183886278
2023-01-31 04:54:55.162722,Location_B,838,4,3,4,1,47.73503981224013,85905.90462496455,2.3721068503600975,581077.9233243394
2023-01-30 04:54:55.162724,Location_C,4562,3,2,77,1,35.08191093350156,95292.70573422193,4.952496303818542,1627017.5585668746
2023-01-29 04:54:55.162726,Location_A,3208,4,3,59,1,36.25597965590946,31409.649426450287,2.9409218230614247,1653861.9397757621
2023-01-28 04:54:55.162729,Location_C,3652,2,1,87,2,80.57145256682179,40764.859385925134,1.7166556731606035,1959999.9761238575
2023-01-27 04:54:55.162731,Location_B,2250,2,3,8,3,32.8179482797612,92031.99058391951,4.564560367174037,1053552.1089465572
2023-01-26 04:54:55.162733,Location_A,2921,5,1,82,2,20.9059373706846,62096.299353091075,2.8414214925393075,964418.0714827005
2023-01-25 04:54:55.162736,Location_B,1209,4,3,12,4,8.468834187530682,69521.34472534244,3.8386853740180977,1531603.6503483132
2023-01-24 04:54:55.162738,Location_A,4226,5,1,31,2,46.66931208844084,76411.90426062031,4.934846332836607,351694.2470496605
2023-01-23 04:54:55.162740,Location_C,4142,1,1,78,1,48.213209891984185,77534.66231469461,1.200701401279896,1139139.476206936
2023-01-22 04:54:55.162743,Location_A,4493,4,2,34,0,84.09087104029072,95221.82823215557,1.3867782391502685,1137870.4402486167
2023-01-21 04:54:55.162745,Location_A,988,3,1,82,2,22.123869644606398,99786.45921881688,3.8818269658510247,269998.9333397357
2023-01-20 04:54:55.162747,Location_A,546,1,2,98,2,38.099127366839994,80411.02226516581,2.127300013181888,894169.7624631358
2023-01-19 04:54:55.162750,Location_A,3859,1,2,75,1,80.8405738893691,50105.48464436056,1.7372055878003962,1721241.1172776837
2023-01-18 04:54:55.162752,Location_A,900,3,2,76,0,82.36236107489735,91582.66816060405,1.157447519278918,1726691.8817898545
2023-01-17 04:54:55.162754,Location_B,4490,1,3,49,0,38.46110759787682,33445.464017853315,1.0873868479448072,288551.5633473939
2023-01-16 04:54:55.162756,Location_A,3657,4,3,79,4,45.91240232866809,46175.65970121473,4.0979424124791635,272369.67722087866
2023-01-15 04:54:55.162759,Location_A,4845,5,3,57,2,30.328589084928293,92817.00022246005,1.5377337094782,599121.406303677
2023-01-14 04:54:55.162761,Location_C,890,1,3,95,0,93.2554878419312,47933.40601075484,2.8708824638846036,1762055.5188525876
2023-01-13 04:54:55.162763,Location_A,4353,4,1,93,0,11.864376574158031,45445.57417352239,3.423587260717932,344914.911639648
2023-01-12 04:54:55.162766,Location_C,4930,2,1,26,3,93.374942300147,39668.770519817306,2.713407202275385,1467993.9249921478
2023-01-11 04:54:55.162768,Location_B,1128,4,3,18,3,68.38664518353433,90137.82303528415,1.1084266093449324,292214.6772648961
2023-01-10 04:54:55.162770,Location_A,4732,5,1,96,0,53.15721526867312,65004.07814337607,4.134006010351635,1283961.9221208682
2023-01-09 04:54:55.162773,Location_C,3430,4,1,86,4,3.2659060784495875,77242.52421379084,1.042052898166614,776527.8683263751
2023-01-08 04:54:55.162775,Location_C,2021,3,2,38,0,47.55961918220083,46734.64688525208,4.0475595775099364,1598936.5296351474
2023-01-07 04:54:55.162788,Location_B,1326,5,2,81,1,40.774810500273226,83062.82947078516,4.573217975152491,544011.8527681909
2023-01-06 04:54:55.162790,Location_A,2000,2,2,87,2,16.121881197512256,83200.3881473469,2.731359684228689,1314483.4758409236
2023-01-05 04:54:55.162793,Location_A,3794,3,2,88,4,65.6409603500657,51881.86174358101,3.142169892391193,547796.8156941815
2023-01-04 04:54:55.162795,Location_C,2919,4,1,50,1,97.11509073682858,58747.7843107198,2.907933570470615,1455954.5379130922
2023-01-03 04:54:55.162798,Location_A,1434,5,3,8,4,56.218881106452514,44678.31942011406,2.5568344744937552,1759988.2656654227
2023-01-02 04:54:55.162800,Location_C,3542,2,1,41,1,71.47532764439458,98359.2716326033,4.549698141481441,340923.4183408441
2023-01-01 04:54:55.162802,Location_A,4997,3,1,6,2,6.845045256601678,75192.18039408882,4.5757340426799615,1746531.8083314567
2022-12-31 04:54:55.162805,Location_C,1966,2,1,69,2,41.76669958169947,95418.07165008609,2.343265458566138,1227792.9833871662
2022-12-30 04:54:55.162807,Location_A,4061,4,2,44,3,11.635848516449588,51236.98805403932,3.460279016058792,341509.9326473456
2022-12-29 04:54:55.162809,Location_B,1114,2,2,64,1,61.27958355365104,84732.36390978229,4.707630248583456,912329.5251834528
2022-12-28 04:54:55.162812,Location_A,1682,1,2,29,3,93.84821582141547,83610.10507193193,4.848233995765407,405634.557621686
2022-12-27 04:54:55.162814,Location_A,3723,3,3,28,1,66.17777324716386,78415.8956306579,3.03583616168819,1430660.988846482
2022-12-26 04:54:55.162816,Location_B,3167,2,1,11,3,7.680304831442153,97594.72826867603,2.811299221137307,1541849.4553941044
2022-12-25 04:54:55.162818,Location_A,630,4,3,65,2,35.466620498508284,57548.87352744209,2.114777263714103,301013.388518318
2022-12-24 04:54:55.162821,Location_B,3483,4,2,19,4,55.066337944085156,39150.212651283015,4.83548749276164,1061665.7201198242
2022-12-23 04:54:55.162823,Location_A,4778,2,3,9,3,40.320775613325225,77019.62014708426,1.5712572178914694,1647787.6064492427
2022-12-22 04:54:55.162825,Location_C,4959,4,1,27,1,83.36440104751723,81051.68603340443,3.3193183041909,1878709.7789468933
2022-12-21 04:54:55.162828,Location_C,538,5,1,34,1,81.46710047099891,70254.24014211702,2.1302010700745555,1075683.946809363
2022-12-20 04:54:55.162830,Location_A,4459,5,2,44,2,61.183102010322145,44477.25251933774,2.1160331613911865,1905530.5248616734
2022-12-19 04:54:55.162832,Location_A,4087,5,2,68,1,37.345794513270526,65311.91591685487,2.619874349504754,1117809.0438664565
2022-12-18 04:54:55.162835,Location_A,1420,1,3,82,0,25.533637376324414,51853.28155983906,4.995171743262619,848961.9397398251
2022-12-17 04:54:55.162837,Location_C,3269,2,2,15,4,10.587431821312931,59922.656971668235,1.2198652273592883,1711585.9442505015
2022-12-16 04:54:55.162839,Location_A,4611,1,2,51,3,35.4897683486554,75165.30030912647,3.314167272814126,1036667.1498703692
2022-12-15 04:54:55.162842,Location_C,992,4,1,13,4,41.31725172077195,82165.03198835842,1.3302886321411087,996614.7700725938
2022-12-14 04:54:55.162844,Location_B,1631,1,2,83,2,67.58229251040736,46255.72836309402,1.6180833199620759,1031593.7298786738
2022-12-13 04:54:55.162846,Location_C,4021,4,2,49,3,65.81598242975734,58372.775245286735,2.7582517670915947,1708891.5035525162
2022-12-12 04:54:55.162849,Location_C,810,4,1,70,3,7.0108139641256955,48841.30996941404,3.041840525385765,1680688.9292072991
2022-12-11 04:54:55.162851,Location_B,1238,3,1,56,0,39.525931543115775,43904.21297033084,2.035169633458096,866687.9856364012
2022-12-10 04:54:55.162856,Location_C,3741,5,3,76,2,18.177886721736193,84837.10539970869,2.2658285234976647,733269.7337539975
2022-12-09 04:54:55.162859,Location_A,1045,4,2,51,1,15.68127053168057,93647.68861058947,1.3478680810237322,1034663.2456743456
2022-12-08 04:54:55.162861,Location_A,2961,3,1,37,0,82.73021497372459,55916.25299792037,2.212879135377002,1188267.768500507
2022-12-07 04:54:55.162863,Location_C,4846,5,3,17,0,4.191521671625753,82589.52470616368,4.866233757522176,552840.7001931942
2022-12-06 04:54:55.162866,Location_A,2304,4,3,58,4,41.91828759021213,92789.67025550877,4.778829526689927,1608514.6609596221
2022-12-05 04:54:55.162868,Location_C,3712,4,2,87,4,16.82036557665182,89228.69473711621,2.33951316054794,1024317.2548916035
2022-12-04 04:54:55.162870,Location_A,4310,1,2,90,4,87.9330215678474,42796.937197745814,3.2834157451150463,734686.5419979233
2022-12-03 04:54:55.162872,Location_A,1313,1,3,29,0,55.704051327503514,96940.43170593529,4.638381564443778,302959.88663158217
2022-12-02 04:54:55.162875,Location_C,4624,5,1,33,1,23.1380636376848,56367.35083006237,1.0247352905635867,553805.8047668531
2022-12-01 04:54:55.162877,Location_A,2532,4,3,60,3,50.24272871663764,53746.84628216854,4.2427342813503675,1903634.226336369
2022-11-30 04:54:55.162879,Location_C,4913,2,2,91,4,73.14863597031159,34370.192909444624,4.793478211155676,679689.4049571005
2022-11-29 04:54:55.162882,Location_A,744,1,1,89,1,95.81180089194338,64032.15578734181,1.3653029373342283,420832.6497973671
2022-11-28 04:54:55.162884,Location_A,771,5,1,55,2,22.044600424541894,37630.953094865006,1.6457907441316841,975278.304144487
2022-11-27 04:54:55.162886,Location_B,4011,4,3,10,4,88.61817721293451,47397.78746491982,4.842985211085422,683466.7123844725
2022-11-26 04:54:55.162889,Location_B,2271,4,2,47,3,93.43041141674902,52185.9835237097,3.150160574561385,166802.5755152689
2022-11-25 04:54:55.162891,Location_C,1762,2,3,23,2,91.64205445320663,86617.84264441789,1.0567865378868948,713975.9128308928
2022-11-24 04:54:55.162893,Location_B,2924,5,3,85,2,63.54143568619099,91284.20552771277,2.0305279950541166,1133806.3854849902
2022-11-23 04:54:55.162896,Location_C,4861,4,3,21,3,62.982065443470766,51172.64222230288,2.7997746970754385,1148253.506837937
2022-11-22 04:54:55.162898,Location_B,1420,1,1,13,4,40.32106331838228,90108.86848712017,3.771635644099071,777461.9502360885
2022-11-21 04:54:55.162900,Location_A,3930,2,1,33,0,75.23978823037879,90006.16561588537,3.9326415125471983,949875.2368799412
2022-11-20 04:54:55.162902,Location_C,4935,5,2,24,3,53.12940183509319,83525.56652694114,4.981686051701825,1934484.0446460561
2022-11-19 04:54:55.162905,Location_C,4984,2,2,11,3,67.74380712282945,40268.65798106271,2.150044797535036,816962.106737592
2022-11-18 04:54:55.162907,Location_A,3124,1,3,17,3,42.84579038487954,78322.59928305104,3.152880407473901,590630.9451939677
2022-11-17 04:54:55.162909,Location_C,4260,5,3,68,2,73.14964640431391,96151.68452063981,3.13329419143842,562587.3837268442
2022-11-16 04:54:55.162912,Location_C,2550,2,3,47,1,82.4471517604549,77777.83351370099,2.62258103778895,969752.7641378549
2022-11-15 04:54:55.162914,Location_B,4000,3,2,25,0,14.64362566028161,53213.17943754837,1.6766475753696808,1543088.2825621937
2022-11-14 04:54:55.162916,Location_C,1665,1,1,94,4,83.2929715574228,65040.55222015819,4.90982625273537,491377.5499580991
2022-11-13 04:54:55.162919,Location_A,875,1,1,73,4,54.029653179030724,75200.75303457375,4.413268746666344,1447662.6415674593
2022-11-12 04:54:55.162921,Location_B,2533,1,3,21,1,84.46659090902243,65739.92861099525,2.993332113176949,140184.66436389094
2022-11-11 04:54:55.162923,Location_B,645,3,3,84,3,43.13017063410146,38396.705921167886,3.4129816907361192,895972.6581694974
2022-11-10 04:54:55.162925,Location_A,4888,3,3,83,0,37.904048538303506,51844.48312564145,1.9090442142386492,1574143.6238852951
2022-11-09 04:54:55.162927,Location_A,931,4,3,83,4,91.50607325172224,86167.72213875427,3.1751482815669876,743592.6159714197
2022-11-08 04:54:55.162930,Location_B,1204,2,2,12,4,25.11692675484013,90299.26322668622,3.7798805324859033,1171100.492746259
2022-11-07 04:54:55.162932,Location_C,3132,4,1,37,3,84.42123252861431,39611.00229008992,3.060668113546355,489460.54236923053
2022-11-06 04:54:55.162934,Location_B,4994,2,3,42,1,48.40205725094041,96667.07266791072,4.9611406823397655,1509791.2431397273
2022-11-05 04:54:55.162937,Location_A,1463,3,2,17,0,51.40954425512597,53017.583249402654,3.4453666249909047,199330.29621064328
2022-11-04 04:54:55.162940,Location_B,2734,3,3,48,1,30.8468281489484,76361.96171115039,2.483894850368676,1719831.0252634506
2022-11-03 04:54:55.162943,Location_A,2541,4,3,28,1,57.30422006190157,82627.76021696768,4.088608110463353,476573.1342011695
2022-11-02 04:54:55.162945,Location_B,2328,5,1,41,0,32.52111962762113,86836.23642465184,1.6818500463265682,1761356.2602458284
2022-11-01 04:54:55.162947,Location_C,2608,4,3,99,0,3.926941424165231,96202.4791558151,2.538063254825066,769805.558470983
2022-10-31 04:54:55.162949,Location_B,4568,2,1,47,4,27.199860534435604,51904.36836201759,2.3878358015103434,1473098.7915015246
2022-10-30 04:54:55.162952,Location_B,1438,4,1,18,4,0.6379043406590679,90095.45181860882,2.727228380431109,706528.0657937581
2022-10-29 04:54:55.162954,Location_A,1306,1,1,78,0,97.83547870568566,39218.08324053449,4.127119303714905,1821232.1753458304
2022-10-28 04:54:55.162956,Location_A,1963,2,2,99,2,96.57472098197475,79352.86344475149,2.93669212865363,340610.5384849113
2022-10-27 04:54:55.162959,Location_A,3915,2,2,71,4,39.5155297472305,81938.44106597902,4.176057801063851,439187.5996179375
2022-10-26 04:54:55.162961,Location_B,510,5,1,13,2,72.8370854339646,77440.62688409243,3.3059556125594636,1036757.2378017243
2022-10-25 04:54:55.162963,Location_C,2368,3,3,82,0,34.580609841042495,47662.03152946071,2.3682777386302214,255683.03417247764
2022-10-24 04:54:55.162966,Location_A,1384,2,1,13,4,67.1093157085976,91113.02029106423,4.23991497473389,472362.35093334765
2022-10-23 04:54:55.162968,Location_A,4064,3,3,31,1,80.54300430459791,41820.092435927654,1.9531586822123663,1893156.1262028273
2022-10-22 04:54:55.162970,Location_B,1889,4,1,2,0,94.67562446922408,33754.43540645816,1.897531919199182,1955330.3561809857
2022-10-21 04:54:55.162972,Location_A,3901,1,3,16,3,40.0212275849672,80222.54934283385,3.018011696219343,814892.7257278017
2022-10-20 04:54:55.162975,Location_C,4821,5,2,9,2,78.32979829560477,63283.300066291355,2.0433969838483557,1854243.4399264776
2022-10-19 04:54:55.162977,Location_C,1324,3,3,73,0,26.59284506321188,89436.86139710732,1.0363481398048653,1135166.8837795202
2022-10-18 04:54:55.162979,Location_A,2765,2,1,38,0,99.03323037936484,56837.799874078126,3.593190109195206,612510.6851601574
2022-10-17 04:54:55.162982,Location_A,1436,3,2,75,4,2.5769598764351143,41779.501195539895,3.044375285889592,1434557.5700531374
2022-10-16 04:54:55.162984,Location_B,3300,2,3,54,4,60.3528806501121,88550.95347289089,2.7820712579726448,1351913.4324922287
2022-10-15 04:54:55.162986,Location_C,3053,3,3,56,4,65.95059816513272,68423.67421480501,4.867874058473261,1979338.1063065934
2022-10-14 04:54:55.162990,Location_C,4345,2,3,86,3,68.80455570741289,43243.70546732484,3.2847967358516548,603589.8460776382
2022-10-13 04:54:55.162992,Location_A,2296,4,3,97,4,12.038757878908902,80426.8799010512,4.4537263111575385,1376913.0550572972
2022-10-12 04:54:55.162994,Location_B,553,2,3,87,0,93.85297834731304,65777.95469426503,1.5578009448206407,198845.1345559491
2022-10-11 04:54:55.162997,Location_C,1226,2,2,45,4,18.11832790500828,72301.90875682238,3.2768258525177107,315927.47352376685
2022-10-10 04:54:55.162999,Location_C,3236,1,2,34,1,62.27534032398411,62262.88367446073,4.471918506923611,107444.9124070772
2022-10-09 04:54:55.163001,Location_B,3670,2,2,9,4,22.267607912308495,88009.62886726044,3.332423029119592,1998975.294013379
2022-10-08 04:54:55.163004,Location_B,2413,1,2,88,3,30.72164170212709,88069.39009781349,3.872056712508006,1624320.0245802077
2022-10-07 04:54:55.163006,Location_C,2096,5,1,8,1,54.645854172812435,79657.21752770703,2.4881742712488295,1594773.7279937274
2022-10-06 04:54:55.163008,Location_C,2414,1,2,7,0,41.719341856457646,37378.09641775236,1.3697980681482664,1068479.5430475413
2022-10-05 04:54:55.163011,Location_B,2966,4,3,36,0,16.02256009765063,88719.77033328482,2.8316011805082857,670127.4575203359
2022-10-04 04:54:55.163013,Location_C,3237,1,3,18,2,17.093640242084827,76970.90863730368,2.57791756335543,387402.1404790843
2022-10-03 04:54:55.163015,Location_A,1349,5,2,3,1,41.814478816279966,78791.69162030096,4.46824072951579,640882.0038082809
2022-10-02 04:54:55.163017,Location_A,2609,4,3,28,2,75.72829782755008,55408.798828271014,1.975981209409889,814345.3216653643
2022-10-01 04:54:55.163020,Location_B,502,3,2,70,1,89.79646468477885,91549.56893099047,4.866936910140432,1536989.1842625588
2022-09-30 04:54:55.163022,Location_B,4755,3,3,44,1,8.412766225938284,80776.01201644001,4.832552479217984,1125357.3989159896
2022-09-29 04:54:55.163024,Location_B,4569,1,1,21,3,39.310390755940105,37881.33265704361,1.9905265722857548,247218.8904554171
2022-09-28 04:54:55.163027,Location_A,1392,1,1,28,2,10.024556372287662,58544.462408431384,2.392207821909282,134255.11702193326
2022-09-27 04:54:55.163029,Location_C,2530,5,2,54,3,1.6592480632597884,92046.62533720992,4.58222296349554,294431.14111472
2022-09-26 04:54:55.163031,Location_A,3660,5,2,54,1,66.17186826439566,33303.769118816526,4.86648888358443,879947.5560250208
2022-09-25 04:54:55.163034,Location_C,2876,2,2,65,0,60.24494419665878,97299.16337494347,2.773756411344176,1873066.5423931347
2022-09-24 04:54:55.163036,Location_A,2433,5,3,21,1,16.301911381488623,77541.37978236939,2.2839881825635913,1311064.7142975212
2022-09-23 04:54:55.163038,Location_C,1880,2,2,99,3,23.38128330930641,74196.31843503636,3.104376053006168,1623469.2097634787
2022-09-22 04:54:55.163040,Location_A,4181,4,1,13,2,2.370775364451838,48939.1479541594,3.751076825462939,986111.7295586423
2022-09-21 04:54:55.163043,Location_B,1790,1,3,57,2,83.49472056944037,47415.42521174239,2.093898061499919,787165.5580705813
2022-09-20 04:54:55.163045,Location_A,2140,4,2,49,3,97.46905960485515,95944.07536420168,3.945892698476291,305960.70816158317
2022-09-19 04:54:55.163047,Location_C,3182,5,3,54,2,13.545953679469081,50879.07179638859,1.2066294284585641,1764272.7421537894
2022-09-18 04:54:55.163050,Location_A,1487,4,3,10,4,23.147521376529813,84285.37077032996,1.1971779710576658,1588004.0551530153
2022-09-17 04:54:55.163052,Location_A,1718,4,2,53,0,86.8409523946934,57518.525874495535,2.545150820582181,419424.3854356777
2022-09-16 04:54:55.163054,Location_A,1855,4,3,44,0,92.64637979561849,39747.78495492928,2.4138927682428823,1073295.071364895
2022-09-15 04:54:55.163057,Location_B,4765,5,1,47,0,41.96273828068103,30750.070838675125,2.262532861468609,1026012.1350503652
2022-09-14 04:54:55.163059,Location_A,4635,4,1,53,2,5.062247226907413,68098.01359106756,2.96407905067564,1287673.9501044042
2022-09-13 04:54:55.163061,Location_B,2060,2,3,74,2,3.93918336928194,98304.51729842529,2.282934329246285,1897755.0985833963
2022-09-12 04:54:55.163063,Location_B,1918,5,2,46,1,57.39498660690104,55839.53356664431,1.7690316738723677,1201565.7393487112
2022-09-11 04:54:55.163066,Location_A,1454,4,3,13,1,39.2895108893179,55003.46337951314,2.2378781963544037,1126412.8068793754
2022-09-10 04:54:55.163068,Location_A,1483,5,1,37,0,2.8652427577654516,54086.41324946095,4.899617091240939,195613.5725758615
2022-09-09 04:54:55.163070,Location_A,1474,3,3,24,4,58.32523923125568,66438.06861134009,2.6444536679793944,219524.20443424548
2022-09-08 04:54:55.163073,Location_C,4633,2,3,2,1,1.1302536589022472,60846.54183970055,2.778851107433343,455958.9035208989
2022-09-07 04:54:55.163075,Location_A,4472,4,1,86,1,78.73719581492729,91594.02387089102,3.30617995980456,161694.46621432173
2022-09-06 04:54:55.163077,Location_B,1413,3,3,81,2,30.643282270337156,65386.45542064432,4.933363073656906,1512370.5015830235
2022-09-05 04:54:55.163080,Location_A,536,3,3,14,4,4.02580030092321,65543.04867319981,1.966405105743052,1474327.57758853
2022-09-04 04:54:55.163082,Location_C,3887,5,2,10,0,58.835222098315334,39686.01163043896,3.7251284421297353,358506.84542012156
2022-09-03 04:54:55.163084,Location_A,2211,3,2,35,1,39.76844144330547,98791.76786372701,3.8639387741668965,1688549.9115110338
2022-09-02 04:54:55.163087,Location_C,3520,2,1,25,4,97.38004133571495,47498.10236081808,3.4292976671722637,394093.4662076128
2022-09-01 04:54:55.163089,Location_C,1295,2,1,3,4,54.41986625037022,35135.48472217219,1.3543133585465763,672233.6152949817
2022-08-31 04:54:55.163092,Location_A,4536,1,1,17,0,27.52391810370083,76420.2374282646,3.707489103310306,573056.1084065936
2022-08-30 04:54:55.163095,Location_B,3611,2,2,12,4,70.94388646339748,71675.64591098108,1.256378844144702,807383.4872887908
2022-08-29 04:54:55.163097,Location_C,1824,3,1,54,4,27.149200254271133,59060.195779492205,3.3845705981995877,583861.1551909276
2022-08-28 04:54:55.163099,Location_A,817,2,1,24,4,90.42432914075651,59553.456371647466,3.9583247088869706,1029006.760233059
2022-08-27 04:54:55.163102,Location_A,2896,5,1,29,1,37.47219705073764,84954.47447325019,1.8438795624798017,874074.9745739023
2022-08-26 04:54:55.163104,Location_B,2662,1,2,43,0,54.98685627762052,43699.88480697543,4.366488030171096,1974482.0324807204
2022-08-25 04:54:55.163106,Location_C,3245,3,3,25,4,5.0573103824228856,87417.73232614229,1.121415222132017,206260.06524362875
2022-08-24 04:54:55.163109,Location_C,2091,1,1,60,4,42.61212379522308,75412.29797265127,4.375251454633224,370144.6151359681
2022-08-23 04:54:55.163111,Location_A,3611,3,3,90,1,83.2363539660995,59327.884164566705,2.8413162025710603,200369.19842634472
2022-08-22 04:54:55.163113,Location_A,4430,5,1,65,0,80.56488053633419,62062.00316087081,1.870351759726578,1289098.270466514
2022-08-21 04:54:55.163115,Location_B,2496,1,3,84,2,22.431855885352626,47965.30450302671,1.535112579975872,203567.62708606722
2022-08-20 04:54:55.163118,Location_B,1812,4,2,28,1,22.60790710105627,82648.00328878823,4.81322867032949,1689235.5010146343
2022-08-19 04:54:55.163120,Location_C,1785,3,2,16,0,81.73053122132367,65901.23196136874,1.2906623503246268,1072683.3982956628
2022-08-18 04:54:55.163122,Location_C,4811,4,1,47,4,93.03984201693255,52459.81799248905,1.7963736797437027,1101314.486704914
2022-08-17 04:54:55.163125,Location_A,2883,1,3,81,0,9.536092127300355,71723.50810326652,2.391289389732184,1167029.564653169
2022-08-16 04:54:55.163127,Location_C,3739,4,2,92,0,45.005863942622526,99701.41164359261,3.480939395844482,424546.0419818004
2022-08-15 04:54:55.163129,Location_B,2639,4,1,58,0,33.745427896422896,60468.35957595877,3.1792043411043935,475611.5759175263
2022-08-14 04:54:55.163132,Location_B,2204,1,1,76,2,87.06884554574394,94448.39805450337,1.502573969649256,705752.9134587089
2022-08-13 04:54:55.163134,Location_A,862,5,2,27,0,8.352491468001876,54151.17879471963,2.1589119349528585,1227643.1900615178
2022-08-12 04:54:55.163136,Location_B,3104,4,2,53,2,21.112594255803742,33831.28948474901,1.9550070843440963,499223.77428640757
2022-08-11 04:54:55.163139,Location_B,2216,4,1,42,4,75.24683375864943,44296.94744579002,1.8541714179613655,321030.2815531964
2022-08-10 04:54:55.163141,Location_B,4951,5,3,59,2,5.129384898121558,59308.66003293789,2.644577345919948,1943222.084195021
2022-08-09 04:54:55.163143,Location_B,4786,4,3,47,4,49.25353807142893,45374.44500161983,3.8161258103666276,141765.44813828354
2022-08-08 04:54:55.163146,Location_A,4238,4,3,94,4,44.210703467972,30015.892675277886,1.8698117288689438,1625125.0701384412
2022-08-07 04:54:55.163148,Location_A,2969,4,1,34,2,33.44011789887487,94050.10764232691,2.4667155188119256,1597266.7841925418
2022-08-06 04:54:55.163150,Location_C,1056,2,2,37,1,39.457231531892376,89071.55878616503,2.563669707364649,664706.8163056824
2022-08-05 04:54:55.163153,Location_B,1325,5,1,6,3,52.99405869302329,81960.4562040863,4.905826117741641,357690.5704138955
2022-08-04 04:54:55.163155,Location_C,3308,4,2,7,0,16.136735838838312,41747.02169522201,4.818665427516276,376694.4287403045
2022-08-03 04:54:55.163158,Location_A,3219,5,3,96,3,57.19958782835928,38425.450334699024,4.200550331008303,1425120.0727506657
2022-08-02 04:54:55.163160,Location_A,4008,3,3,96,0,80.54323292999864,34732.33246306682,1.9666356832767407,1321332.52306373
2022-08-01 04:54:55.163162,Location_A,4241,3,2,25,0,76.01609297901591,80682.04321410449,1.2721492563666787,1587216.7810776348
2022-07-31 04:54:55.163165,Location_A,2074,4,2,33,4,15.389990469377368,95016.55724815198,2.267616550882499,1881214.227558299
2022-07-30 04:54:55.163167,Location_A,4498,5,1,55,0,14.92494697414739,60137.50746391259,2.0671781977353234,1414661.9902065247
2022-07-29 04:54:55.163169,Location_A,2629,5,3,58,0,26.817436774491334,38339.847039723376,3.0237032005855755,396117.9194477426
2022-07-28 04:54:55.163172,Location_A,2903,5,1,7,2,36.10747263410372,65867.49745124746,4.110911640271173,562540.9718542802
2022-07-27 04:54:55.163186,Location_B,3829,2,1,57,3,40.84555814084826,54418.233522104114,4.433291755515432,1700168.0886589177
