"Date","Price","Open","High","Low","Vol.","Change %"
"05/12/2024","83.302","83.547","83.618","83.260","","-0.29%"
"05/05/2024","83.541","83.391","83.560","83.390","","0.20%"
"04/28/2024","83.376","83.403","83.591","83.308","","-0.03%"
"04/21/2024","83.400","83.423","83.457","83.251","","0.05%"
"04/14/2024","83.358","83.481","83.747","83.362","","-0.22%"
"04/07/2024","83.540","83.344","83.622","83.147","","0.30%"
"03/31/2024","83.293","83.343","83.585","83.241","","-0.07%"
"03/24/2024","83.350","83.465","83.548","83.254","","-0.28%"
"03/17/2024","83.582","82.891","83.733","82.825","","0.84%"
"03/10/2024","82.883","82.754","82.995","82.645","","0.17%"
"03/03/2024","82.739","82.845","82.942","82.659","","-0.12%"
"02/25/2024","82.841","82.873","82.967","82.832","","-0.02%"
"02/18/2024","82.859","82.987","83.061","82.812","","-0.19%"
"02/11/2024","83.013","83.025","83.127","82.951","","0.02%"
"02/04/2024","83.000","83.011","83.100","82.893","","0.00%"
"01/28/2024","82.999","83.149","83.177","82.826","","-0.14%"
"01/21/2024","83.115","83.077","83.192","83.054","","0.03%"
"01/14/2024","83.086","82.835","83.217","82.775","","0.28%"
"01/07/2024","82.857","83.124","83.188","82.779","","-0.30%"
"12/31/2023","83.103","83.240","83.359","83.067","","-0.10%"
"12/24/2023","83.190","83.179","83.368","83.099","","0.03%"
"12/17/2023","83.166","83.018","83.291","82.910","","0.18%"
"12/10/2023","83.020","83.409","83.451","82.927","","-0.49%"
"12/03/2023","83.425","83.217","83.465","83.215","","0.20%"
"11/26/2023","83.260","83.324","83.433","83.240","","-0.10%"
"11/19/2023","83.340","83.265","83.424","83.225","","0.12%"
"11/12/2023","83.244","83.309","83.343","82.906","","-0.08%"
"11/05/2023","83.309","83.107","83.499","83.085","","0.20%"
"10/29/2023","83.140","83.280","83.337","83.134","","-0.15%"
"10/22/2023","83.265","83.160","83.301","82.956","","0.14%"
"10/15/2023","83.150","83.264","83.310","83.012","","-0.13%"
"10/08/2023","83.255","83.187","83.348","83.110","","0.17%"
"10/01/2023","83.118","83.165","83.346","83.118","","0.11%"
"09/24/2023","83.030","83.057","83.316","83.012","","0.07%"
"09/17/2023","82.970","83.106","83.360","82.769","","-0.12%"
"09/10/2023","83.069","82.955","83.202","82.815","","0.08%"
"09/03/2023","83.004","82.670","83.271","82.650","","0.38%"
"08/27/2023","82.689","82.585","82.842","82.527","","0.06%"
"08/20/2023","82.637","83.193","83.217","82.359","","-0.61%"
"08/13/2023","83.140","82.895","83.467","82.895","","0.29%"
"08/06/2023","82.898","82.739","82.984","82.589","","0.24%"
"07/30/2023","82.696","82.225","82.892","82.225","","0.54%"
"07/23/2023","82.253","82.033","82.377","81.690","","0.32%"
"07/16/2023","81.990","82.132","82.215","81.897","","-0.11%"
"07/09/2023","82.077","82.668","82.712","81.943","","-0.65%"
"07/02/2023","82.615","82.036","82.815","81.755","","0.63%"
"06/25/2023","82.096","81.950","82.128","81.920","","0.14%"
"06/18/2023","81.985","81.976","82.172","81.867","","0.09%"
"06/11/2023","81.915","82.438","82.497","81.825","","-0.64%"
"06/04/2023","82.445","82.434","82.685","82.394","","0.05%"
"05/28/2023","82.403","82.566","82.793","82.257","","-0.21%"
"05/21/2023","82.575","82.798","82.895","82.522","","-0.40%"
"05/14/2023","82.905","82.246","82.953","82.180","","0.86%"
"05/07/2023","82.201","81.709","82.252","81.672","","0.58%"
"04/30/2023","81.725","81.815","81.970","81.670","","-0.02%"
"04/23/2023","81.745","82.093","82.132","81.601","","-0.38%"
"04/16/2023","82.055","81.913","82.364","81.864","","0.26%"
"04/09/2023","81.845","81.843","82.170","81.567","","-0.05%"
"04/02/2023","81.885","82.387","82.497","81.785","","-0.37%"
"03/26/2023","82.185","82.370","82.450","82.034","","-0.19%"
"03/19/2023","82.339","82.495","82.724","82.032","","-0.24%"
"03/12/2023","82.540","81.692","82.912","81.692","","0.70%"
"03/05/2023","81.965","81.754","82.300","81.595","","0.31%"
"02/26/2023","81.710","82.887","82.978","81.710","","-1.47%"
"02/19/2023","82.925","82.719","83.027","82.562","","0.19%"
"02/12/2023","82.765","82.567","83.034","82.566","","0.30%"
"02/05/2023","82.520","82.393","82.888","82.320","","0.35%"
"01/29/2023","82.233","81.548","82.338","81.458","","0.88%"
"01/22/2023","81.515","80.908","81.780","80.864","","0.66%"
"01/15/2023","80.984","81.227","81.893","80.961","","-0.37%"
"01/08/2023","81.285","82.211","82.447","81.105","","-1.20%"
"01/01/2023","82.275","82.665","83.016","82.275","","-0.57%"
"12/25/2022","82.745","82.797","82.956","82.540","","-0.05%"
"12/18/2022","82.790","82.760","82.971","82.552","","0.07%"
"12/11/2022","82.733","82.435","82.993","82.380","","0.38%"
"12/04/2022","82.420","81.260","82.775","81.190","","1.21%"
"11/27/2022","81.438","81.818","81.860","81.008","","-0.34%"
"11/20/2022","81.713","81.671","81.950","81.445","","0.08%"
"11/13/2022","81.644","80.528","81.856","80.528","","1.41%"
"11/06/2022","80.505","82.077","82.347","80.483","","-1.80%"
"10/30/2022","81.982","82.379","82.989","81.978","","-0.35%"
"10/23/2022","82.268","82.606","82.871","81.946","","-0.33%"
"10/16/2022","82.541","82.413","83.275","82.011","","0.21%"
"10/09/2022","82.367","82.707","82.722","82.111","","-0.56%"
"10/02/2022","82.832","81.517","82.832","81.278","","1.61%"
"09/25/2022","81.522","81.323","82.017","81.154","","0.33%"
"09/18/2022","81.255","79.691","81.271","79.574","","1.95%"
"09/11/2022","79.698","79.660","79.870","79.011","","0.05%"
"09/04/2022","79.655","79.920","79.977","79.454","","-0.08%"
"08/28/2022","79.722","79.979","80.135","79.278","","-0.31%"
"08/21/2022","79.971","79.886","80.004","79.675","","0.06%"
"08/14/2022","79.925","79.648","79.925","79.143","","0.34%"
"08/07/2022","79.651","79.410","79.755","79.011","","0.36%"
"07/31/2022","79.365","79.175","79.818","78.385","","0.02%"
"07/24/2022","79.351","79.772","79.989","79.175","","-0.62%"
"07/17/2022","79.845","79.803","80.080","79.702","","0.08%"
"07/10/2022","79.785","79.275","80.235","79.275","","0.62%"
"07/03/2022","79.290","78.984","79.440","78.871","","0.42%"
"06/26/2022","78.956","78.291","79.159","78.204","","0.90%"
"06/19/2022","78.255","78.000","78.415","77.876","","0.39%"
"06/12/2022","77.952","78.185","78.323","77.905","","-0.25%"
"06/05/2022","78.144","77.689","78.208","77.565","","0.68%"
"05/29/2022","77.615","77.601","77.745","77.383","","-0.01%"
"05/22/2022","77.624","77.678","77.738","77.445","","-0.31%"
"05/15/2022","77.865","77.505","77.903","77.367","","0.50%"
"05/08/2022","77.480","76.982","77.640","76.982","","0.65%"
"05/01/2022","76.979","76.523","77.079","76.007","","0.58%"
"04/24/2022","76.535","76.543","76.804","76.264","","0.08%"
"04/17/2022","76.475","76.300","76.560","76.073","","0.19%"
"04/10/2022","76.332","75.966","76.365","75.805","","0.49%"
"04/03/2022","75.960","75.922","76.077","75.260","","-0.05%"
"03/27/2022","75.995","76.332","76.402","75.561","","-0.38%"
"03/20/2022","76.285","76.034","76.525","75.973","","0.29%"
"03/13/2022","76.065","76.649","76.715","75.745","","-0.58%"
"03/06/2022","76.511","76.678","77.186","76.078","","0.11%"
"02/27/2022","76.425","75.755","76.438","75.270","","1.80%"
"02/20/2022","75.075","74.582","75.835","74.341","","0.52%"
"02/13/2022","74.687","75.560","75.738","74.469","","-0.88%"
"02/06/2022","75.348","74.699","75.530","74.599","","0.94%"
"01/30/2022","74.645","75.013","75.055","74.410","","-0.53%"
"01/23/2022","75.046","74.358","75.320","74.293","","0.86%"
"01/16/2022","74.409","74.192","74.747","74.147","","0.34%"
"01/09/2022","74.156","74.215","74.235","73.745","","-0.16%"
"01/02/2022","74.278","74.465","74.710","74.246","","-0.28%"
"12/26/2021","74.486","75.018","75.189","74.106","","-0.69%"
"12/19/2021","75.004","76.048","76.207","74.998","","-1.33%"
"12/12/2021","76.013","75.697","76.435","75.593","","0.39%"
"12/05/2021","75.718","75.202","75.885","75.202","","0.63%"
"11/28/2021","75.241","74.826","75.349","74.797","","0.23%"
"11/21/2021","75.065","74.355","75.105","74.306","","0.96%"
"11/14/2021","74.350","74.361","74.547","74.027","","0.00%"
"11/07/2021","74.347","74.212","74.595","73.834","","0.21%"
"10/31/2021","74.191","74.947","75.057","74.171","","-0.99%"
"10/24/2021","74.935","74.959","75.197","74.755","","-0.09%"
"10/17/2021","74.999","75.026","75.394","74.672","","-0.04%"
"10/10/2021","75.030","75.117","75.682","74.882","","-0.13%"
"10/03/2021","75.131","74.147","75.197","74.135","","1.32%"
"09/26/2021","74.150","73.700","74.389","73.625","","0.45%"
"09/19/2021","73.821","73.826","73.938","73.558","","0.24%"
"09/12/2021","73.645","73.545","73.787","73.335","","0.16%"
"09/05/2021","73.524","72.998","73.879","72.972","","0.72%"
"08/29/2021","72.997","73.464","73.565","72.918","","-0.65%"
"08/22/2021","73.475","74.251","74.311","73.454","","-1.18%"
"08/15/2021","74.352","74.227","74.483","74.118","","0.15%"
"08/08/2021","74.242","74.238","74.507","74.101","","0.00%"
"08/01/2021","74.242","74.342","74.432","74.041","","-0.14%"
"07/25/2021","74.344","74.439","74.547","74.222","","-0.11%"
"07/18/2021","74.427","74.676","75.028","74.303","","-0.25%"
"07/11/2021","74.610","74.526","74.674","74.400","","0.17%"
"07/04/2021","74.487","74.526","74.867","74.236","","-0.04%"
"06/27/2021","74.518","74.160","74.887","74.160","","0.40%"
"06/20/2021","74.220","74.102","74.418","74.051","","0.13%"
"06/13/2021","74.120","73.272","74.301","73.117","","1.19%"
"06/06/2021","73.245","72.898","73.262","72.743","","0.51%"
"05/30/2021","72.870","72.380","73.333","72.350","","0.64%"
"05/23/2021","72.410","72.866","72.988","72.320","","-0.57%"
"05/16/2021","72.827","73.286","73.340","72.760","","-0.65%"
"05/09/2021","73.300","73.283","73.662","73.189","","0.06%"
"05/02/2021","73.254","74.252","74.327","73.248","","-1.08%"
"04/25/2021","74.055","74.728","74.919","73.945","","-1.17%"
"04/18/2021","74.930","74.556","75.571","74.515","","0.52%"
"04/11/2021","74.540","74.968","75.547","74.292","","-0.26%"
"04/04/2021","74.734","73.324","74.987","73.218","","1.84%"
"03/28/2021","73.385","72.539","73.638","72.488","","1.06%"
"03/21/2021","72.615","72.445","72.728","72.268","","0.28%"
"03/14/2021","72.413","72.668","72.796","72.326","","-0.38%"
"03/07/2021","72.690","73.205","73.409","72.580","","-0.68%"
"02/28/2021","73.190","73.593","73.790","72.602","","-1.01%"
"02/21/2021","73.937","72.563","74.072","72.275","","1.90%"
"02/14/2021","72.560","72.608","72.971","72.417","","-0.05%"
"02/07/2021","72.595","72.815","73.014","72.565","","-0.30%"
"01/31/2021","72.815","72.903","73.195","72.770","","-0.12%"
"01/24/2021","72.906","72.977","73.210","72.810","","-0.11%"
"01/17/2021","72.985","73.126","73.325","72.883","","-0.20%"
"01/10/2021","73.130","73.431","73.591","72.922","","-0.29%"
"01/03/2021","73.340","73.089","73.495","72.827","","0.29%"
"12/27/2020","73.125","73.561","73.612","72.942","","-0.59%"
"12/20/2020","73.558","73.575","74.105","73.504","","-0.02%"
"12/13/2020","73.575","73.741","73.741","73.367","","-0.22%"
"12/06/2020","73.738","73.805","73.977","73.502","","-0.05%"
"11/29/2020","73.776","73.951","74.028","73.410","","-0.22%"
"11/22/2020","73.935","74.120","74.271","73.712","","-0.25%"
"11/15/2020","74.120","74.598","74.640","74.062","","-0.62%"
"11/08/2020","74.582","73.995","74.769","73.650","","0.82%"
"11/01/2020","73.976","74.567","74.997","73.842","","-0.79%"
"10/25/2020","74.567","73.853","74.716","73.606","","0.98%"
"10/18/2020","73.842","73.455","73.899","73.284","","0.54%"
"10/11/2020","73.444","73.015","73.520","73.015","","0.58%"
"10/04/2020","73.020","73.303","73.615","72.966","","-0.38%"
"09/27/2020","73.295","73.688","73.915","73.004","","-0.53%"
"09/20/2020","73.685","73.548","74.062","73.270","","0.20%"
"09/13/2020","73.540","73.480","73.781","73.143","","0.14%"
"09/06/2020","73.440","73.299","73.976","73.035","","0.20%"
"08/30/2020","73.291","73.114","73.702","72.751","","0.24%"
"08/23/2020","73.115","74.922","74.922","73.115","","-2.41%"
"08/16/2020","74.922","74.875","75.131","74.571","","0.03%"
"08/09/2020","74.903","75.052","75.052","74.550","","-0.16%"
"08/02/2020","75.025","74.929","75.320","74.759","","0.14%"
"07/26/2020","74.918","74.760","74.955","74.662","","0.21%"
"07/19/2020","74.760","74.906","75.035","74.510","","-0.18%"
"07/12/2020","74.898","75.207","75.542","74.898","","-0.39%"
"07/05/2020","75.195","74.639","75.333","74.485","","0.75%"
"06/28/2020","74.636","75.620","75.652","74.567","","-1.30%"
"06/21/2020","75.620","76.268","76.303","75.435","","-0.84%"
"06/14/2020","76.260","76.058","76.400","75.780","","0.28%"
"06/07/2020","76.050","75.580","76.260","75.401","","0.65%"
"05/31/2020","75.560","75.470","75.770","74.962","","-0.06%"
"05/24/2020","75.605","75.963","76.122","75.400","","-0.45%"
"05/17/2020","75.950","75.838","76.070","75.386","","0.16%"
"05/10/2020","75.830","75.546","75.978","75.034","","0.39%"
"05/03/2020","75.535","75.773","76.168","75.285","","-0.28%"
"04/26/2020","75.749","76.272","76.448","74.910","","-0.68%"
"04/19/2020","76.270","76.558","77.018","75.825","","-0.37%"
"04/12/2020","76.550","75.887","76.922","75.887","","0.88%"
"04/05/2020","75.879","76.248","76.559","75.528","","-0.47%"
"03/29/2020","76.240","75.125","76.430","75.077","","1.02%"
"03/22/2020","75.472","75.368","76.379","74.353","","0.10%"
"03/15/2020","75.399","74.005","75.399","73.859","","2.11%"
"03/08/2020","73.840","73.971","74.576","73.531","","-0.22%"
"03/01/2020","74.004","72.519","74.073","72.027","","2.02%"
"02/23/2020","72.539","71.905","72.574","71.534","","0.92%"
"02/16/2020","71.880","71.420","72.056","71.250","","0.49%"
"02/09/2020","71.529","71.392","71.597","71.175","","0.02%"
"02/02/2020","71.515","71.535","71.665","71.100","","-0.06%"
"01/26/2020","71.555","71.480","71.665","71.170","","0.32%"
"01/19/2020","71.330","71.070","71.465","71.010","","0.35%"
"01/12/2020","71.079","70.798","71.099","70.675","","0.17%"
"01/05/2020","70.960","72.018","72.130","70.848","","-1.13%"
"12/29/2019","71.770","71.340","71.844","71.230","","0.44%"
"12/22/2019","71.455","71.118","71.505","71.115","","0.56%"
"12/15/2019","71.060","70.760","71.256","70.760","","0.37%"
"12/08/2019","70.798","71.293","71.293","70.503","","-0.68%"
"12/01/2019","71.283","71.795","71.835","71.170","","-0.65%"
"11/24/2019","71.749","71.693","71.872","71.226","","-0.06%"
"11/17/2019","71.792","71.666","72.011","71.566","","0.20%"
"11/10/2019","71.650","71.370","72.250","71.290","","0.41%"
"11/03/2019","71.360","70.560","71.364","70.560","","0.85%"
"10/27/2019","70.760","70.819","71.065","70.681","","-0.08%"
"10/20/2019","70.820","71.080","71.090","70.720","","-0.38%"
"10/13/2019","71.090","70.893","71.730","70.740","","0.23%"
"10/06/2019","70.924","70.961","71.234","70.799","","0.14%"
"09/29/2019","70.825","70.425","71.365","70.358","","0.45%"
"09/22/2019","70.509","71.026","71.154","70.364","","-0.80%"
"09/15/2019","71.075","71.685","71.987","70.685","","0.13%"
"09/08/2019","70.985","71.715","72.012","70.847","","-0.92%"
"09/01/2019","71.645","71.465","72.418","71.465","","0.27%"
"08/25/2019","71.453","71.917","72.257","71.357","","-0.08%"
"08/18/2019","71.513","71.221","72.061","71.070","","0.50%"
"08/11/2019","71.155","71.002","71.817","70.845","","0.33%"
"08/04/2019","70.924","70.118","71.198","70.118","","1.76%"
"07/28/2019","69.700","68.905","69.700","68.657","","1.19%"
"07/21/2019","68.880","68.955","69.151","68.816","","0.03%"
"07/14/2019","68.860","68.540","69.010","68.482","","0.44%"
"07/07/2019","68.560","68.579","68.853","68.280","","0.16%"
"06/30/2019","68.450","68.949","69.095","68.385","","-0.73%"
"06/23/2019","68.950","69.619","69.620","68.866","","-0.96%"
"06/16/2019","69.615","69.805","69.977","69.329","","-0.31%"
"06/09/2019","69.833","69.380","69.865","69.272","","0.69%"
"06/02/2019","69.355","69.617","69.621","69.035","","-0.32%"
"05/26/2019","69.580","69.405","70.008","69.355","","0.29%"
"05/19/2019","69.380","69.395","70.070","69.363","","-1.28%"
"05/12/2019","70.280","70.007","70.644","69.958","","0.38%"
"05/05/2019","70.015","69.316","70.282","69.286","","1.33%"
"04/28/2019","69.095","69.879","69.918","69.095","","-1.08%"
"04/21/2019","69.850","69.366","70.335","69.366","","0.64%"
"04/14/2019","69.407","69.164","69.685","69.035","","0.31%"
"04/07/2019","69.190","69.340","69.740","68.837","","0.03%"
"03/31/2019","69.170","69.351","69.419","68.390","","-0.02%"
"03/24/2019","69.185","69.154","69.360","68.772","","0.02%"
"03/17/2019","69.170","68.964","69.175","68.355","","0.30%"
"03/10/2019","68.963","70.042","70.055","68.935","","-1.50%"
"03/03/2019","70.012","70.822","70.988","69.827","","-1.39%"
"02/24/2019","71.000","71.027","71.491","70.713","","-0.05%"
"02/17/2019","71.035","71.334","71.607","70.925","","-0.41%"
"02/10/2019","71.330","71.240","71.464","70.402","","0.22%"
"02/03/2019","71.175","71.474","71.850","71.015","","-0.36%"
"01/27/2019","71.435","70.925","71.485","70.870","","0.75%"
"01/20/2019","70.900","71.204","71.537","70.890","","-0.44%"
"01/13/2019","71.210","70.400","71.422","70.360","","1.15%"
"01/06/2019","70.399","69.526","70.661","69.250","","1.22%"
"12/30/2018","69.550","69.783","70.531","69.440","","-0.55%"
"12/23/2018","69.933","70.162","70.404","69.762","","-0.30%"
"12/16/2018","70.140","71.900","71.900","69.648","","-2.47%"
"12/09/2018","71.920","71.360","72.637","71.240","","1.50%"
"12/02/2018","70.860","69.880","71.150","69.880","","1.74%"
"11/25/2018","69.650","70.495","71.035","69.570","","-1.42%"
"11/18/2018","70.655","71.925","72.082","70.655","","-1.84%"
"11/11/2018","71.980","72.735","73.067","71.715","","-0.69%"
"11/04/2018","72.480","72.808","73.135","72.375","","0.06%"
"10/28/2018","72.440","73.355","74.135","72.430","","-1.39%"
"10/21/2018","73.460","73.305","73.828","73.095","","0.12%"
"10/14/2018","73.375","73.797","74.065","73.295","","-0.32%"
"10/07/2018","73.610","73.875","74.490","73.530","","-0.22%"
"09/30/2018","73.770","72.605","74.250","72.605","","1.74%"
"09/23/2018","72.510","72.480","72.965","72.340","","0.37%"
"09/16/2018","72.240","72.530","72.990","71.760","","0.50%"
"09/09/2018","71.880","72.140","72.920","71.535","","0.13%"
"09/02/2018","71.790","70.795","72.105","70.730","","1.11%"
"08/26/2018","71.005","69.765","71.025","69.705","","1.48%"
"08/19/2018","69.970","69.820","70.240","69.535","","-0.19%"
"08/12/2018","70.100","69.490","70.420","69.410","","1.76%"
"08/05/2018","68.890","68.575","69.025","68.455","","0.50%"
"07/29/2018","68.545","68.705","68.845","68.265","","-0.09%"
"07/22/2018","68.605","68.705","69.088","68.535","","-0.20%"
"07/15/2018","68.740","68.560","69.132","68.280","","0.35%"
"07/08/2018","68.500","68.570","68.900","68.335","","-0.44%"
"07/01/2018","68.805","68.490","69.030","68.335","","0.50%"
"06/24/2018","68.460","67.910","69.100","67.910","","0.87%"
"06/17/2018","67.870","68.160","68.390","67.715","","-0.28%"
"06/10/2018","68.060","67.445","68.065","67.275","","0.78%"
"06/03/2018","67.530","66.915","67.795","66.840","","0.80%"
"05/27/2018","66.995","67.505","67.990","66.995","","-1.09%"
"05/20/2018","67.730","68.110","68.485","67.718","","-0.38%"
"05/13/2018","67.990","67.252","68.143","67.215","","0.94%"
"05/06/2018","67.360","66.825","67.477","66.785","","0.81%"
"04/29/2018","66.820","66.600","66.920","66.350","","0.30%"
"04/22/2018","66.620","66.210","66.980","66.150","","0.62%"
"04/15/2018","66.210","65.330","66.210","65.320","","1.46%"
"04/08/2018","65.255","64.865","65.445","64.850","","0.50%"
"04/01/2018","64.930","65.120","65.185","64.890","","-0.28%"
"03/25/2018","65.115","64.895","65.295","64.727","","0.19%"
"03/18/2018","64.990","65.045","65.250","64.982","","0.00%"
"03/11/2018","64.990","64.970","65.075","64.810","","-0.21%"
"03/04/2018","65.125","65.055","65.195","64.855","","-0.15%"
"02/25/2018","65.220","64.660","65.320","64.630","","0.79%"
"02/18/2018","64.710","64.510","65.110","64.420","","0.77%"
"02/11/2018","64.215","64.285","64.345","63.815","","-0.25%"
"02/04/2018","64.375","64.235","64.438","64.005","","0.38%"
"01/28/2018","64.130","63.610","64.200","63.490","","0.85%"
"01/21/2018","63.590","63.890","64.010","63.460","","-0.38%"
"01/14/2018","63.830","63.465","64.130","63.340","","0.35%"
"01/07/2018","63.610","63.340","63.855","63.250","","0.43%"
"12/31/2017","63.340","63.860","63.870","63.323","","-0.78%"
"12/24/2017","63.840","64.040","64.280","63.790","","-0.28%"
"12/17/2017","64.020","64.160","64.730","63.945","","-0.09%"
"12/10/2017","64.080","64.460","64.560","64.015","","-0.62%"
"12/03/2017","64.480","64.560","64.610","64.230","","-0.06%"
"11/26/2017","64.520","64.720","64.833","64.280","","-0.25%"
"11/19/2017","64.680","64.980","65.130","64.555","","-0.52%"
"11/12/2017","65.015","65.365","65.545","64.625","","-0.27%"
"11/05/2017","65.190","64.670","65.208","64.615","","0.98%"
"10/29/2017","64.560","64.890","64.960","64.480","","-0.74%"
"10/22/2017","65.040","65.075","65.200","64.725","","0.00%"
"10/15/2017","65.040","64.750","65.165","64.695","","0.53%"
"10/08/2017","64.700","65.375","65.430","64.700","","-1.07%"
"10/01/2017","65.400","65.600","65.642","64.955","","0.14%"
"09/24/2017","65.310","64.845","65.895","64.725","","0.79%"
"09/17/2017","64.795","64.055","65.155","64.002","","1.07%"
"09/10/2017","64.110","63.905","64.175","63.837","","0.51%"
"09/03/2017","63.785","63.945","64.262","63.780","","-0.37%"
"08/27/2017","64.025","63.890","64.060","63.855","","0.03%"
"08/20/2017","64.005","64.075","64.157","64.005","","-0.14%"
"08/13/2017","64.095","63.985","64.328","63.935","","-0.07%"
"08/06/2017","64.140","63.715","64.270","63.620","","0.73%"
"07/30/2017","63.675","64.161","64.294","63.611","","-0.69%"
"07/23/2017","64.115","64.415","64.465","64.065","","-0.42%"
"07/16/2017","64.385","64.355","64.460","64.245","","-0.06%"
"07/09/2017","64.424","64.608","64.638","64.424","","-0.31%"
"07/02/2017","64.625","64.675","64.930","64.540","","0.01%"
"06/25/2017","64.620","64.465","64.840","64.405","","0.18%"
"06/18/2017","64.505","64.445","64.700","64.340","","0.06%"
"06/11/2017","64.465","64.355","64.750","64.245","","0.34%"
"06/04/2017","64.245","64.320","64.515","64.167","","-0.26%"
"05/28/2017","64.415","64.495","64.707","64.345","","-0.15%"
"05/21/2017","64.510","64.505","64.955","64.425","","-0.09%"
"05/14/2017","64.565","64.110","65.025","63.985","","0.50%"
"05/07/2017","64.243","64.245","64.700","64.195","","-0.11%"
"04/30/2017","64.315","64.285","64.395","64.115","","0.04%"
"04/23/2017","64.290","64.553","64.558","63.940","","-0.56%"
"04/16/2017","64.650","64.440","64.738","64.305","","0.26%"
"04/09/2017","64.480","64.320","64.745","64.278","","0.33%"
"04/02/2017","64.270","64.804","65.174","64.154","","-0.91%"
"03/26/2017","64.860","65.280","65.280","64.800","","-0.86%"
"03/19/2017","65.425","65.425","65.590","65.225","","-0.08%"
"03/12/2017","65.475","66.155","66.265","65.255","","-1.62%"
"03/05/2017","66.555","66.800","66.880","66.555","","-0.34%"
"02/26/2017","66.780","66.740","66.920","66.650","","0.20%"
"02/19/2017","66.645","67.085","67.085","66.615","","-0.65%"
"02/12/2017","67.080","66.920","67.167","66.800","","0.34%"
"02/05/2017","66.854","67.241","67.486","66.741","","-0.49%"
"01/29/2017","67.184","68.105","68.119","67.184","","-1.35%"
"01/22/2017","68.105","68.096","68.255","67.980","","0.04%"
"01/15/2017","68.075","68.183","68.335","67.870","","-0.15%"
"01/08/2017","68.180","68.126","68.511","67.960","","0.10%"
"01/01/2017","68.115","67.970","68.455","67.745","","0.24%"
"12/25/2016","67.955","67.841","68.261","67.705","","0.17%"
"12/18/2016","67.837","67.850","68.111","67.708","","-0.03%"
"12/11/2016","67.855","67.471","67.950","67.370","","0.57%"
"12/04/2016","67.470","68.026","68.280","67.318","","-0.82%"
"11/27/2016","68.031","68.519","68.810","68.010","","-0.71%"
"11/20/2016","68.519","68.185","68.881","68.020","","0.48%"
"11/13/2016","68.191","67.520","68.250","67.460","","0.93%"
"11/06/2016","67.565","66.820","67.565","66.252","","1.15%"
"10/30/2016","66.796","66.779","66.870","66.630","","0.03%"
"10/23/2016","66.778","66.919","66.960","66.691","","-0.22%"
"10/16/2016","66.926","66.718","67.005","66.610","","0.31%"
"10/09/2016","66.717","66.602","66.990","66.473","","0.17%"
"10/02/2016","66.602","66.556","66.890","66.373","","0.07%"
"09/25/2016","66.556","66.707","66.955","66.327","","-0.23%"
"09/18/2016","66.707","67.076","67.145","66.530","","-0.55%"
"09/11/2016","67.075","66.850","67.148","66.727","","0.27%"
"09/04/2016","66.895","66.625","66.895","66.275","","0.15%"
"08/28/2016","66.795","67.169","67.247","66.617","","-0.51%"
"08/21/2016","67.136","67.139","67.370","66.831","","0.00%"
"08/14/2016","67.137","66.910","67.205","66.688","","0.34%"
"08/07/2016","66.908","66.840","66.985","66.600","","0.10%"
"07/31/2016","66.842","66.720","67.015","66.570","","0.28%"
"07/24/2016","66.655","67.165","67.495","66.625","","-0.74%"
"07/17/2016","67.154","67.096","67.273","67.012","","0.02%"
"07/10/2016","67.141","67.139","67.308","66.802","","0.00%"
"07/03/2016","67.139","67.190","67.555","67.070","","-0.08%"
"06/26/2016","67.190","67.888","68.090","67.150","","-1.02%"
"06/19/2016","67.885","67.074","68.223","67.073","","1.21%"
"06/12/2016","67.074","66.960","67.454","66.900","","0.18%"
"06/05/2016","66.952","66.887","67.055","66.451","","-0.07%"
"05/29/2016","67.000","67.040","67.519","67.000","","-0.05%"
"05/22/2016","67.031","67.430","67.780","66.875","","-0.56%"
"05/15/2016","67.408","66.925","67.610","66.675","","0.83%"
"05/08/2016","66.855","66.601","66.925","66.395","","0.38%"
"05/01/2016","66.600","66.425","66.715","66.235","","0.26%"
"04/24/2016","66.425","66.660","66.852","66.290","","-0.35%"
"04/17/2016","66.660","66.660","66.731","66.095","","0.00%"
"04/10/2016","66.660","66.555","66.690","66.271","","0.16%"
"04/03/2016","66.551","66.310","66.826","66.024","","0.28%"
"03/27/2016","66.365","66.790","66.912","66.130","","-0.69%"
"03/20/2016","66.829","66.383","66.956","66.383","","0.67%"
"03/13/2016","66.384","66.973","67.460","66.256","","-0.80%"
"03/06/2016","66.921","66.989","67.515","66.895","","-0.03%"
"02/28/2016","66.938","68.737","68.792","66.881","","-2.62%"
"02/21/2016","68.737","68.690","68.909","68.384","","0.28%"
"02/14/2016","68.545","68.119","68.690","68.010","","0.63%"
"02/07/2016","68.118","67.880","68.496","67.780","","0.45%"
"01/31/2016","67.810","67.878","68.265","67.495","","-0.10%"
"01/24/2016","67.878","67.579","68.265","67.493","","0.49%"
"01/17/2016","67.549","67.791","68.180","67.500","","-0.33%"
"01/10/2016","67.775","66.874","67.869","66.708","","1.39%"
"01/03/2016","66.847","66.165","66.981","66.165","","0.92%"
"12/27/2015","66.235","66.030","66.495","66.030","","0.32%"
"12/20/2015","66.025","66.319","66.385","65.946","","-0.35%"
"12/13/2015","66.255","67.100","67.180","66.228","","-1.33%"
"12/06/2015","67.148","66.644","67.148","66.570","","0.76%"
"11/29/2015","66.643","66.835","66.995","66.385","","-0.39%"
"11/22/2015","66.907","66.095","66.910","66.057","","1.29%"
"11/15/2015","66.058","66.079","66.325","65.853","","0.00%"
"11/08/2015","66.059","66.420","66.500","66.005","","-0.12%"
"11/01/2015","66.140","65.413","66.140","65.330","","1.10%"
"10/25/2015","65.423","64.964","65.470","64.788","","0.82%"
"10/18/2015","64.892","64.703","65.230","64.681","","0.29%"
"10/11/2015","64.703","64.779","65.192","64.639","","-0.12%"
"10/04/2015","64.780","65.155","65.440","64.689","","-0.89%"
"09/27/2015","65.364","66.160","66.441","65.358","","-1.22%"
"09/20/2015","66.170","65.869","66.380","65.560","","0.46%"
"09/13/2015","65.868","66.242","66.520","65.670","","-0.56%"
"09/06/2015","66.241","66.726","66.913","66.238","","-0.67%"
"08/30/2015","66.685","66.150","66.785","66.040","","0.81%"
"08/23/2015","66.150","66.390","66.910","65.865","","0.18%"
"08/16/2015","66.034","65.097","66.045","65.061","","1.39%"
"08/09/2015","65.129","63.744","65.380","63.707","","2.18%"
"08/02/2015","63.739","63.996","64.190","63.650","","-0.39%"
"07/26/2015","63.988","64.160","64.270","63.740","","-0.18%"
"07/19/2015","64.106","63.483","64.180","63.470","","0.97%"
"07/12/2015","63.492","63.359","63.610","63.265","","0.21%"
"07/05/2015","63.358","63.427","63.660","63.254","","-0.08%"
"06/28/2015","63.411","63.523","63.950","63.296","","-0.06%"
"06/21/2015","63.452","63.532","63.710","63.440","","-0.08%"
"06/14/2015","63.500","64.100","64.330","63.420","","-0.94%"
"06/07/2015","64.100","64.111","64.200","63.750","","0.52%"
"05/31/2015","63.770","63.733","64.270","63.530","","0.04%"
"05/24/2015","63.743","63.511","64.170","63.490","","0.40%"
"05/17/2015","63.490","63.442","63.900","63.425","","0.08%"
"05/10/2015","63.440","63.705","64.390","63.347","","-0.43%"
"05/03/2015","63.711","63.692","64.290","63.310","","-0.01%"
"04/26/2015","63.719","63.747","63.780","63.027","","0.09%"
"04/19/2015","63.662","62.554","63.683","62.500","","1.78%"
"04/12/2015","62.550","62.184","62.575","62.180","","0.44%"
"04/05/2015","62.276","61.930","62.430","61.930","","0.51%"
"03/29/2015","61.960","62.534","62.700","61.936","","-0.90%"
"03/22/2015","62.523","62.410","62.851","62.140","","0.18%"
"03/15/2015","62.410","63.094","63.145","62.375","","-1.07%"
"03/08/2015","63.083","62.473","63.126","62.398","","1.00%"
"03/01/2015","62.460","61.712","62.463","61.659","","1.30%"
"02/22/2015","61.659","62.270","62.360","61.658","","-0.72%"
"02/15/2015","62.109","62.114","62.361","62.005","","0.05%"
"02/08/2015","62.076","62.058","62.540","61.930","","0.17%"
"02/01/2015","61.970","61.999","62.080","61.560","","-0.08%"
"01/25/2015","62.020","61.510","62.035","61.265","","0.94%"
"01/18/2015","61.440","61.650","61.910","61.373","","-0.70%"
"01/11/2015","61.870","62.350","62.350","61.485","","-0.78%"
"01/04/2015","62.355","63.440","63.630","62.300","","-1.47%"
"12/28/2014","63.285","63.675","63.805","63.045","","-0.44%"
"12/21/2014","63.562","63.245","63.690","63.135","","0.50%"
"12/14/2014","63.245","62.205","63.885","62.205","","1.15%"
"12/07/2014","62.525","61.980","62.535","61.770","","0.98%"
"11/30/2014","61.918","62.065","62.245","61.780","","-0.47%"
"11/23/2014","62.210","61.705","62.250","61.665","","0.72%"
"11/16/2014","61.767","61.625","62.225","61.625","","0.08%"
"11/09/2014","61.715","61.460","61.860","61.370","","0.32%"
"11/02/2014","61.520","61.515","61.700","61.300","","0.19%"
"10/26/2014","61.405","61.185","61.615","61.162","","0.38%"
"10/19/2014","61.170","61.310","61.380","61.010","","-0.32%"
"10/12/2014","61.365","61.285","61.950","60.935","","0.13%"
"10/05/2014","61.285","61.465","61.530","60.910","","-0.42%"
"09/28/2014","61.545","61.150","61.960","61.150","","0.65%"
"09/21/2014","61.145","60.785","61.625","60.745","","0.47%"
"09/14/2014","60.860","60.660","61.215","60.660","","0.34%"
"09/07/2014","60.655","60.295","61.040","60.203","","0.43%"
"08/31/2014","60.395","60.510","60.695","60.335","","-0.21%"
"08/24/2014","60.520","60.565","60.707","60.360","","0.08%"
"08/17/2014","60.470","60.775","60.885","60.365","","-0.51%"
"08/10/2014","60.780","61.095","61.315","60.775","","-0.60%"
"08/03/2014","61.145","61.205","61.745","60.695","","-0.11%"
"07/27/2014","61.215","60.060","61.225","60.060","","1.92%"
"07/20/2014","60.060","60.295","60.350","59.935","","-0.37%"
"07/13/2014","60.285","59.960","60.455","59.905","","0.32%"
"07/06/2014","60.095","59.815","60.315","59.585","","0.62%"
"06/29/2014","59.725","60.035","60.270","59.530","","-0.53%"
"06/22/2014","60.045","60.065","60.400","60.015","","-0.22%"
"06/15/2014","60.175","59.715","60.545","59.715","","0.78%"
"06/08/2014","59.710","59.110","59.810","58.980","","0.90%"
"06/01/2014","59.175","59.105","59.455","59.065","","-0.03%"
"05/25/2014","59.195","58.455","59.230","58.420","","1.14%"
"05/18/2014","58.525","58.555","58.875","58.255","","-0.10%"
"05/11/2014","58.585","59.915","60.125","58.585","","-2.30%"
"05/04/2014","59.965","60.085","60.245","59.870","","-0.37%"
"04/27/2014","60.185","60.615","60.750","60.105","","-0.76%"
"04/20/2014","60.645","60.265","61.195","60.265","","0.58%"
"04/13/2014","60.295","60.255","60.505","60.185","","0.19%"
"04/06/2014","60.180","59.905","60.345","59.765","","0.16%"
"03/30/2014","60.085","59.905","60.398","59.575","","0.33%"
"03/23/2014","59.890","60.860","60.860","59.690","","-1.66%"
"03/16/2014","60.900","61.125","61.385","60.865","","-0.50%"
"03/09/2014","61.205","61.255","61.555","60.605","","0.20%"
"03/02/2014","61.085","61.955","62.145","60.945","","-1.15%"
"02/23/2014","61.795","62.105","62.160","61.755","","-0.56%"
"02/16/2014","62.140","61.970","62.450","61.830","","0.46%"
"02/09/2014","61.855","62.365","62.495","61.845","","-0.72%"
"02/02/2014","62.305","62.705","62.835","62.250","","-0.61%"
"01/26/2014","62.685","62.885","63.325","62.105","","-0.02%"
"01/19/2014","62.695","61.685","62.745","61.465","","1.87%"
"01/12/2014","61.545","61.605","61.715","61.320","","-0.58%"
"01/05/2014","61.907","62.355","62.475","61.825","","-0.46%"
"12/29/2013","62.190","61.998","62.565","61.718","","0.40%"
"12/22/2013","61.940","62.113","62.175","61.724","","-0.10%"
"12/15/2013","62.000","62.065","62.495","61.630","","-0.31%"
"12/08/2013","62.195","60.840","62.297","60.840","","1.24%"
"12/01/2013","61.435","62.355","62.538","61.273","","-1.54%"
"11/24/2013","62.399","62.660","62.700","62.150","","-0.53%"
"11/17/2013","62.733","62.825","63.095","61.880","","-0.39%"
"11/10/2013","62.980","62.990","63.910","62.925","","0.80%"
"11/03/2013","62.480","61.745","62.834","61.615","","1.18%"
"10/27/2013","61.750","61.420","62.025","61.085","","0.46%"
"10/20/2013","61.465","61.355","61.845","61.085","","0.37%"
"10/13/2013","61.240","61.160","61.955","60.940","","0.36%"
"10/06/2013","61.020","61.510","62.310","60.960","","-0.68%"
"09/29/2013","61.435","62.985","63.035","61.255","","-1.73%"
"09/22/2013","62.515","62.265","62.920","61.773","","0.45%"
"09/15/2013","62.235","62.705","63.635","61.650","","-1.81%"
"09/08/2013","63.380","64.415","64.555","62.925","","-2.86%"
"09/01/2013","65.245","66.105","68.605","65.005","","-0.70%"
"08/25/2013","65.705","63.695","68.805","63.643","","3.96%"
"08/18/2013","63.205","62.365","65.575","62.240","","2.50%"
"08/11/2013","61.665","60.495","62.015","60.495","","1.62%"
"08/04/2013","60.680","61.023","61.868","60.680","","-0.70%"
"07/28/2013","61.105","58.955","61.200","58.955","","3.49%"
"07/21/2013","59.046","59.312","59.882","58.706","","-0.50%"
"07/14/2013","59.340","59.940","60.085","59.050","","-0.92%"
"07/07/2013","59.891","60.930","61.220","59.330","","-0.56%"
"06/30/2013","60.230","59.475","60.600","58.971","","1.17%"
"06/23/2013","59.533","59.595","60.770","59.210","","0.44%"
"06/16/2013","59.275","57.695","59.980","57.555","","3.08%"
"06/09/2013","57.505","57.265","58.995","57.172","","0.77%"
"06/02/2013","57.065","56.515","57.135","56.315","","0.86%"
"05/26/2013","56.580","55.760","56.770","55.530","","1.36%"
"05/19/2013","55.820","55.060","56.020","54.950","","1.69%"
"05/12/2013","54.895","54.913","55.035","54.550","","0.16%"
"05/05/2013","54.810","53.810","54.900","53.780","","1.86%"
"04/28/2013","53.810","54.408","54.408","53.640","","-1.05%"
"04/21/2013","54.380","53.925","54.445","53.925","","0.82%"
"04/14/2013","53.940","54.608","54.805","53.770","","-1.06%"
"04/07/2013","54.520","54.798","54.850","54.260","","-0.53%"
"03/31/2013","54.810","54.275","54.955","54.175","","0.97%"
"03/24/2013","54.285","54.355","54.515","54.055","","-0.12%"
"03/17/2013","54.350","54.010","54.570","53.900","","0.59%"
"03/10/2013","54.030","54.330","54.531","53.980","","-0.59%"
"03/03/2013","54.350","54.890","55.140","54.275","","-1.01%"
"02/24/2013","54.905","54.265","54.945","53.605","","1.15%"
"02/17/2013","54.280","54.215","54.625","54.030","","-0.08%"
"02/10/2013","54.325","53.515","54.355","53.515","","1.36%"
"02/03/2013","53.595","53.165","53.685","52.895","","0.80%"
"01/27/2013","53.170","53.665","54.055","53.075","","-1.17%"
"01/20/2013","53.800","53.725","53.970","53.385","","0.10%"
"01/13/2013","53.745","54.770","54.900","53.715","","-2.06%"
"01/06/2013","54.875","55.040","55.395","54.360","","-0.12%"
"12/30/2012","54.940","54.810","55.185","54.170","","0.33%"
"12/23/2012","54.760","55.035","55.215","54.685","","-0.55%"
"12/16/2012","55.065","54.375","55.285","54.285","","1.14%"
"12/09/2012","54.445","54.315","54.695","54.115","","0.18%"
"12/02/2012","54.345","54.365","54.975","54.030","","0.15%"
"11/25/2012","54.265","55.455","55.885","54.230","","-2.14%"
"11/18/2012","55.450","55.160","55.610","54.790","","0.52%"
"11/11/2012","55.165","54.585","55.195","54.585","","1.04%"
"11/04/2012","54.595","53.885","54.808","53.765","","1.45%"
"10/28/2012","53.815","53.855","54.209","53.602","","0.49%"
"10/21/2012","53.555","53.825","53.895","53.340","","-0.54%"
"10/14/2012","53.845","52.910","53.995","52.675","","1.96%"
"10/07/2012","52.810","51.885","53.185","51.745","","1.72%"
"09/30/2012","51.915","52.835","53.015","51.365","","-1.78%"
"09/23/2012","52.855","53.410","53.635","52.505","","-0.96%"
"09/16/2012","53.365","53.765","54.420","53.330","","-1.73%"
"09/09/2012","54.305","55.305","55.545","54.295","","-1.91%"
"09/02/2012","55.365","55.528","56.030","55.275","","-0.29%"
"08/26/2012","55.525","55.420","55.885","55.345","","0.04%"
"08/19/2012","55.505","55.665","55.685","55.130","","-0.41%"
"08/12/2012","55.735","55.341","56.040","55.188","","0.81%"
"08/05/2012","55.285","55.485","55.655","54.960","","-0.84%"
"07/29/2012","55.755","55.245","56.200","55.135","","0.90%"
"07/22/2012","55.255","55.315","56.445","55.235","","-0.13%"
"07/15/2012","55.325","54.905","55.550","54.767","","0.33%"
"07/08/2012","55.145","55.928","56.075","55.105","","-0.48%"
"07/01/2012","55.410","55.490","55.920","54.180","","-0.18%"
"06/24/2012","55.510","56.730","57.250","55.510","","-2.83%"
"06/17/2012","57.125","55.325","57.330","55.265","","3.12%"
"06/10/2012","55.395","55.130","56.080","55.020","","-0.05%"
"06/03/2012","55.425","55.510","55.920","54.830","","-0.22%"
"05/27/2012","55.545","55.300","56.530","55.020","","0.31%"
"05/20/2012","55.375","54.460","56.392","54.440","","1.75%"
"05/13/2012","54.425","53.665","54.915","53.535","","1.47%"
"05/06/2012","53.635","53.415","53.915","52.675","","0.30%"
"04/29/2012","53.475","52.515","53.925","52.395","","1.77%"
"04/22/2012","52.545","52.090","52.870","51.945","","0.90%"
"04/15/2012","52.075","51.530","52.205","51.335","","1.02%"
"04/08/2012","51.550","51.150","51.650","51.030","","0.85%"
"04/01/2012","51.115","50.845","51.235","50.514","","0.47%"
"03/25/2012","50.875","51.175","51.490","50.565","","-0.59%"
"03/18/2012","51.175","50.175","51.295","50.072","","2.06%"
"03/11/2012","50.140","49.725","50.500","49.725","","0.76%"
"03/04/2012","49.760","49.522","50.763","49.480","","0.47%"
"02/26/2012","49.525","49.015","49.605","48.835","","1.04%"
"02/19/2012","49.015","49.335","49.335","48.940","","-0.63%"
"02/12/2012","49.325","49.365","49.555","49.105","","-0.07%"
"02/05/2012","49.360","48.610","49.770","48.610","","1.54%"
"01/29/2012","48.610","49.360","49.815","48.610","","-1.59%"
"01/22/2012","49.395","50.415","50.415","49.305","","-1.66%"
"01/15/2012","50.230","51.442","51.805","50.080","","-2.35%"
"01/08/2012","51.440","52.682","52.885","51.310","","-2.35%"
"01/01/2012","52.680","53.265","53.350","52.615","","-0.63%"
"12/25/2011","53.015","52.775","53.495","52.665","","0.43%"
"12/18/2011","52.790","52.480","53.250","52.400","","0.55%"
"12/11/2011","52.500","52.180","54.330","52.130","","1.20%"
"12/04/2011","51.875","51.065","52.355","50.945","","1.50%"
"11/27/2011","51.110","52.130","52.435","51.110","","-1.98%"
"11/20/2011","52.140","51.180","52.735","51.100","","1.77%"
"11/13/2011","51.235","49.965","51.405","49.865","","2.46%"
"11/06/2011","50.005","49.105","50.370","48.935","","2.05%"
"10/30/2011","49.000","48.760","49.567","48.540","","0.78%"
"10/23/2011","48.620","49.810","50.020","48.620","","-2.47%"
"10/16/2011","49.850","48.940","50.330","48.690","","1.69%"
"10/09/2011","49.020","49.020","49.485","48.760","","-0.04%"
"10/02/2011","49.040","48.970","49.580","48.900","","0.04%"
"09/25/2011","49.020","49.350","49.785","48.660","","-0.67%"
"09/18/2011","49.350","47.330","49.895","47.250","","4.27%"
"09/11/2011","47.330","46.450","48.010","46.350","","1.81%"
"09/04/2011","46.490","45.760","46.670","45.660","","1.54%"
"08/28/2011","45.785","46.055","46.145","45.655","","-0.81%"
"08/21/2011","46.160","45.755","46.225","45.500","","1.07%"
"08/14/2011","45.670","45.300","45.758","45.110","","0.59%"
"08/07/2011","45.400","44.650","45.460","44.580","","1.52%"
"07/31/2011","44.720","44.110","44.855","43.970","","1.15%"
"07/24/2011","44.210","44.280","44.447","43.860","","-0.32%"
"07/17/2011","44.350","44.440","44.670","44.270","","-0.37%"
"07/10/2011","44.515","44.345","44.765","44.295","","0.30%"
"07/03/2011","44.380","44.550","44.550","44.200","","-0.56%"
"06/26/2011","44.630","44.910","45.150","44.500","","-0.81%"
"06/19/2011","44.995","44.735","45.060","44.625","","0.44%"
"06/12/2011","44.800","44.690","44.975","44.550","","0.16%"
"06/05/2011","44.730","44.750","44.835","44.530","","-0.22%"
"05/29/2011","44.830","45.110","45.148","44.700","","-0.77%"
"05/22/2011","45.180","44.910","45.438","44.900","","0.51%"
"05/15/2011","44.950","44.830","45.185","44.750","","0.19%"
"05/08/2011","44.865","44.675","45.055","44.535","","0.30%"
"05/01/2011","44.730","44.220","44.910","44.150","","1.07%"
"04/24/2011","44.255","44.197","44.633","44.145","","0.15%"
"04/17/2011","44.190","44.230","44.705","44.120","","-0.19%"
"04/10/2011","44.275","44.045","44.612","43.907","","0.44%"
"04/03/2011","44.080","44.420","44.487","44.000","","-0.71%"
"03/27/2011","44.395","44.665","44.922","44.395","","-0.69%"
"03/20/2011","44.705","44.955","45.120","44.525","","-0.69%"
"03/13/2011","45.015","45.165","45.377","44.955","","-0.13%"
"03/06/2011","45.075","44.865","45.300","44.825","","0.37%"
"02/27/2011","44.910","45.240","45.330","44.820","","-0.81%"
"02/20/2011","45.275","45.085","45.517","44.885","","0.35%"
"02/13/2011","45.115","45.495","45.615","45.135","","-1.10%"
"02/06/2011","45.615","45.515","45.795","45.075","","0.09%"
"01/30/2011","45.575","45.815","46.025","45.365","","-0.75%"
"01/23/2011","45.920","45.560","45.920","45.420","","0.64%"
"01/16/2011","45.630","45.290","45.840","45.180","","0.58%"
"01/09/2011","45.365","45.285","45.565","44.905","","0.02%"
"01/02/2011","45.355","44.625","45.535","44.525","","1.44%"
"12/26/2010","44.713","44.983","45.293","44.662","","-0.70%"
"12/19/2010","45.030","45.160","45.680","44.920","","-0.32%"
"12/12/2010","45.175","44.945","45.635","44.855","","0.43%"
"12/05/2010","44.980","44.830","45.370","44.590","","0.14%"
"11/28/2010","44.915","45.765","46.125","44.905","","-1.99%"
"11/21/2010","45.825","45.210","45.910","45.030","","1.21%"
"11/14/2010","45.275","44.725","45.595","44.585","","1.09%"
"11/07/2010","44.785","43.875","44.885","43.815","","1.96%"
"10/31/2010","43.925","44.295","44.505","43.865","","-0.90%"
"10/24/2010","44.325","44.455","44.645","44.195","","-0.43%"
"10/17/2010","44.515","44.055","44.615","44.015","","1.00%"
"10/10/2010","44.075","44.365","44.790","43.995","","-0.77%"
"10/03/2010","44.415","44.345","44.810","44.075","","0.09%"
"09/26/2010","44.375","45.085","45.310","44.365","","-1.63%"
"09/19/2010","45.110","45.800","45.890","45.110","","-1.62%"
"09/12/2010","45.855","46.235","46.480","45.785","","-0.93%"
"09/05/2010","46.285","46.415","46.930","46.175","","-0.43%"
"08/29/2010","46.485","46.745","47.170","46.395","","-0.69%"
"08/22/2010","46.810","46.575","47.040","46.285","","0.42%"
"08/15/2010","46.615","46.555","46.905","46.185","","-0.02%"
"08/08/2010","46.625","45.905","47.055","45.755","","1.39%"
"08/01/2010","45.985","46.345","46.345","45.735","","-0.91%"
"07/25/2010","46.405","46.845","47.055","46.315","","-1.09%"
"07/18/2010","46.915","46.625","47.435","46.625","","0.41%"
"07/11/2010","46.725","46.575","46.970","46.245","","0.13%"
"07/04/2010","46.665","46.465","47.155","46.315","","0.17%"
"06/27/2010","46.585","46.035","46.815","45.825","","1.11%"
"06/20/2010","46.075","45.965","46.655","45.515","","0.09%"
"06/13/2010","46.035","46.745","46.785","45.925","","-1.58%"
"06/06/2010","46.775","46.855","47.475","46.365","","-0.23%"
"05/30/2010","46.885","46.245","47.295","46.195","","1.21%"
"05/23/2010","46.325","46.975","47.765","46.325","","-1.28%"
"05/16/2010","46.925","45.145","47.355","45.065","","3.64%"
"05/09/2010","45.275","45.405","45.405","44.685","","-0.64%"
"05/02/2010","45.565","44.215","45.750","44.195","","2.91%"
"04/25/2010","44.275","44.305","44.775","44.165","","-0.09%"
"04/18/2010","44.315","44.245","44.765","44.205","","0.09%"
"04/11/2010","44.275","44.175","44.705","44.075","","0.23%"
"04/04/2010","44.175","44.735","44.805","44.165","","-1.32%"
"03/28/2010","44.765","45.065","45.205","44.625","","-0.82%"
"03/21/2010","45.135","45.525","45.725","45.125","","-0.70%"
"03/14/2010","45.455","45.465","45.700","45.235","","-0.02%"
"03/07/2010","45.465","45.465","45.665","45.265","","0.02%"
"02/28/2010","45.455","46.105","46.167","45.455","","-1.41%"
"02/21/2010","46.105","46.135","46.535","45.955","","-0.14%"
"02/14/2010","46.170","46.320","46.510","45.740","","-0.55%"
"02/07/2010","46.425","46.555","46.890","46.185","","-0.47%"
"01/31/2010","46.645","46.175","46.775","45.785","","1.13%"
"01/24/2010","46.125","46.175","46.555","45.865","","-0.22%"